phase,sample_index,season,stem,sar_path,opt_path,steps,max_keypoints,extractor,extractor_policy,extractors,match_preprocess,matcher_strategy,selected_extractor,worker_success,registration_reliable,match_count,inliers,inlier_ratio,rmse,mean_score,difference_mean,dx,dy,reliability_reasons,poor_spatial_coverage,bad_homography_shape,cascade_rescued,matcher_candidates_json,generation_ms,registration_ms,total_ms,error,result_dir,reused
coarse,0,fall,ROIs1970_fall_114_p932,E:\Data\fall\s1_114\ROIs1970_fall_s1_114_p932.png,E:\Data\fall\s2_114\ROIs1970_fall_s2_114_p932.png,8,2048,superpoint,single,superpoint,rgb,single-superpoint-rgb,superpoint,True,False,32,6,0.1875,0.9663,0.205628,40.1832,81.2492,-22.6132,inliers < 8;inlier_ratio < 0.25;bad_homography_shape,False,True,False,"[{""extractor"": ""superpoint"", ""elapsed_ms"": 385.45, ""error"": """", ""match_count"": 32, ""inliers"": 6, ""inlier_ratio"": 0.1875, ""rmse"": 0.9663, ""registration_reliable"": false, ""reliability_reasons"": [""inliers < 8"", ""inlier_ratio < 0.25"", ""bad_homography_shape""], ""poor_spatial_coverage"": false, ""bad_homography_shape"": true}]",1636.13,477.04,2117.86,,C:\Users\86158\Desktop\codxRoot\workspace\diffusion_lightglue_cascade_study_100\runs\coarse\strategy_single-superpoint-rgb_steps_8_keypoints_2048\0000_ROIs1970_fall_114_p932,False
coarse,1,spring,ROIs1158_spring_79_p103,E:\Data\spring\s1_79\ROIs1158_spring_s1_79_p103.png,E:\Data\spring\s2_79\ROIs1158_spring_s2_79_p103.png,8,2048,superpoint,single,superpoint,rgb,single-superpoint-rgb,superpoint,True,False,79,7,0.0886,0.5523,0.256323,93.9662,48.4285,20.6227,inliers < 8;inlier_ratio < 0.25;bad_homography_shape,False,True,False,"[{""extractor"": ""superpoint"", ""elapsed_ms"": 387.59, ""error"": """", ""match_count"": 79, ""inliers"": 7, ""inlier_ratio"": 0.0886, ""rmse"": 0.5523, ""registration_reliable"": false, ""reliability_reasons"": [""inliers < 8"", ""inlier_ratio < 0.25"", ""bad_homography_shape""], ""poor_spatial_coverage"": false, ""bad_homography_shape"": true}]",1642.87,476.65,2125.1,,C:\Users\86158\Desktop\codxRoot\workspace\diffusion_lightglue_cascade_study_100\runs\coarse\strategy_single-superpoint-rgb_steps_8_keypoints_2048\0001_ROIs1158_spring_79_p103,False
coarse,2,summer,summer_img_temperate_p4776,E:\Data\summer\s1_160\summer_img_temperate_p4776.png,E:\Data\summer\s2_160\summer_img_temperate_p4776.png,8,2048,superpoint,single,superpoint,rgb,single-superpoint-rgb,superpoint,True,False,5,4,0.8,0.0,0.191609,45.7091,-2462.431,5179.4736,inliers < 8;bad_homography_shape,False,True,False,"[{""extractor"": ""superpoint"", ""elapsed_ms"": 379.26, ""error"": """", ""match_count"": 5, ""inliers"": 4, ""inlier_ratio"": 0.8, ""rmse"": 0.0, ""registration_reliable"": false, ""reliability_reasons"": [""inliers < 8"", ""bad_homography_shape""], ""poor_spatial_coverage"": false, ""bad_homography_shape"": true}]",1639.52,458.8,2102.98,,C:\Users\86158\Desktop\codxRoot\workspace\diffusion_lightglue_cascade_study_100\runs\coarse\strategy_single-superpoint-rgb_steps_8_keypoints_2048\0002_summer_img_temperate_p4776,False
coarse,3,winter,ROIs2017_winter_97_p18,E:\Data\winter\s1_97\ROIs2017_winter_s1_97_p18.png,E:\Data\winter\s2_97\ROIs2017_winter_s2_97_p18.png,8,2048,superpoint,single,superpoint,rgb,single-superpoint-rgb,superpoint,True,False,82,6,0.0732,0.6391,0.224127,121.3009,120.3422,61.8393,inliers < 8;inlier_ratio < 0.25;bad_homography_shape,False,True,False,"[{""extractor"": ""superpoint"", ""elapsed_ms"": 381.46, ""error"": """", ""match_count"": 82, ""inliers"": 6, ""inlier_ratio"": 0.0732, ""rmse"": 0.6391, ""registration_reliable"": false, ""reliability_reasons"": [""inliers < 8"", ""inlier_ratio < 0.25"", ""bad_homography_shape""], ""poor_spatial_coverage"": false, ""bad_homography_shape"": true}]",1652.26,474.74,2132.67,,C:\Users\86158\Desktop\codxRoot\workspace\diffusion_lightglue_cascade_study_100\runs\coarse\strategy_single-superpoint-rgb_steps_8_keypoints_2048\0003_ROIs2017_winter_97_p18,False
coarse,4,fall,ROIs1970_fall_35_p527,E:\Data\fall\s1_35\ROIs1970_fall_s1_35_p527.png,E:\Data\fall\s2_35\ROIs1970_fall_s2_35_p527.png,8,2048,superpoint,single,superpoint,rgb,single-superpoint-rgb,superpoint,True,False,35,6,0.1714,0.7711,0.183585,100.0736,-463.8004,-184.1456,inliers < 8;inlier_ratio < 0.25,False,False,False,"[{""extractor"": ""superpoint"", ""elapsed_ms"": 386.96, ""error"": """", ""match_count"": 35, ""inliers"": 6, ""inlier_ratio"": 0.1714, ""rmse"": 0.7711, ""registration_reliable"": false, ""reliability_reasons"": [""inliers < 8"", ""inlier_ratio < 0.25""], ""poor_spatial_coverage"": false, ""bad_homography_shape"": false}]",1649.46,475.14,2130.24,,C:\Users\86158\Desktop\codxRoot\workspace\diffusion_lightglue_cascade_study_100\runs\coarse\strategy_single-superpoint-rgb_steps_8_keypoints_2048\0004_ROIs1970_fall_35_p527,False
coarse,5,spring,ROIs1158_spring_63_p750,E:\Data\spring\s1_63\ROIs1158_spring_s1_63_p750.png,E:\Data\spring\s2_63\ROIs1158_spring_s2_63_p750.png,8,2048,superpoint,single,superpoint,rgb,single-superpoint-rgb,superpoint,True,True,331,182,0.5498,1.8842,0.298092,75.403,-3.9565,-2.9334,,False,False,False,"[{""extractor"": ""superpoint"", ""elapsed_ms"": 411.87, ""error"": """", ""match_count"": 331, ""inliers"": 182, ""inlier_ratio"": 0.5498, ""rmse"": 1.8842, ""registration_reliable"": true, ""reliability_reasons"": [], ""poor_spatial_coverage"": false, ""bad_homography_shape"": false}]",1640.56,501.99,2148.23,,C:\Users\86158\Desktop\codxRoot\workspace\diffusion_lightglue_cascade_study_100\runs\coarse\strategy_single-superpoint-rgb_steps_8_keypoints_2048\0005_ROIs1158_spring_63_p750,False
coarse,6,summer,ROIs1868_summer_47_p745,E:\Data\summer\s1_47\ROIs1868_summer_s1_47_p745.png,E:\Data\summer\s2_47\ROIs1868_summer_s2_47_p745.png,8,2048,superpoint,single,superpoint,rgb,single-superpoint-rgb,superpoint,True,True,220,75,0.3409,1.9677,0.269635,85.3633,-2.3387,1.4414,,False,False,False,"[{""extractor"": ""superpoint"", ""elapsed_ms"": 413.7, ""error"": """", ""match_count"": 220, ""inliers"": 75, ""inlier_ratio"": 0.3409, ""rmse"": 1.9677, ""registration_reliable"": true, ""reliability_reasons"": [], ""poor_spatial_coverage"": false, ""bad_homography_shape"": false}]",1622.93,524.56,2153.14,,C:\Users\86158\Desktop\codxRoot\workspace\diffusion_lightglue_cascade_study_100\runs\coarse\strategy_single-superpoint-rgb_steps_8_keypoints_2048\0006_ROIs1868_summer_47_p745,False
coarse,7,winter,ROIs2017_winter_35_p879,E:\Data\winter\s1_35\ROIs2017_winter_s1_35_p879.png,E:\Data\winter\s2_35\ROIs2017_winter_s2_35_p879.png,8,2048,superpoint,single,superpoint,rgb,single-superpoint-rgb,superpoint,True,False,24,5,0.2083,0.4155,0.217338,136.0363,-32.4065,66.8297,inliers < 8;inlier_ratio < 0.25;bad_homography_shape,False,True,False,"[{""extractor"": ""superpoint"", ""elapsed_ms"": 392.99, ""error"": """", ""match_count"": 24, ""inliers"": 5, ""inlier_ratio"": 0.2083, ""rmse"": 0.4155, ""registration_reliable"": false, ""reliability_reasons"": [""inliers < 8"", ""inlier_ratio < 0.25"", ""bad_homography_shape""], ""poor_spatial_coverage"": false, ""bad_homography_shape"": true}]",1649.59,473.52,2129.32,,C:\Users\86158\Desktop\codxRoot\workspace\diffusion_lightglue_cascade_study_100\runs\coarse\strategy_single-superpoint-rgb_steps_8_keypoints_2048\0007_ROIs2017_winter_35_p879,False
coarse,8,fall,ROIs1970_fall_83_p473,E:\Data\fall\s1_83\ROIs1970_fall_s1_83_p473.png,E:\Data\fall\s2_83\ROIs1970_fall_s2_83_p473.png,8,2048,superpoint,single,superpoint,rgb,single-superpoint-rgb,superpoint,True,False,51,5,0.098,0.2217,0.204104,57.438,31.405,27.9338,inliers < 8;inlier_ratio < 0.25,False,False,False,"[{""extractor"": ""superpoint"", ""elapsed_ms"": 392.84, ""error"": """", ""match_count"": 51, ""inliers"": 5, ""inlier_ratio"": 0.098, ""rmse"": 0.2217, ""registration_reliable"": false, ""reliability_reasons"": [""inliers < 8"", ""inlier_ratio < 0.25""], ""poor_spatial_coverage"": false, ""bad_homography_shape"": false}]",1646.14,487.49,2137.41,,C:\Users\86158\Desktop\codxRoot\workspace\diffusion_lightglue_cascade_study_100\runs\coarse\strategy_single-superpoint-rgb_steps_8_keypoints_2048\0008_ROIs1970_fall_83_p473,False
coarse,9,spring,ROIs1158_spring_42_p965,E:\Data\spring\s1_42\ROIs1158_spring_s1_42_p965.png,E:\Data\spring\s2_42\ROIs1158_spring_s2_42_p965.png,8,2048,superpoint,single,superpoint,rgb,single-superpoint-rgb,superpoint,True,False,22,6,0.2727,1.14,0.148862,39.9056,1058.3759,549.5854,inliers < 8;bad_homography_shape,False,True,False,"[{""extractor"": ""superpoint"", ""elapsed_ms"": 388.84, ""error"": """", ""match_count"": 22, ""inliers"": 6, ""inlier_ratio"": 0.2727, ""rmse"": 1.14, ""registration_reliable"": false, ""reliability_reasons"": [""inliers < 8"", ""bad_homography_shape""], ""poor_spatial_coverage"": false, ""bad_homography_shape"": true}]",1642.61,475.73,2123.8,,C:\Users\86158\Desktop\codxRoot\workspace\diffusion_lightglue_cascade_study_100\runs\coarse\strategy_single-superpoint-rgb_steps_8_keypoints_2048\0009_ROIs1158_spring_42_p965,False
coarse,10,summer,ROIs1868_summer_32_p1033,E:\Data\summer\s1_32\ROIs1868_summer_s1_32_p1033.png,E:\Data\summer\s2_32\ROIs1868_summer_s2_32_p1033.png,8,2048,superpoint,single,superpoint,rgb,single-superpoint-rgb,superpoint,True,True,75,19,0.2533,1.737,0.226316,67.5058,-0.4812,-2.5905,,False,False,False,"[{""extractor"": ""superpoint"", ""elapsed_ms"": 406.25, ""error"": """", ""match_count"": 75, ""inliers"": 19, ""inlier_ratio"": 0.2533, ""rmse"": 1.737, ""registration_reliable"": true, ""reliability_reasons"": [], ""poor_spatial_coverage"": false, ""bad_homography_shape"": false}]",1641.55,495.24,2142.01,,C:\Users\86158\Desktop\codxRoot\workspace\diffusion_lightglue_cascade_study_100\runs\coarse\strategy_single-superpoint-rgb_steps_8_keypoints_2048\0010_ROIs1868_summer_32_p1033,False
coarse,11,winter,ROIs2017_winter_63_p843,E:\Data\winter\s1_63\ROIs2017_winter_s1_63_p843.png,E:\Data\winter\s2_63\ROIs2017_winter_s2_63_p843.png,8,2048,superpoint,single,superpoint,rgb,single-superpoint-rgb,superpoint,True,False,98,9,0.0918,1.2895,0.229639,54.2479,49.2398,28.7785,inlier_ratio < 0.25;bad_homography_shape,False,True,False,"[{""extractor"": ""superpoint"", ""elapsed_ms"": 388.39, ""error"": """", ""match_count"": 98, ""inliers"": 9, ""inlier_ratio"": 0.0918, ""rmse"": 1.2895, ""registration_reliable"": false, ""reliability_reasons"": [""inlier_ratio < 0.25"", ""bad_homography_shape""], ""poor_spatial_coverage"": false, ""bad_homography_shape"": true}]",1613.37,485.64,2104.58,,C:\Users\86158\Desktop\codxRoot\workspace\diffusion_lightglue_cascade_study_100\runs\coarse\strategy_single-superpoint-rgb_steps_8_keypoints_2048\0011_ROIs2017_winter_63_p843,False
coarse,12,fall,ROIs1970_fall_29_p33,E:\Data\fall\s1_29\ROIs1970_fall_s1_29_p33.png,E:\Data\fall\s2_29\ROIs1970_fall_s2_29_p33.png,8,2048,superpoint,single,superpoint,rgb,single-superpoint-rgb,superpoint,True,True,294,194,0.6599,1.6655,0.243993,79.3361,0.6645,-0.0567,,False,False,False,"[{""extractor"": ""superpoint"", ""elapsed_ms"": 430.38, ""error"": """", ""match_count"": 294, ""inliers"": 194, ""inlier_ratio"": 0.6599, ""rmse"": 1.6655, ""registration_reliable"": true, ""reliability_reasons"": [], ""poor_spatial_coverage"": false, ""bad_homography_shape"": false}]",1642.27,518.25,2166.11,,C:\Users\86158\Desktop\codxRoot\workspace\diffusion_lightglue_cascade_study_100\runs\coarse\strategy_single-superpoint-rgb_steps_8_keypoints_2048\0012_ROIs1970_fall_29_p33,False
coarse,13,spring,ROIs1158_spring_80_p718,E:\Data\spring\s1_80\ROIs1158_spring_s1_80_p718.png,E:\Data\spring\s2_80\ROIs1158_spring_s2_80_p718.png,8,2048,superpoint,single,superpoint,rgb,single-superpoint-rgb,superpoint,True,False,40,7,0.175,1.5137,0.198333,159.2257,160.6096,-12.698,inliers < 8;inlier_ratio < 0.25,False,False,False,"[{""extractor"": ""superpoint"", ""elapsed_ms"": 395.81, ""error"": """", ""match_count"": 40, ""inliers"": 7, ""inlier_ratio"": 0.175, ""rmse"": 1.5137, ""registration_reliable"": false, ""reliability_reasons"": [""inliers < 8"", ""inlier_ratio < 0.25""], ""poor_spatial_coverage"": false, ""bad_homography_shape"": false}]",1662.44,490.45,2158.36,,C:\Users\86158\Desktop\codxRoot\workspace\diffusion_lightglue_cascade_study_100\runs\coarse\strategy_single-superpoint-rgb_steps_8_keypoints_2048\0013_ROIs1158_spring_80_p718,False
coarse,14,summer,ROIs1868_summer_0_p457,E:\Data\summer\s1_0\ROIs1868_summer_s1_0_p457.png,E:\Data\summer\s2_0\ROIs1868_summer_s2_0_p457.png,8,2048,superpoint,single,superpoint,rgb,single-superpoint-rgb,superpoint,True,False,40,5,0.125,0.3861,0.184899,140.3656,154.4035,91.3317,inliers < 8;inlier_ratio < 0.25,False,False,False,"[{""extractor"": ""superpoint"", ""elapsed_ms"": 383.53, ""error"": """", ""match_count"": 40, ""inliers"": 5, ""inlier_ratio"": 0.125, ""rmse"": 0.3861, ""registration_reliable"": false, ""reliability_reasons"": [""inliers < 8"", ""inlier_ratio < 0.25""], ""poor_spatial_coverage"": false, ""bad_homography_shape"": false}]",1640.05,477.55,2123.79,,C:\Users\86158\Desktop\codxRoot\workspace\diffusion_lightglue_cascade_study_100\runs\coarse\strategy_single-superpoint-rgb_steps_8_keypoints_2048\0014_ROIs1868_summer_0_p457,False
coarse,15,winter,ROIs2017_winter_29_p511,E:\Data\winter\s1_29\ROIs2017_winter_s1_29_p511.png,E:\Data\winter\s2_29\ROIs2017_winter_s2_29_p511.png,8,2048,superpoint,single,superpoint,rgb,single-superpoint-rgb,superpoint,True,False,69,8,0.1159,1.0711,0.191226,79.6382,42.4753,15.6687,inlier_ratio < 0.25,False,False,False,"[{""extractor"": ""superpoint"", ""elapsed_ms"": 382.2, ""error"": """", ""match_count"": 69, ""inliers"": 8, ""inlier_ratio"": 0.1159, ""rmse"": 1.0711, ""registration_reliable"": false, ""reliability_reasons"": [""inlier_ratio < 0.25""], ""poor_spatial_coverage"": false, ""bad_homography_shape"": false}]",1664.45,471.39,2141.22,,C:\Users\86158\Desktop\codxRoot\workspace\diffusion_lightglue_cascade_study_100\runs\coarse\strategy_single-superpoint-rgb_steps_8_keypoints_2048\0015_ROIs2017_winter_29_p511,False
coarse,16,fall,ROIs1970_fall_52_p762,E:\Data\fall\s1_52\ROIs1970_fall_s1_52_p762.png,E:\Data\fall\s2_52\ROIs1970_fall_s2_52_p762.png,8,2048,superpoint,single,superpoint,rgb,single-superpoint-rgb,superpoint,True,False,161,11,0.0683,1.547,0.247008,89.6254,-5.7008,-23.7988,inlier_ratio < 0.25,False,False,False,"[{""extractor"": ""superpoint"", ""elapsed_ms"": 407.65, ""error"": """", ""match_count"": 161, ""inliers"": 11, ""inlier_ratio"": 0.0683, ""rmse"": 1.547, ""registration_reliable"": false, ""reliability_reasons"": [""inlier_ratio < 0.25""], ""poor_spatial_coverage"": false, ""bad_homography_shape"": false}]",1678.41,502.16,2186.2,,C:\Users\86158\Desktop\codxRoot\workspace\diffusion_lightglue_cascade_study_100\runs\coarse\strategy_single-superpoint-rgb_steps_8_keypoints_2048\0016_ROIs1970_fall_52_p762,False
coarse,17,spring,ROIs1158_spring_127_p361,E:\Data\spring\s1_127\ROIs1158_spring_s1_127_p361.png,E:\Data\spring\s2_127\ROIs1158_spring_s2_127_p361.png,8,2048,superpoint,single,superpoint,rgb,single-superpoint-rgb,superpoint,True,False,137,8,0.0584,0.6507,0.246362,72.224,-140.6649,-250.0914,inlier_ratio < 0.25;bad_homography_shape,False,True,False,"[{""extractor"": ""superpoint"", ""elapsed_ms"": 399.67, ""error"": """", ""match_count"": 137, ""inliers"": 8, ""inlier_ratio"": 0.0584, ""rmse"": 0.6507, ""registration_reliable"": false, ""reliability_reasons"": [""inlier_ratio < 0.25"", ""bad_homography_shape""], ""poor_spatial_coverage"": false, ""bad_homography_shape"": true}]",1672.58,494.51,2173.46,,C:\Users\86158\Desktop\codxRoot\workspace\diffusion_lightglue_cascade_study_100\runs\coarse\strategy_single-superpoint-rgb_steps_8_keypoints_2048\0017_ROIs1158_spring_127_p361,False
coarse,18,summer,ROIs1868_summer_120_p533,E:\Data\summer\s1_120\ROIs1868_summer_s1_120_p533.png,E:\Data\summer\s2_120\ROIs1868_summer_s2_120_p533.png,8,2048,superpoint,single,superpoint,rgb,single-superpoint-rgb,superpoint,True,False,67,6,0.0896,0.7497,0.188668,65.2159,376.7203,309.923,inliers < 8;inlier_ratio < 0.25,False,False,False,"[{""extractor"": ""superpoint"", ""elapsed_ms"": 544.32, ""error"": """", ""match_count"": 67, ""inliers"": 6, ""inlier_ratio"": 0.0896, ""rmse"": 0.7497, ""registration_reliable"": false, ""reliability_reasons"": [""inliers < 8"", ""inlier_ratio < 0.25""], ""poor_spatial_coverage"": false, ""bad_homography_shape"": false}]",2443.19,710.62,3162.39,,C:\Users\86158\Desktop\codxRoot\workspace\diffusion_lightglue_cascade_study_100\runs\coarse\strategy_single-superpoint-rgb_steps_8_keypoints_2048\0018_ROIs1868_summer_120_p533,False
coarse,19,winter,winter_img_temperate_p616,E:\Data\winter\s1_171\winter_img_temperate_p616.png,E:\Data\winter\s2_171\winter_img_temperate_p616.png,8,2048,superpoint,single,superpoint,rgb,single-superpoint-rgb,superpoint,True,False,10,5,0.5,0.5365,0.17465,54.8419,-36.0338,7.4033,inliers < 8;bad_homography_shape,False,True,False,"[{""extractor"": ""superpoint"", ""elapsed_ms"": 386.29, ""error"": """", ""match_count"": 10, ""inliers"": 5, ""inlier_ratio"": 0.5, ""rmse"": 0.5365, ""registration_reliable"": false, ""reliability_reasons"": [""inliers < 8"", ""bad_homography_shape""], ""poor_spatial_coverage"": false, ""bad_homography_shape"": true}]",1633.99,474.05,2112.72,,C:\Users\86158\Desktop\codxRoot\workspace\diffusion_lightglue_cascade_study_100\runs\coarse\strategy_single-superpoint-rgb_steps_8_keypoints_2048\0019_winter_img_temperate_p616,False
coarse,20,fall,ROIs1970_fall_32_p908,E:\Data\fall\s1_32\ROIs1970_fall_s1_32_p908.png,E:\Data\fall\s2_32\ROIs1970_fall_s2_32_p908.png,8,2048,superpoint,single,superpoint,rgb,single-superpoint-rgb,superpoint,True,False,31,5,0.1613,0.9302,0.166362,73.1102,194.5292,228.5053,inliers < 8;inlier_ratio < 0.25;bad_homography_shape,False,True,False,"[{""extractor"": ""superpoint"", ""elapsed_ms"": 381.46, ""error"": """", ""match_count"": 31, ""inliers"": 5, ""inlier_ratio"": 0.1613, ""rmse"": 0.9302, ""registration_reliable"": false, ""reliability_reasons"": [""inliers < 8"", ""inlier_ratio < 0.25"", ""bad_homography_shape""], ""poor_spatial_coverage"": false, ""bad_homography_shape"": true}]",1701.63,481.43,2188.67,,C:\Users\86158\Desktop\codxRoot\workspace\diffusion_lightglue_cascade_study_100\runs\coarse\strategy_single-superpoint-rgb_steps_8_keypoints_2048\0020_ROIs1970_fall_32_p908,False
coarse,21,spring,ROIs1158_spring_40_p799,E:\Data\spring\s1_40\ROIs1158_spring_s1_40_p799.png,E:\Data\spring\s2_40\ROIs1158_spring_s2_40_p799.png,8,2048,superpoint,single,superpoint,rgb,single-superpoint-rgb,superpoint,True,True,52,15,0.2885,1.6941,0.22625,58.0492,-6.399,-17.7812,,False,False,False,"[{""extractor"": ""superpoint"", ""elapsed_ms"": 412.64, ""error"": """", ""match_count"": 52, ""inliers"": 15, ""inlier_ratio"": 0.2885, ""rmse"": 1.6941, ""registration_reliable"": true, ""reliability_reasons"": [], ""poor_spatial_coverage"": false, ""bad_homography_shape"": false}]",1641.35,507.29,2154.37,,C:\Users\86158\Desktop\codxRoot\workspace\diffusion_lightglue_cascade_study_100\runs\coarse\strategy_single-superpoint-rgb_steps_8_keypoints_2048\0021_ROIs1158_spring_40_p799,False
coarse,22,summer,ROIs1868_summer_18_p368,E:\Data\summer\s1_18\ROIs1868_summer_s1_18_p368.png,E:\Data\summer\s2_18\ROIs1868_summer_s2_18_p368.png,8,2048,superpoint,single,superpoint,rgb,single-superpoint-rgb,superpoint,True,False,113,17,0.1504,1.7891,0.224378,81.1777,9.2257,24.6019,inlier_ratio < 0.25,False,False,False,"[{""extractor"": ""superpoint"", ""elapsed_ms"": 404.92, ""error"": """", ""match_count"": 113, ""inliers"": 17, ""inlier_ratio"": 0.1504, ""rmse"": 1.7891, ""registration_reliable"": false, ""reliability_reasons"": [""inlier_ratio < 0.25""], ""poor_spatial_coverage"": false, ""bad_homography_shape"": false}]",1650.3,508.31,2164.42,,C:\Users\86158\Desktop\codxRoot\workspace\diffusion_lightglue_cascade_study_100\runs\coarse\strategy_single-superpoint-rgb_steps_8_keypoints_2048\0022_ROIs1868_summer_18_p368,False
coarse,23,winter,ROIs2017_winter_16_p63,E:\Data\winter\s1_16\ROIs2017_winter_s1_16_p63.png,E:\Data\winter\s2_16\ROIs2017_winter_s2_16_p63.png,8,2048,superpoint,single,superpoint,rgb,single-superpoint-rgb,superpoint,True,True,118,35,0.2966,1.9085,0.254895,77.2729,1.2431,-2.5256,,False,False,False,"[{""extractor"": ""superpoint"", ""elapsed_ms"": 413.15, ""error"": """", ""match_count"": 118, ""inliers"": 35, ""inlier_ratio"": 0.2966, ""rmse"": 1.9085, ""registration_reliable"": true, ""reliability_reasons"": [], ""poor_spatial_coverage"": false, ""bad_homography_shape"": false}]",1664.2,505.87,2175.75,,C:\Users\86158\Desktop\codxRoot\workspace\diffusion_lightglue_cascade_study_100\runs\coarse\strategy_single-superpoint-rgb_steps_8_keypoints_2048\0023_ROIs2017_winter_16_p63,False
coarse,24,fall,ROIs1970_fall_102_p1432,E:\Data\fall\s1_102\ROIs1970_fall_s1_102_p1432.png,E:\Data\fall\s2_102\ROIs1970_fall_s2_102_p1432.png,8,2048,superpoint,single,superpoint,rgb,single-superpoint-rgb,superpoint,True,False,53,6,0.1132,0.9688,0.199127,66.3554,24.3073,213.2,inliers < 8;inlier_ratio < 0.25;bad_homography_shape,False,True,False,"[{""extractor"": ""superpoint"", ""elapsed_ms"": 383.04, ""error"": """", ""match_count"": 53, ""inliers"": 6, ""inlier_ratio"": 0.1132, ""rmse"": 0.9688, ""registration_reliable"": false, ""reliability_reasons"": [""inliers < 8"", ""inlier_ratio < 0.25"", ""bad_homography_shape""], ""poor_spatial_coverage"": false, ""bad_homography_shape"": true}]",1634.79,476.87,2117.3,,C:\Users\86158\Desktop\codxRoot\workspace\diffusion_lightglue_cascade_study_100\runs\coarse\strategy_single-superpoint-rgb_steps_8_keypoints_2048\0024_ROIs1970_fall_102_p1432,False
coarse,25,spring,ROIs1158_spring_5_p429,E:\Data\spring\s1_5\ROIs1158_spring_s1_5_p429.png,E:\Data\spring\s2_5\ROIs1158_spring_s2_5_p429.png,8,2048,superpoint,single,superpoint,rgb,single-superpoint-rgb,superpoint,True,True,78,21,0.2692,1.7624,0.235744,68.1971,10.1051,-13.4898,,False,False,False,"[{""extractor"": ""superpoint"", ""elapsed_ms"": 407.45, ""error"": """", ""match_count"": 78, ""inliers"": 21, ""inlier_ratio"": 0.2692, ""rmse"": 1.7624, ""registration_reliable"": true, ""reliability_reasons"": [], ""poor_spatial_coverage"": false, ""bad_homography_shape"": false}]",1677.68,502.16,2185.89,,C:\Users\86158\Desktop\codxRoot\workspace\diffusion_lightglue_cascade_study_100\runs\coarse\strategy_single-superpoint-rgb_steps_8_keypoints_2048\0025_ROIs1158_spring_5_p429,False
coarse,26,summer,ROIs1868_summer_41_p1071,E:\Data\summer\s1_41\ROIs1868_summer_s1_41_p1071.png,E:\Data\summer\s2_41\ROIs1868_summer_s2_41_p1071.png,8,2048,superpoint,single,superpoint,rgb,single-superpoint-rgb,superpoint,True,True,266,172,0.6466,1.8371,0.240865,94.3265,-1.6311,-1.2712,,False,False,False,"[{""extractor"": ""superpoint"", ""elapsed_ms"": 418.69, ""error"": """", ""match_count"": 266, ""inliers"": 172, ""inlier_ratio"": 0.6466, ""rmse"": 1.8371, ""registration_reliable"": true, ""reliability_reasons"": [], ""poor_spatial_coverage"": false, ""bad_homography_shape"": false}]",1624.17,520.81,2150.27,,C:\Users\86158\Desktop\codxRoot\workspace\diffusion_lightglue_cascade_study_100\runs\coarse\strategy_single-superpoint-rgb_steps_8_keypoints_2048\0026_ROIs1868_summer_41_p1071,False
coarse,27,winter,ROIs2017_winter_51_p391,E:\Data\winter\s1_51\ROIs2017_winter_s1_51_p391.png,E:\Data\winter\s2_51\ROIs2017_winter_s2_51_p391.png,8,2048,superpoint,single,superpoint,rgb,single-superpoint-rgb,superpoint,True,True,71,44,0.6197,1.9126,0.253653,109.9385,25.4377,57.1186,,False,False,False,"[{""extractor"": ""superpoint"", ""elapsed_ms"": 434.02, ""error"": """", ""match_count"": 71, ""inliers"": 44, ""inlier_ratio"": 0.6197, ""rmse"": 1.9126, ""registration_reliable"": true, ""reliability_reasons"": [], ""poor_spatial_coverage"": false, ""bad_homography_shape"": false}]",1632.5,529.14,2167.28,,C:\Users\86158\Desktop\codxRoot\workspace\diffusion_lightglue_cascade_study_100\runs\coarse\strategy_single-superpoint-rgb_steps_8_keypoints_2048\0027_ROIs2017_winter_51_p391,False
coarse,28,fall,ROIs1970_fall_143_p169,E:\Data\fall\s1_143\ROIs1970_fall_s1_143_p169.png,E:\Data\fall\s2_143\ROIs1970_fall_s2_143_p169.png,8,2048,superpoint,single,superpoint,rgb,single-superpoint-rgb,superpoint,True,False,48,6,0.125,0.9892,0.219956,116.5447,-134.0278,66.3752,inliers < 8;inlier_ratio < 0.25,False,False,False,"[{""extractor"": ""superpoint"", ""elapsed_ms"": 383.38, ""error"": """", ""match_count"": 48, ""inliers"": 6, ""inlier_ratio"": 0.125, ""rmse"": 0.9892, ""registration_reliable"": false, ""reliability_reasons"": [""inliers < 8"", ""inlier_ratio < 0.25""], ""poor_spatial_coverage"": false, ""bad_homography_shape"": false}]",1629.67,481.6,2116.75,,C:\Users\86158\Desktop\codxRoot\workspace\diffusion_lightglue_cascade_study_100\runs\coarse\strategy_single-superpoint-rgb_steps_8_keypoints_2048\0028_ROIs1970_fall_143_p169,False
coarse,29,spring,ROIs1158_spring_47_p850,E:\Data\spring\s1_47\ROIs1158_spring_s1_47_p850.png,E:\Data\spring\s2_47\ROIs1158_spring_s2_47_p850.png,8,2048,superpoint,single,superpoint,rgb,single-superpoint-rgb,superpoint,True,True,64,18,0.2812,1.6874,0.231155,64.3112,30.6598,13.1953,,False,False,False,"[{""extractor"": ""superpoint"", ""elapsed_ms"": 415.48, ""error"": """", ""match_count"": 64, ""inliers"": 18, ""inlier_ratio"": 0.2812, ""rmse"": 1.6874, ""registration_reliable"": true, ""reliability_reasons"": [], ""poor_spatial_coverage"": false, ""bad_homography_shape"": false}]",1633.81,504.86,2144.96,,C:\Users\86158\Desktop\codxRoot\workspace\diffusion_lightglue_cascade_study_100\runs\coarse\strategy_single-superpoint-rgb_steps_8_keypoints_2048\0029_ROIs1158_spring_47_p850,False
coarse,30,summer,ROIs1868_summer_128_p934,E:\Data\summer\s1_128\ROIs1868_summer_s1_128_p934.png,E:\Data\summer\s2_128\ROIs1868_summer_s2_128_p934.png,8,2048,superpoint,single,superpoint,rgb,single-superpoint-rgb,superpoint,True,False,30,6,0.2,0.8877,0.182927,104.4205,20.7138,66.6958,inliers < 8;inlier_ratio < 0.25;bad_homography_shape,False,True,False,"[{""extractor"": ""superpoint"", ""elapsed_ms"": 378.61, ""error"": """", ""match_count"": 30, ""inliers"": 6, ""inlier_ratio"": 0.2, ""rmse"": 0.8877, ""registration_reliable"": false, ""reliability_reasons"": [""inliers < 8"", ""inlier_ratio < 0.25"", ""bad_homography_shape""], ""poor_spatial_coverage"": false, ""bad_homography_shape"": true}]",1643.36,473.19,2122.22,,C:\Users\86158\Desktop\codxRoot\workspace\diffusion_lightglue_cascade_study_100\runs\coarse\strategy_single-superpoint-rgb_steps_8_keypoints_2048\0030_ROIs1868_summer_128_p934,False
coarse,31,winter,ROIs2017_winter_112_p60,E:\Data\winter\s1_112\ROIs2017_winter_s1_112_p60.png,E:\Data\winter\s2_112\ROIs2017_winter_s2_112_p60.png,8,2048,superpoint,single,superpoint,rgb,single-superpoint-rgb,superpoint,True,False,14,5,0.3571,0.2031,0.210417,57.4884,826.4253,-337.9118,inliers < 8;bad_homography_shape,False,True,False,"[{""extractor"": ""superpoint"", ""elapsed_ms"": 387.12, ""error"": """", ""match_count"": 14, ""inliers"": 5, ""inlier_ratio"": 0.3571, ""rmse"": 0.2031, ""registration_reliable"": false, ""reliability_reasons"": [""inliers < 8"", ""bad_homography_shape""], ""poor_spatial_coverage"": false, ""bad_homography_shape"": true}]",1636.52,478.89,2121.12,,C:\Users\86158\Desktop\codxRoot\workspace\diffusion_lightglue_cascade_study_100\runs\coarse\strategy_single-superpoint-rgb_steps_8_keypoints_2048\0031_ROIs2017_winter_112_p60,False
coarse,32,fall,ROIs1970_fall_29_p868,E:\Data\fall\s1_29\ROIs1970_fall_s1_29_p868.png,E:\Data\fall\s2_29\ROIs1970_fall_s2_29_p868.png,8,2048,superpoint,single,superpoint,rgb,single-superpoint-rgb,superpoint,True,True,59,20,0.339,1.6175,0.294102,66.9399,28.5714,26.1435,,False,False,False,"[{""extractor"": ""superpoint"", ""elapsed_ms"": 411.63, ""error"": """", ""match_count"": 59, ""inliers"": 20, ""inlier_ratio"": 0.339, ""rmse"": 1.6175, ""registration_reliable"": true, ""reliability_reasons"": [], ""poor_spatial_coverage"": false, ""bad_homography_shape"": false}]",1647.41,504.95,2158.86,,C:\Users\86158\Desktop\codxRoot\workspace\diffusion_lightglue_cascade_study_100\runs\coarse\strategy_single-superpoint-rgb_steps_8_keypoints_2048\0032_ROIs1970_fall_29_p868,False
coarse,33,spring,ROIs1158_spring_137_p652,E:\Data\spring\s1_137\ROIs1158_spring_s1_137_p652.png,E:\Data\spring\s2_137\ROIs1158_spring_s2_137_p652.png,8,2048,superpoint,single,superpoint,rgb,single-superpoint-rgb,superpoint,True,False,141,9,0.0638,0.972,0.218689,57.3221,-1368.9003,-623.5312,inlier_ratio < 0.25;bad_homography_shape,False,True,False,"[{""extractor"": ""superpoint"", ""elapsed_ms"": 403.87, ""error"": """", ""match_count"": 141, ""inliers"": 9, ""inlier_ratio"": 0.0638, ""rmse"": 0.972, ""registration_reliable"": false, ""reliability_reasons"": [""inlier_ratio < 0.25"", ""bad_homography_shape""], ""poor_spatial_coverage"": false, ""bad_homography_shape"": true}]",1638.39,505.68,2149.85,,C:\Users\86158\Desktop\codxRoot\workspace\diffusion_lightglue_cascade_study_100\runs\coarse\strategy_single-superpoint-rgb_steps_8_keypoints_2048\0033_ROIs1158_spring_137_p652,False
coarse,34,summer,ROIs1868_summer_32_p922,E:\Data\summer\s1_32\ROIs1868_summer_s1_32_p922.png,E:\Data\summer\s2_32\ROIs1868_summer_s2_32_p922.png,8,2048,superpoint,single,superpoint,rgb,single-superpoint-rgb,superpoint,True,False,72,6,0.0833,0.8539,0.189379,51.3495,-133.5512,-81.34,inliers < 8;inlier_ratio < 0.25,False,False,False,"[{""extractor"": ""superpoint"", ""elapsed_ms"": 398.04, ""error"": """", ""match_count"": 72, ""inliers"": 6, ""inlier_ratio"": 0.0833, ""rmse"": 0.8539, ""registration_reliable"": false, ""reliability_reasons"": [""inliers < 8"", ""inlier_ratio < 0.25""], ""poor_spatial_coverage"": false, ""bad_homography_shape"": false}]",1666.69,496.61,2168.64,,C:\Users\86158\Desktop\codxRoot\workspace\diffusion_lightglue_cascade_study_100\runs\coarse\strategy_single-superpoint-rgb_steps_8_keypoints_2048\0034_ROIs1868_summer_32_p922,False
coarse,35,winter,ROIs2017_winter_19_p550,E:\Data\winter\s1_19\ROIs2017_winter_s1_19_p550.png,E:\Data\winter\s2_19\ROIs2017_winter_s2_19_p550.png,8,2048,superpoint,single,superpoint,rgb,single-superpoint-rgb,superpoint,True,False,84,9,0.1071,1.8017,0.21201,39.893,23.925,0.2803,inlier_ratio < 0.25;bad_homography_shape,False,True,False,"[{""extractor"": ""superpoint"", ""elapsed_ms"": 395.16, ""error"": """", ""match_count"": 84, ""inliers"": 9, ""inlier_ratio"": 0.1071, ""rmse"": 1.8017, ""registration_reliable"": false, ""reliability_reasons"": [""inlier_ratio < 0.25"", ""bad_homography_shape""], ""poor_spatial_coverage"": false, ""bad_homography_shape"": true}]",1637.13,483.96,2126.2,,C:\Users\86158\Desktop\codxRoot\workspace\diffusion_lightglue_cascade_study_100\runs\coarse\strategy_single-superpoint-rgb_steps_8_keypoints_2048\0035_ROIs2017_winter_19_p550,False
coarse,36,fall,ROIs1970_fall_143_p1286,E:\Data\fall\s1_143\ROIs1970_fall_s1_143_p1286.png,E:\Data\fall\s2_143\ROIs1970_fall_s2_143_p1286.png,8,2048,superpoint,single,superpoint,rgb,single-superpoint-rgb,superpoint,True,False,21,8,0.381,0.8082,0.187111,62.293,36.9453,-2.3299,bad_homography_shape,False,True,False,"[{""extractor"": ""superpoint"", ""elapsed_ms"": 409.55, ""error"": """", ""match_count"": 21, ""inliers"": 8, ""inlier_ratio"": 0.381, ""rmse"": 0.8082, ""registration_reliable"": false, ""reliability_reasons"": [""bad_homography_shape""], ""poor_spatial_coverage"": false, ""bad_homography_shape"": true}]",1638.04,501.29,2145.55,,C:\Users\86158\Desktop\codxRoot\workspace\diffusion_lightglue_cascade_study_100\runs\coarse\strategy_single-superpoint-rgb_steps_8_keypoints_2048\0036_ROIs1970_fall_143_p1286,False
coarse,37,spring,ROIs1158_spring_27_p756,E:\Data\spring\s1_27\ROIs1158_spring_s1_27_p756.png,E:\Data\spring\s2_27\ROIs1158_spring_s2_27_p756.png,8,2048,superpoint,single,superpoint,rgb,single-superpoint-rgb,superpoint,True,True,279,114,0.4086,1.8366,0.330666,81.8032,1.8324,3.2841,,False,False,False,"[{""extractor"": ""superpoint"", ""elapsed_ms"": 419.09, ""error"": """", ""match_count"": 279, ""inliers"": 114, ""inlier_ratio"": 0.4086, ""rmse"": 1.8366, ""registration_reliable"": true, ""reliability_reasons"": [], ""poor_spatial_coverage"": false, ""bad_homography_shape"": false}]",1642.71,508.0,2156.37,,C:\Users\86158\Desktop\codxRoot\workspace\diffusion_lightglue_cascade_study_100\runs\coarse\strategy_single-superpoint-rgb_steps_8_keypoints_2048\0037_ROIs1158_spring_27_p756,False
coarse,38,summer,ROIs1868_summer_20_p1016,E:\Data\summer\s1_20\ROIs1868_summer_s1_20_p1016.png,E:\Data\summer\s2_20\ROIs1868_summer_s2_20_p1016.png,8,2048,superpoint,single,superpoint,rgb,single-superpoint-rgb,superpoint,True,False,40,5,0.125,0.2046,0.200835,52.1941,13.8147,130.5158,inliers < 8;inlier_ratio < 0.25,False,False,False,"[{""extractor"": ""superpoint"", ""elapsed_ms"": 385.85, ""error"": """", ""match_count"": 40, ""inliers"": 5, ""inlier_ratio"": 0.125, ""rmse"": 0.2046, ""registration_reliable"": false, ""reliability_reasons"": [""inliers < 8"", ""inlier_ratio < 0.25""], ""poor_spatial_coverage"": false, ""bad_homography_shape"": false}]",1670.61,476.91,2153.27,,C:\Users\86158\Desktop\codxRoot\workspace\diffusion_lightglue_cascade_study_100\runs\coarse\strategy_single-superpoint-rgb_steps_8_keypoints_2048\0038_ROIs1868_summer_20_p1016,False
coarse,39,winter,ROIs2017_winter_33_p1737,E:\Data\winter\s1_33\ROIs2017_winter_s1_33_p1737.png,E:\Data\winter\s2_33\ROIs2017_winter_s2_33_p1737.png,8,2048,superpoint,single,superpoint,rgb,single-superpoint-rgb,superpoint,True,True,133,40,0.3008,1.7576,0.232163,140.2283,-7.1852,-11.1356,,False,False,False,"[{""extractor"": ""superpoint"", ""elapsed_ms"": 406.65, ""error"": """", ""match_count"": 133, ""inliers"": 40, ""inlier_ratio"": 0.3008, ""rmse"": 1.7576, ""registration_reliable"": true, ""reliability_reasons"": [], ""poor_spatial_coverage"": false, ""bad_homography_shape"": false}]",1649.95,497.66,2153.27,,C:\Users\86158\Desktop\codxRoot\workspace\diffusion_lightglue_cascade_study_100\runs\coarse\strategy_single-superpoint-rgb_steps_8_keypoints_2048\0039_ROIs2017_winter_33_p1737,False
coarse,40,fall,ROIs1970_fall_37_p971,E:\Data\fall\s1_37\ROIs1970_fall_s1_37_p971.png,E:\Data\fall\s2_37\ROIs1970_fall_s2_37_p971.png,8,2048,superpoint,single,superpoint,rgb,single-superpoint-rgb,superpoint,True,True,185,67,0.3622,1.9428,0.250365,92.9777,-5.8516,-5.34,,False,False,False,"[{""extractor"": ""superpoint"", ""elapsed_ms"": 410.55, ""error"": """", ""match_count"": 185, ""inliers"": 67, ""inlier_ratio"": 0.3622, ""rmse"": 1.9428, ""registration_reliable"": true, ""reliability_reasons"": [], ""poor_spatial_coverage"": false, ""bad_homography_shape"": false}]",1621.75,499.85,2127.03,,C:\Users\86158\Desktop\codxRoot\workspace\diffusion_lightglue_cascade_study_100\runs\coarse\strategy_single-superpoint-rgb_steps_8_keypoints_2048\0040_ROIs1970_fall_37_p971,False
coarse,41,spring,ROIs1158_spring_78_p520,E:\Data\spring\s1_78\ROIs1158_spring_s1_78_p520.png,E:\Data\spring\s2_78\ROIs1158_spring_s2_78_p520.png,8,2048,superpoint,single,superpoint,rgb,single-superpoint-rgb,superpoint,True,False,43,7,0.1628,0.5349,0.206507,59.6962,1.5876,7.9884,inliers < 8;inlier_ratio < 0.25,False,False,False,"[{""extractor"": ""superpoint"", ""elapsed_ms"": 395.89, ""error"": """", ""match_count"": 43, ""inliers"": 7, ""inlier_ratio"": 0.1628, ""rmse"": 0.5349, ""registration_reliable"": false, ""reliability_reasons"": [""inliers < 8"", ""inlier_ratio < 0.25""], ""poor_spatial_coverage"": false, ""bad_homography_shape"": false}]",1632.97,482.56,2121.85,,C:\Users\86158\Desktop\codxRoot\workspace\diffusion_lightglue_cascade_study_100\runs\coarse\strategy_single-superpoint-rgb_steps_8_keypoints_2048\0041_ROIs1158_spring_78_p520,False
coarse,42,summer,ROIs1868_summer_136_p1003,E:\Data\summer\s1_136\ROIs1868_summer_s1_136_p1003.png,E:\Data\summer\s2_136\ROIs1868_summer_s2_136_p1003.png,8,2048,superpoint,single,superpoint,rgb,single-superpoint-rgb,superpoint,True,False,41,14,0.3415,1.5803,0.18513,78.0222,39.0846,25.0114,bad_homography_shape,False,True,False,"[{""extractor"": ""superpoint"", ""elapsed_ms"": 403.36, ""error"": """", ""match_count"": 41, ""inliers"": 14, ""inlier_ratio"": 0.3415, ""rmse"": 1.5803, ""registration_reliable"": false, ""reliability_reasons"": [""bad_homography_shape""], ""poor_spatial_coverage"": false, ""bad_homography_shape"": true}]",1638.59,489.98,2134.01,,C:\Users\86158\Desktop\codxRoot\workspace\diffusion_lightglue_cascade_study_100\runs\coarse\strategy_single-superpoint-rgb_steps_8_keypoints_2048\0042_ROIs1868_summer_136_p1003,False
coarse,43,winter,ROIs2017_winter_117_p23,E:\Data\winter\s1_117\ROIs2017_winter_s1_117_p23.png,E:\Data\winter\s2_117\ROIs2017_winter_s2_117_p23.png,8,2048,superpoint,single,superpoint,rgb,single-superpoint-rgb,superpoint,True,True,501,349,0.6966,1.7783,0.280476,54.3093,0.9912,2.1177,,False,False,False,"[{""extractor"": ""superpoint"", ""elapsed_ms"": 425.97, ""error"": """", ""match_count"": 501, ""inliers"": 349, ""inlier_ratio"": 0.6966, ""rmse"": 1.7783, ""registration_reliable"": true, ""reliability_reasons"": [], ""poor_spatial_coverage"": false, ""bad_homography_shape"": false}]",1632.57,518.35,2157.25,,C:\Users\86158\Desktop\codxRoot\workspace\diffusion_lightglue_cascade_study_100\runs\coarse\strategy_single-superpoint-rgb_steps_8_keypoints_2048\0043_ROIs2017_winter_117_p23,False
coarse,44,fall,ROIs1970_fall_114_p580,E:\Data\fall\s1_114\ROIs1970_fall_s1_114_p580.png,E:\Data\fall\s2_114\ROIs1970_fall_s2_114_p580.png,8,2048,superpoint,single,superpoint,rgb,single-superpoint-rgb,superpoint,True,True,360,227,0.6306,1.8621,0.232548,49.0449,-1.1784,-1.6167,,False,False,False,"[{""extractor"": ""superpoint"", ""elapsed_ms"": 414.03, ""error"": """", ""match_count"": 360, ""inliers"": 227, ""inlier_ratio"": 0.6306, ""rmse"": 1.8621, ""registration_reliable"": true, ""reliability_reasons"": [], ""poor_spatial_coverage"": false, ""bad_homography_shape"": false}]",1630.6,503.09,2139.69,,C:\Users\86158\Desktop\codxRoot\workspace\diffusion_lightglue_cascade_study_100\runs\coarse\strategy_single-superpoint-rgb_steps_8_keypoints_2048\0044_ROIs1970_fall_114_p580,False
coarse,45,spring,ROIs1158_spring_115_p718,E:\Data\spring\s1_115\ROIs1158_spring_s1_115_p718.png,E:\Data\spring\s2_115\ROIs1158_spring_s2_115_p718.png,8,2048,superpoint,single,superpoint,rgb,single-superpoint-rgb,superpoint,True,False,183,18,0.0984,1.6912,0.268912,61.4536,48.3505,-5.8605,inlier_ratio < 0.25,False,False,False,"[{""extractor"": ""superpoint"", ""elapsed_ms"": 396.95, ""error"": """", ""match_count"": 183, ""inliers"": 18, ""inlier_ratio"": 0.0984, ""rmse"": 1.6912, ""registration_reliable"": false, ""reliability_reasons"": [""inlier_ratio < 0.25""], ""poor_spatial_coverage"": false, ""bad_homography_shape"": false}]",1651.83,492.3,2149.66,,C:\Users\86158\Desktop\codxRoot\workspace\diffusion_lightglue_cascade_study_100\runs\coarse\strategy_single-superpoint-rgb_steps_8_keypoints_2048\0045_ROIs1158_spring_115_p718,False
coarse,46,summer,ROIs1868_summer_142_p561,E:\Data\summer\s1_142\ROIs1868_summer_s1_142_p561.png,E:\Data\summer\s2_142\ROIs1868_summer_s2_142_p561.png,8,2048,superpoint,single,superpoint,rgb,single-superpoint-rgb,superpoint,True,True,329,205,0.6231,1.7869,0.359537,62.8671,0.9702,-0.3098,,False,False,False,"[{""extractor"": ""superpoint"", ""elapsed_ms"": 419.9, ""error"": """", ""match_count"": 329, ""inliers"": 205, ""inlier_ratio"": 0.6231, ""rmse"": 1.7869, ""registration_reliable"": true, ""reliability_reasons"": [], ""poor_spatial_coverage"": false, ""bad_homography_shape"": false}]",1650.58,511.21,2167.54,,C:\Users\86158\Desktop\codxRoot\workspace\diffusion_lightglue_cascade_study_100\runs\coarse\strategy_single-superpoint-rgb_steps_8_keypoints_2048\0046_ROIs1868_summer_142_p561,False
coarse,47,winter,ROIs2017_winter_107_p328,E:\Data\winter\s1_107\ROIs2017_winter_s1_107_p328.png,E:\Data\winter\s2_107\ROIs2017_winter_s2_107_p328.png,8,2048,superpoint,single,superpoint,rgb,single-superpoint-rgb,superpoint,True,True,203,77,0.3793,1.9328,0.320104,92.7667,-0.5099,-1.2476,,False,False,False,"[{""extractor"": ""superpoint"", ""elapsed_ms"": 415.32, ""error"": """", ""match_count"": 203, ""inliers"": 77, ""inlier_ratio"": 0.3793, ""rmse"": 1.9328, ""registration_reliable"": true, ""reliability_reasons"": [], ""poor_spatial_coverage"": false, ""bad_homography_shape"": false}]",1653.99,507.54,2167.37,,C:\Users\86158\Desktop\codxRoot\workspace\diffusion_lightglue_cascade_study_100\runs\coarse\strategy_single-superpoint-rgb_steps_8_keypoints_2048\0047_ROIs2017_winter_107_p328,False
coarse,48,fall,ROIs1970_fall_38_p321,E:\Data\fall\s1_38\ROIs1970_fall_s1_38_p321.png,E:\Data\fall\s2_38\ROIs1970_fall_s2_38_p321.png,8,2048,superpoint,single,superpoint,rgb,single-superpoint-rgb,superpoint,True,True,165,80,0.4848,1.8127,0.309264,133.3076,0.5859,1.0808,,False,False,False,"[{""extractor"": ""superpoint"", ""elapsed_ms"": 425.39, ""error"": """", ""match_count"": 165, ""inliers"": 80, ""inlier_ratio"": 0.4848, ""rmse"": 1.8127, ""registration_reliable"": true, ""reliability_reasons"": [], ""poor_spatial_coverage"": false, ""bad_homography_shape"": false}]",1666.07,521.07,2193.49,,C:\Users\86158\Desktop\codxRoot\workspace\diffusion_lightglue_cascade_study_100\runs\coarse\strategy_single-superpoint-rgb_steps_8_keypoints_2048\0048_ROIs1970_fall_38_p321,False
coarse,49,spring,ROIs1158_spring_111_p210,E:\Data\spring\s1_111\ROIs1158_spring_s1_111_p210.png,E:\Data\spring\s2_111\ROIs1158_spring_s2_111_p210.png,8,2048,superpoint,single,superpoint,rgb,single-superpoint-rgb,superpoint,True,True,97,25,0.2577,1.8779,0.259589,59.0706,-2.218,-17.2928,,False,False,False,"[{""extractor"": ""superpoint"", ""elapsed_ms"": 407.2, ""error"": """", ""match_count"": 97, ""inliers"": 25, ""inlier_ratio"": 0.2577, ""rmse"": 1.8779, ""registration_reliable"": true, ""reliability_reasons"": [], ""poor_spatial_coverage"": false, ""bad_homography_shape"": false}]",1656.13,501.29,2162.72,,C:\Users\86158\Desktop\codxRoot\workspace\diffusion_lightglue_cascade_study_100\runs\coarse\strategy_single-superpoint-rgb_steps_8_keypoints_2048\0049_ROIs1158_spring_111_p210,False
coarse,50,summer,ROIs1868_summer_49_p21,E:\Data\summer\s1_49\ROIs1868_summer_s1_49_p21.png,E:\Data\summer\s2_49\ROIs1868_summer_s2_49_p21.png,8,2048,superpoint,single,superpoint,rgb,single-superpoint-rgb,superpoint,True,False,21,8,0.381,0.9325,0.240576,45.8505,124.0849,-10.8944,poor_spatial_coverage,True,False,False,"[{""extractor"": ""superpoint"", ""elapsed_ms"": 415.56, ""error"": """", ""match_count"": 21, ""inliers"": 8, ""inlier_ratio"": 0.381, ""rmse"": 0.9325, ""registration_reliable"": false, ""reliability_reasons"": [""poor_spatial_coverage""], ""poor_spatial_coverage"": true, ""bad_homography_shape"": false}]",1651.58,504.31,2162.08,,C:\Users\86158\Desktop\codxRoot\workspace\diffusion_lightglue_cascade_study_100\runs\coarse\strategy_single-superpoint-rgb_steps_8_keypoints_2048\0050_ROIs1868_summer_49_p21,False
coarse,51,winter,ROIs2017_winter_36_p235,E:\Data\winter\s1_36\ROIs2017_winter_s1_36_p235.png,E:\Data\winter\s2_36\ROIs2017_winter_s2_36_p235.png,8,2048,superpoint,single,superpoint,rgb,single-superpoint-rgb,superpoint,True,False,11,10,0.9091,1.3895,0.235023,73.8505,97.3053,133.666,bad_homography_shape,False,True,False,"[{""extractor"": ""superpoint"", ""elapsed_ms"": 402.03, ""error"": """", ""match_count"": 11, ""inliers"": 10, ""inlier_ratio"": 0.9091, ""rmse"": 1.3895, ""registration_reliable"": false, ""reliability_reasons"": [""bad_homography_shape""], ""poor_spatial_coverage"": false, ""bad_homography_shape"": true}]",1644.58,493.11,2144.52,,C:\Users\86158\Desktop\codxRoot\workspace\diffusion_lightglue_cascade_study_100\runs\coarse\strategy_single-superpoint-rgb_steps_8_keypoints_2048\0051_ROIs2017_winter_36_p235,False
coarse,52,fall,ROIs1970_fall_35_p888,E:\Data\fall\s1_35\ROIs1970_fall_s1_35_p888.png,E:\Data\fall\s2_35\ROIs1970_fall_s2_35_p888.png,8,2048,superpoint,single,superpoint,rgb,single-superpoint-rgb,superpoint,True,False,7,6,0.8571,0.1525,0.146411,76.9516,35.7774,56.6916,inliers < 8,False,False,False,"[{""extractor"": ""superpoint"", ""elapsed_ms"": 416.11, ""error"": """", ""match_count"": 7, ""inliers"": 6, ""inlier_ratio"": 0.8571, ""rmse"": 0.1525, ""registration_reliable"": false, ""reliability_reasons"": [""inliers < 8""], ""poor_spatial_coverage"": false, ""bad_homography_shape"": false}]",1666.0,501.53,2173.68,,C:\Users\86158\Desktop\codxRoot\workspace\diffusion_lightglue_cascade_study_100\runs\coarse\strategy_single-superpoint-rgb_steps_8_keypoints_2048\0052_ROIs1970_fall_35_p888,False
coarse,53,spring,ROIs1158_spring_42_p829,E:\Data\spring\s1_42\ROIs1158_spring_s1_42_p829.png,E:\Data\spring\s2_42\ROIs1158_spring_s2_42_p829.png,8,2048,superpoint,single,superpoint,rgb,single-superpoint-rgb,superpoint,True,False,43,5,0.1163,0.2361,0.204436,39.073,2.6366,-44.6776,inliers < 8;inlier_ratio < 0.25;bad_homography_shape,False,True,False,"[{""extractor"": ""superpoint"", ""elapsed_ms"": 399.39, ""error"": """", ""match_count"": 43, ""inliers"": 5, ""inlier_ratio"": 0.1163, ""rmse"": 0.2361, ""registration_reliable"": false, ""reliability_reasons"": [""inliers < 8"", ""inlier_ratio < 0.25"", ""bad_homography_shape""], ""poor_spatial_coverage"": false, ""bad_homography_shape"": true}]",1653.02,486.45,2146.42,,C:\Users\86158\Desktop\codxRoot\workspace\diffusion_lightglue_cascade_study_100\runs\coarse\strategy_single-superpoint-rgb_steps_8_keypoints_2048\0053_ROIs1158_spring_42_p829,False
coarse,54,summer,ROIs1868_summer_4_p420,E:\Data\summer\s1_4\ROIs1868_summer_s1_4_p420.png,E:\Data\summer\s2_4\ROIs1868_summer_s2_4_p420.png,8,2048,superpoint,single,superpoint,rgb,single-superpoint-rgb,superpoint,True,False,86,8,0.093,1.4541,0.238231,91.4743,38.4135,21.9814,inlier_ratio < 0.25;bad_homography_shape,False,True,False,"[{""extractor"": ""superpoint"", ""elapsed_ms"": 391.89, ""error"": """", ""match_count"": 86, ""inliers"": 8, ""inlier_ratio"": 0.093, ""rmse"": 1.4541, ""registration_reliable"": false, ""reliability_reasons"": [""inlier_ratio < 0.25"", ""bad_homography_shape""], ""poor_spatial_coverage"": false, ""bad_homography_shape"": true}]",1640.66,484.07,2130.53,,C:\Users\86158\Desktop\codxRoot\workspace\diffusion_lightglue_cascade_study_100\runs\coarse\strategy_single-superpoint-rgb_steps_8_keypoints_2048\0054_ROIs1868_summer_4_p420,False
coarse,55,winter,ROIs2017_winter_56_p451,E:\Data\winter\s1_56\ROIs2017_winter_s1_56_p451.png,E:\Data\winter\s2_56\ROIs2017_winter_s2_56_p451.png,8,2048,superpoint,single,superpoint,rgb,single-superpoint-rgb,superpoint,True,False,21,7,0.3333,0.6635,0.185669,91.9895,96.9822,22.7447,inliers < 8,False,False,False,"[{""extractor"": ""superpoint"", ""elapsed_ms"": 406.52, ""error"": """", ""match_count"": 21, ""inliers"": 7, ""inlier_ratio"": 0.3333, ""rmse"": 0.6635, ""registration_reliable"": false, ""reliability_reasons"": [""inliers < 8""], ""poor_spatial_coverage"": false, ""bad_homography_shape"": false}]",1647.19,492.31,2144.72,,C:\Users\86158\Desktop\codxRoot\workspace\diffusion_lightglue_cascade_study_100\runs\coarse\strategy_single-superpoint-rgb_steps_8_keypoints_2048\0055_ROIs2017_winter_56_p451,False
coarse,56,fall,ROIs1970_fall_2_p627,E:\Data\fall\s1_2\ROIs1970_fall_s1_2_p627.png,E:\Data\fall\s2_2\ROIs1970_fall_s2_2_p627.png,8,2048,superpoint,single,superpoint,rgb,single-superpoint-rgb,superpoint,True,False,75,8,0.1067,1.393,0.231421,89.9836,55.5564,21.4614,inlier_ratio < 0.25;bad_homography_shape,False,True,False,"[{""extractor"": ""superpoint"", ""elapsed_ms"": 384.19, ""error"": """", ""match_count"": 75, ""inliers"": 8, ""inlier_ratio"": 0.1067, ""rmse"": 1.393, ""registration_reliable"": false, ""reliability_reasons"": [""inlier_ratio < 0.25"", ""bad_homography_shape""], ""poor_spatial_coverage"": false, ""bad_homography_shape"": true}]",1635.92,474.47,2116.05,,C:\Users\86158\Desktop\codxRoot\workspace\diffusion_lightglue_cascade_study_100\runs\coarse\strategy_single-superpoint-rgb_steps_8_keypoints_2048\0056_ROIs1970_fall_2_p627,False
coarse,57,spring,ROIs1158_spring_70_p579,E:\Data\spring\s1_70\ROIs1158_spring_s1_70_p579.png,E:\Data\spring\s2_70\ROIs1158_spring_s2_70_p579.png,8,2048,superpoint,single,superpoint,rgb,single-superpoint-rgb,superpoint,True,False,20,5,0.25,0.2509,0.157362,112.6525,81.8584,76.6784,inliers < 8;bad_homography_shape,False,True,False,"[{""extractor"": ""superpoint"", ""elapsed_ms"": 391.85, ""error"": """", ""match_count"": 20, ""inliers"": 5, ""inlier_ratio"": 0.25, ""rmse"": 0.2509, ""registration_reliable"": false, ""reliability_reasons"": [""inliers < 8"", ""bad_homography_shape""], ""poor_spatial_coverage"": false, ""bad_homography_shape"": true}]",1643.56,479.77,2127.98,,C:\Users\86158\Desktop\codxRoot\workspace\diffusion_lightglue_cascade_study_100\runs\coarse\strategy_single-superpoint-rgb_steps_8_keypoints_2048\0057_ROIs1158_spring_70_p579,False
coarse,58,summer,ROIs1868_summer_38_p1011,E:\Data\summer\s1_38\ROIs1868_summer_s1_38_p1011.png,E:\Data\summer\s2_38\ROIs1868_summer_s2_38_p1011.png,8,2048,superpoint,single,superpoint,rgb,single-superpoint-rgb,superpoint,True,True,171,64,0.3743,1.8889,0.232104,105.62,2.1723,4.8582,,False,False,False,"[{""extractor"": ""superpoint"", ""elapsed_ms"": 411.39, ""error"": """", ""match_count"": 171, ""inliers"": 64, ""inlier_ratio"": 0.3743, ""rmse"": 1.8889, ""registration_reliable"": true, ""reliability_reasons"": [], ""poor_spatial_coverage"": false, ""bad_homography_shape"": false}]",1640.35,500.63,2146.73,,C:\Users\86158\Desktop\codxRoot\workspace\diffusion_lightglue_cascade_study_100\runs\coarse\strategy_single-superpoint-rgb_steps_8_keypoints_2048\0058_ROIs1868_summer_38_p1011,False
coarse,59,winter,winter_img_temperate_p4662,E:\Data\winter\s1_170\winter_img_temperate_p4662.png,E:\Data\winter\s2_170\winter_img_temperate_p4662.png,8,2048,superpoint,single,superpoint,rgb,single-superpoint-rgb,superpoint,True,False,2,0,0.0,,0.313671,90.1718,,,inliers < 8;inlier_ratio < 0.25;rmse unavailable;poor_spatial_coverage;bad_homography_shape,True,True,False,"[{""extractor"": ""superpoint"", ""elapsed_ms"": 376.05, ""error"": """", ""match_count"": 2, ""inliers"": 0, ""inlier_ratio"": 0.0, ""rmse"": null, ""registration_reliable"": false, ""reliability_reasons"": [""inliers < 8"", ""inlier_ratio < 0.25"", ""rmse unavailable"", ""poor_spatial_coverage"", ""bad_homography_shape""], ""poor_spatial_coverage"": true, ""bad_homography_shape"": true}]",1616.83,466.22,2088.97,,C:\Users\86158\Desktop\codxRoot\workspace\diffusion_lightglue_cascade_study_100\runs\coarse\strategy_single-superpoint-rgb_steps_8_keypoints_2048\0059_winter_img_temperate_p4662,False
coarse,60,fall,ROIs1970_fall_16_p295,E:\Data\fall\s1_16\ROIs1970_fall_s1_16_p295.png,E:\Data\fall\s2_16\ROIs1970_fall_s2_16_p295.png,8,2048,superpoint,single,superpoint,rgb,single-superpoint-rgb,superpoint,True,True,60,15,0.25,1.7692,0.22431,83.6405,4.9535,3.0567,,False,False,False,"[{""extractor"": ""superpoint"", ""elapsed_ms"": 413.48, ""error"": """", ""match_count"": 60, ""inliers"": 15, ""inlier_ratio"": 0.25, ""rmse"": 1.7692, ""registration_reliable"": true, ""reliability_reasons"": [], ""poor_spatial_coverage"": false, ""bad_homography_shape"": false}]",1600.4,501.49,2108.28,,C:\Users\86158\Desktop\codxRoot\workspace\diffusion_lightglue_cascade_study_100\runs\coarse\strategy_single-superpoint-rgb_steps_8_keypoints_2048\0060_ROIs1970_fall_16_p295,False
coarse,61,spring,ROIs1158_spring_47_p434,E:\Data\spring\s1_47\ROIs1158_spring_s1_47_p434.png,E:\Data\spring\s2_47\ROIs1158_spring_s2_47_p434.png,8,2048,superpoint,single,superpoint,rgb,single-superpoint-rgb,superpoint,True,True,165,64,0.3879,1.8038,0.306573,55.3581,26.7507,30.5496,,False,False,False,"[{""extractor"": ""superpoint"", ""elapsed_ms"": 420.01, ""error"": """", ""match_count"": 165, ""inliers"": 64, ""inlier_ratio"": 0.3879, ""rmse"": 1.8038, ""registration_reliable"": true, ""reliability_reasons"": [], ""poor_spatial_coverage"": false, ""bad_homography_shape"": false}]",1631.26,510.58,2147.49,,C:\Users\86158\Desktop\codxRoot\workspace\diffusion_lightglue_cascade_study_100\runs\coarse\strategy_single-superpoint-rgb_steps_8_keypoints_2048\0061_ROIs1158_spring_47_p434,False
coarse,62,summer,ROIs1868_summer_134_p911,E:\Data\summer\s1_134\ROIs1868_summer_s1_134_p911.png,E:\Data\summer\s2_134\ROIs1868_summer_s2_134_p911.png,8,2048,superpoint,single,superpoint,rgb,single-superpoint-rgb,superpoint,True,True,50,14,0.28,1.553,0.236558,42.0919,16.1788,9.2843,,False,False,False,"[{""extractor"": ""superpoint"", ""elapsed_ms"": 402.75, ""error"": """", ""match_count"": 50, ""inliers"": 14, ""inlier_ratio"": 0.28, ""rmse"": 1.553, ""registration_reliable"": true, ""reliability_reasons"": [], ""poor_spatial_coverage"": false, ""bad_homography_shape"": false}]",1682.51,495.26,2183.13,,C:\Users\86158\Desktop\codxRoot\workspace\diffusion_lightglue_cascade_study_100\runs\coarse\strategy_single-superpoint-rgb_steps_8_keypoints_2048\0062_ROIs1868_summer_134_p911,False
coarse,63,winter,winter_img_temperate_p1394,E:\Data\winter\s1_171\winter_img_temperate_p1394.png,E:\Data\winter\s2_171\winter_img_temperate_p1394.png,8,2048,superpoint,single,superpoint,rgb,single-superpoint-rgb,superpoint,True,False,1,0,0.0,,0.223746,202.2999,,,inliers < 8;inlier_ratio < 0.25;rmse unavailable;poor_spatial_coverage;bad_homography_shape,True,True,False,"[{""extractor"": ""superpoint"", ""elapsed_ms"": 370.36, ""error"": """", ""match_count"": 1, ""inliers"": 0, ""inlier_ratio"": 0.0, ""rmse"": null, ""registration_reliable"": false, ""reliability_reasons"": [""inliers < 8"", ""inlier_ratio < 0.25"", ""rmse unavailable"", ""poor_spatial_coverage"", ""bad_homography_shape""], ""poor_spatial_coverage"": true, ""bad_homography_shape"": true}]",1649.18,447.12,2102.79,,C:\Users\86158\Desktop\codxRoot\workspace\diffusion_lightglue_cascade_study_100\runs\coarse\strategy_single-superpoint-rgb_steps_8_keypoints_2048\0063_winter_img_temperate_p1394,False
coarse,64,fall,ROIs1970_fall_124_p517,E:\Data\fall\s1_124\ROIs1970_fall_s1_124_p517.png,E:\Data\fall\s2_124\ROIs1970_fall_s2_124_p517.png,8,2048,superpoint,single,superpoint,rgb,single-superpoint-rgb,superpoint,True,False,48,6,0.125,0.9596,0.220835,47.7871,101.7601,31.176,inliers < 8;inlier_ratio < 0.25;bad_homography_shape,False,True,False,"[{""extractor"": ""superpoint"", ""elapsed_ms"": 387.73, ""error"": """", ""match_count"": 48, ""inliers"": 6, ""inlier_ratio"": 0.125, ""rmse"": 0.9596, ""registration_reliable"": false, ""reliability_reasons"": [""inliers < 8"", ""inlier_ratio < 0.25"", ""bad_homography_shape""], ""poor_spatial_coverage"": false, ""bad_homography_shape"": true}]",1606.25,478.96,2090.96,,C:\Users\86158\Desktop\codxRoot\workspace\diffusion_lightglue_cascade_study_100\runs\coarse\strategy_single-superpoint-rgb_steps_8_keypoints_2048\0064_ROIs1970_fall_124_p517,False
coarse,65,spring,ROIs1158_spring_63_p826,E:\Data\spring\s1_63\ROIs1158_spring_s1_63_p826.png,E:\Data\spring\s2_63\ROIs1158_spring_s2_63_p826.png,8,2048,superpoint,single,superpoint,rgb,single-superpoint-rgb,superpoint,True,True,464,254,0.5474,1.9136,0.344818,112.6055,-0.4255,1.7162,,False,False,False,"[{""extractor"": ""superpoint"", ""elapsed_ms"": 416.89, ""error"": """", ""match_count"": 464, ""inliers"": 254, ""inlier_ratio"": 0.5474, ""rmse"": 1.9136, ""registration_reliable"": true, ""reliability_reasons"": [], ""poor_spatial_coverage"": false, ""bad_homography_shape"": false}]",1653.81,508.72,2167.86,,C:\Users\86158\Desktop\codxRoot\workspace\diffusion_lightglue_cascade_study_100\runs\coarse\strategy_single-superpoint-rgb_steps_8_keypoints_2048\0065_ROIs1158_spring_63_p826,False
coarse,66,summer,ROIs1868_summer_88_p558,E:\Data\summer\s1_88\ROIs1868_summer_s1_88_p558.png,E:\Data\summer\s2_88\ROIs1868_summer_s2_88_p558.png,8,2048,superpoint,single,superpoint,rgb,single-superpoint-rgb,superpoint,True,False,27,6,0.2222,0.9227,0.209037,101.887,-230.7573,4.6452,inliers < 8;inlier_ratio < 0.25;bad_homography_shape,False,True,False,"[{""extractor"": ""superpoint"", ""elapsed_ms"": 390.24, ""error"": """", ""match_count"": 27, ""inliers"": 6, ""inlier_ratio"": 0.2222, ""rmse"": 0.9227, ""registration_reliable"": false, ""reliability_reasons"": [""inliers < 8"", ""inlier_ratio < 0.25"", ""bad_homography_shape""], ""poor_spatial_coverage"": false, ""bad_homography_shape"": true}]",1610.35,483.85,2100.99,,C:\Users\86158\Desktop\codxRoot\workspace\diffusion_lightglue_cascade_study_100\runs\coarse\strategy_single-superpoint-rgb_steps_8_keypoints_2048\0066_ROIs1868_summer_88_p558,False
coarse,67,winter,ROIs2017_winter_85_p162,E:\Data\winter\s1_85\ROIs2017_winter_s1_85_p162.png,E:\Data\winter\s2_85\ROIs2017_winter_s2_85_p162.png,8,2048,superpoint,single,superpoint,rgb,single-superpoint-rgb,superpoint,True,False,35,7,0.2,0.9098,0.210962,128.408,-116.7085,44.9723,inliers < 8;inlier_ratio < 0.25,False,False,False,"[{""extractor"": ""superpoint"", ""elapsed_ms"": 391.26, ""error"": """", ""match_count"": 35, ""inliers"": 7, ""inlier_ratio"": 0.2, ""rmse"": 0.9098, ""registration_reliable"": false, ""reliability_reasons"": [""inliers < 8"", ""inlier_ratio < 0.25""], ""poor_spatial_coverage"": false, ""bad_homography_shape"": false}]",1642.92,482.26,2130.45,,C:\Users\86158\Desktop\codxRoot\workspace\diffusion_lightglue_cascade_study_100\runs\coarse\strategy_single-superpoint-rgb_steps_8_keypoints_2048\0067_ROIs2017_winter_85_p162,False
coarse,68,fall,ROIs1970_fall_2_p858,E:\Data\fall\s1_2\ROIs1970_fall_s1_2_p858.png,E:\Data\fall\s2_2\ROIs1970_fall_s2_2_p858.png,8,2048,superpoint,single,superpoint,rgb,single-superpoint-rgb,superpoint,True,False,18,7,0.3889,1.2935,0.181398,93.2018,-127.0061,-107.3143,inliers < 8;bad_homography_shape,False,True,False,"[{""extractor"": ""superpoint"", ""elapsed_ms"": 395.49, ""error"": """", ""match_count"": 18, ""inliers"": 7, ""inlier_ratio"": 0.3889, ""rmse"": 1.2935, ""registration_reliable"": false, ""reliability_reasons"": [""inliers < 8"", ""bad_homography_shape""], ""poor_spatial_coverage"": false, ""bad_homography_shape"": true}]",1636.9,486.52,2128.59,,C:\Users\86158\Desktop\codxRoot\workspace\diffusion_lightglue_cascade_study_100\runs\coarse\strategy_single-superpoint-rgb_steps_8_keypoints_2048\0068_ROIs1970_fall_2_p858,False
coarse,69,spring,ROIs1158_spring_59_p866,E:\Data\spring\s1_59\ROIs1158_spring_s1_59_p866.png,E:\Data\spring\s2_59\ROIs1158_spring_s2_59_p866.png,8,2048,superpoint,single,superpoint,rgb,single-superpoint-rgb,superpoint,True,False,50,9,0.18,1.3957,0.256848,139.8355,-7.644,33.4832,inlier_ratio < 0.25,False,False,False,"[{""extractor"": ""superpoint"", ""elapsed_ms"": 389.85, ""error"": """", ""match_count"": 50, ""inliers"": 9, ""inlier_ratio"": 0.18, ""rmse"": 1.3957, ""registration_reliable"": false, ""reliability_reasons"": [""inlier_ratio < 0.25""], ""poor_spatial_coverage"": false, ""bad_homography_shape"": false}]",1657.15,479.14,2142.28,,C:\Users\86158\Desktop\codxRoot\workspace\diffusion_lightglue_cascade_study_100\runs\coarse\strategy_single-superpoint-rgb_steps_8_keypoints_2048\0069_ROIs1158_spring_59_p866,False
coarse,70,summer,ROIs1868_summer_20_p122,E:\Data\summer\s1_20\ROIs1868_summer_s1_20_p122.png,E:\Data\summer\s2_20\ROIs1868_summer_s2_20_p122.png,8,2048,superpoint,single,superpoint,rgb,single-superpoint-rgb,superpoint,True,False,48,8,0.1667,1.6822,0.194779,54.6792,-16.6083,-19.1421,inlier_ratio < 0.25,False,False,False,"[{""extractor"": ""superpoint"", ""elapsed_ms"": 395.22, ""error"": """", ""match_count"": 48, ""inliers"": 8, ""inlier_ratio"": 0.1667, ""rmse"": 1.6822, ""registration_reliable"": false, ""reliability_reasons"": [""inlier_ratio < 0.25""], ""poor_spatial_coverage"": false, ""bad_homography_shape"": false}]",1675.21,488.59,2169.69,,C:\Users\86158\Desktop\codxRoot\workspace\diffusion_lightglue_cascade_study_100\runs\coarse\strategy_single-superpoint-rgb_steps_8_keypoints_2048\0070_ROIs1868_summer_20_p122,False
coarse,71,winter,ROIs2017_winter_90_p620,E:\Data\winter\s1_90\ROIs2017_winter_s1_90_p620.png,E:\Data\winter\s2_90\ROIs2017_winter_s2_90_p620.png,8,2048,superpoint,single,superpoint,rgb,single-superpoint-rgb,superpoint,True,False,24,5,0.2083,0.802,0.195269,51.6688,333.3875,76.7291,inliers < 8;inlier_ratio < 0.25;bad_homography_shape,False,True,False,"[{""extractor"": ""superpoint"", ""elapsed_ms"": 383.53, ""error"": """", ""match_count"": 24, ""inliers"": 5, ""inlier_ratio"": 0.2083, ""rmse"": 0.802, ""registration_reliable"": false, ""reliability_reasons"": [""inliers < 8"", ""inlier_ratio < 0.25"", ""bad_homography_shape""], ""poor_spatial_coverage"": false, ""bad_homography_shape"": true}]",1631.9,472.0,2109.33,,C:\Users\86158\Desktop\codxRoot\workspace\diffusion_lightglue_cascade_study_100\runs\coarse\strategy_single-superpoint-rgb_steps_8_keypoints_2048\0071_ROIs2017_winter_90_p620,False
coarse,72,fall,ROIs1970_fall_113_p590,E:\Data\fall\s1_113\ROIs1970_fall_s1_113_p590.png,E:\Data\fall\s2_113\ROIs1970_fall_s2_113_p590.png,8,2048,superpoint,single,superpoint,rgb,single-superpoint-rgb,superpoint,True,False,75,7,0.0933,1.326,0.238479,57.0322,40.94,67.4948,inliers < 8;inlier_ratio < 0.25;bad_homography_shape,False,True,False,"[{""extractor"": ""superpoint"", ""elapsed_ms"": 379.62, ""error"": """", ""match_count"": 75, ""inliers"": 7, ""inlier_ratio"": 0.0933, ""rmse"": 1.326, ""registration_reliable"": false, ""reliability_reasons"": [""inliers < 8"", ""inlier_ratio < 0.25"", ""bad_homography_shape""], ""poor_spatial_coverage"": false, ""bad_homography_shape"": true}]",1630.01,474.32,2110.04,,C:\Users\86158\Desktop\codxRoot\workspace\diffusion_lightglue_cascade_study_100\runs\coarse\strategy_single-superpoint-rgb_steps_8_keypoints_2048\0072_ROIs1970_fall_113_p590,False
coarse,73,spring,ROIs1158_spring_53_p716,E:\Data\spring\s1_53\ROIs1158_spring_s1_53_p716.png,E:\Data\spring\s2_53\ROIs1158_spring_s2_53_p716.png,8,2048,superpoint,single,superpoint,rgb,single-superpoint-rgb,superpoint,True,False,30,7,0.2333,1.3601,0.190695,72.0917,50.6555,37.8591,inliers < 8;inlier_ratio < 0.25,False,False,False,"[{""extractor"": ""superpoint"", ""elapsed_ms"": 389.67, ""error"": """", ""match_count"": 30, ""inliers"": 7, ""inlier_ratio"": 0.2333, ""rmse"": 1.3601, ""registration_reliable"": false, ""reliability_reasons"": [""inliers < 8"", ""inlier_ratio < 0.25""], ""poor_spatial_coverage"": false, ""bad_homography_shape"": false}]",1614.99,480.24,2100.66,,C:\Users\86158\Desktop\codxRoot\workspace\diffusion_lightglue_cascade_study_100\runs\coarse\strategy_single-superpoint-rgb_steps_8_keypoints_2048\0073_ROIs1158_spring_53_p716,False
coarse,74,summer,ROIs1868_summer_51_p49,E:\Data\summer\s1_51\ROIs1868_summer_s1_51_p49.png,E:\Data\summer\s2_51\ROIs1868_summer_s2_51_p49.png,8,2048,superpoint,single,superpoint,rgb,single-superpoint-rgb,superpoint,True,True,119,54,0.4538,1.8901,0.270221,53.2023,8.7397,-23.5082,,False,False,False,"[{""extractor"": ""superpoint"", ""elapsed_ms"": 419.78, ""error"": """", ""match_count"": 119, ""inliers"": 54, ""inlier_ratio"": 0.4538, ""rmse"": 1.8901, ""registration_reliable"": true, ""reliability_reasons"": [], ""poor_spatial_coverage"": false, ""bad_homography_shape"": false}]",1623.72,510.09,2139.54,,C:\Users\86158\Desktop\codxRoot\workspace\diffusion_lightglue_cascade_study_100\runs\coarse\strategy_single-superpoint-rgb_steps_8_keypoints_2048\0074_ROIs1868_summer_51_p49,False
coarse,75,winter,ROIs2017_winter_22_p495,E:\Data\winter\s1_22\ROIs2017_winter_s1_22_p495.png,E:\Data\winter\s2_22\ROIs2017_winter_s2_22_p495.png,8,2048,superpoint,single,superpoint,rgb,single-superpoint-rgb,superpoint,True,False,45,5,0.1111,0.2091,0.219595,67.125,26.8067,1.1122,inliers < 8;inlier_ratio < 0.25,False,False,False,"[{""extractor"": ""superpoint"", ""elapsed_ms"": 387.44, ""error"": """", ""match_count"": 45, ""inliers"": 5, ""inlier_ratio"": 0.1111, ""rmse"": 0.2091, ""registration_reliable"": false, ""reliability_reasons"": [""inliers < 8"", ""inlier_ratio < 0.25""], ""poor_spatial_coverage"": false, ""bad_homography_shape"": false}]",1605.98,474.63,2086.12,,C:\Users\86158\Desktop\codxRoot\workspace\diffusion_lightglue_cascade_study_100\runs\coarse\strategy_single-superpoint-rgb_steps_8_keypoints_2048\0075_ROIs2017_winter_22_p495,False
coarse,76,fall,ROIs1970_fall_144_p522,E:\Data\fall\s1_144\ROIs1970_fall_s1_144_p522.png,E:\Data\fall\s2_144\ROIs1970_fall_s2_144_p522.png,8,2048,superpoint,single,superpoint,rgb,single-superpoint-rgb,superpoint,True,False,35,7,0.2,0.9435,0.236206,115.2706,137.388,60.045,inliers < 8;inlier_ratio < 0.25;bad_homography_shape,False,True,False,"[{""extractor"": ""superpoint"", ""elapsed_ms"": 382.53, ""error"": """", ""match_count"": 35, ""inliers"": 7, ""inlier_ratio"": 0.2, ""rmse"": 0.9435, ""registration_reliable"": false, ""reliability_reasons"": [""inliers < 8"", ""inlier_ratio < 0.25"", ""bad_homography_shape""], ""poor_spatial_coverage"": false, ""bad_homography_shape"": true}]",1623.99,471.88,2101.14,,C:\Users\86158\Desktop\codxRoot\workspace\diffusion_lightglue_cascade_study_100\runs\coarse\strategy_single-superpoint-rgb_steps_8_keypoints_2048\0076_ROIs1970_fall_144_p522,False
coarse,77,spring,ROIs1158_spring_9_p378,E:\Data\spring\s1_9\ROIs1158_spring_s1_9_p378.png,E:\Data\spring\s2_9\ROIs1158_spring_s2_9_p378.png,8,2048,superpoint,single,superpoint,rgb,single-superpoint-rgb,superpoint,True,True,469,228,0.4861,1.9046,0.316234,57.9709,0.1585,0.7812,,False,False,False,"[{""extractor"": ""superpoint"", ""elapsed_ms"": 411.42, ""error"": """", ""match_count"": 469, ""inliers"": 228, ""inlier_ratio"": 0.4861, ""rmse"": 1.9046, ""registration_reliable"": true, ""reliability_reasons"": [], ""poor_spatial_coverage"": false, ""bad_homography_shape"": false}]",1652.22,505.57,2163.8,,C:\Users\86158\Desktop\codxRoot\workspace\diffusion_lightglue_cascade_study_100\runs\coarse\strategy_single-superpoint-rgb_steps_8_keypoints_2048\0077_ROIs1158_spring_9_p378,False
coarse,78,summer,ROIs1868_summer_142_p396,E:\Data\summer\s1_142\ROIs1868_summer_s1_142_p396.png,E:\Data\summer\s2_142\ROIs1868_summer_s2_142_p396.png,8,2048,superpoint,single,superpoint,rgb,single-superpoint-rgb,superpoint,True,False,88,7,0.0795,0.5552,0.203838,51.9129,107.5477,-31.5984,inliers < 8;inlier_ratio < 0.25,False,False,False,"[{""extractor"": ""superpoint"", ""elapsed_ms"": 373.88, ""error"": """", ""match_count"": 88, ""inliers"": 7, ""inlier_ratio"": 0.0795, ""rmse"": 0.5552, ""registration_reliable"": false, ""reliability_reasons"": [""inliers < 8"", ""inlier_ratio < 0.25""], ""poor_spatial_coverage"": false, ""bad_homography_shape"": false}]",1612.95,464.55,2082.86,,C:\Users\86158\Desktop\codxRoot\workspace\diffusion_lightglue_cascade_study_100\runs\coarse\strategy_single-superpoint-rgb_steps_8_keypoints_2048\0078_ROIs1868_summer_142_p396,False
coarse,79,winter,ROIs2017_winter_130_p28,E:\Data\winter\s1_130\ROIs2017_winter_s1_130_p28.png,E:\Data\winter\s2_130\ROIs2017_winter_s2_130_p28.png,8,2048,superpoint,single,superpoint,rgb,single-superpoint-rgb,superpoint,True,False,57,11,0.193,0.5689,0.225373,114.6093,343.2742,375.7499,inlier_ratio < 0.25;bad_homography_shape,False,True,False,"[{""extractor"": ""superpoint"", ""elapsed_ms"": 393.61, ""error"": """", ""match_count"": 57, ""inliers"": 11, ""inlier_ratio"": 0.193, ""rmse"": 0.5689, ""registration_reliable"": false, ""reliability_reasons"": [""inlier_ratio < 0.25"", ""bad_homography_shape""], ""poor_spatial_coverage"": false, ""bad_homography_shape"": true}]",1653.23,486.82,2145.8,,C:\Users\86158\Desktop\codxRoot\workspace\diffusion_lightglue_cascade_study_100\runs\coarse\strategy_single-superpoint-rgb_steps_8_keypoints_2048\0079_ROIs2017_winter_130_p28,False
coarse,80,fall,ROIs1970_fall_73_p974,E:\Data\fall\s1_73\ROIs1970_fall_s1_73_p974.png,E:\Data\fall\s2_73\ROIs1970_fall_s2_73_p974.png,8,2048,superpoint,single,superpoint,rgb,single-superpoint-rgb,superpoint,True,False,36,6,0.1667,0.8474,0.208016,65.3526,48.1032,-3.4473,inliers < 8;inlier_ratio < 0.25,False,False,False,"[{""extractor"": ""superpoint"", ""elapsed_ms"": 396.89, ""error"": """", ""match_count"": 36, ""inliers"": 6, ""inlier_ratio"": 0.1667, ""rmse"": 0.8474, ""registration_reliable"": false, ""reliability_reasons"": [""inliers < 8"", ""inlier_ratio < 0.25""], ""poor_spatial_coverage"": false, ""bad_homography_shape"": false}]",1648.08,488.14,2141.72,,C:\Users\86158\Desktop\codxRoot\workspace\diffusion_lightglue_cascade_study_100\runs\coarse\strategy_single-superpoint-rgb_steps_8_keypoints_2048\0080_ROIs1970_fall_73_p974,False
coarse,81,spring,ROIs1158_spring_2_p374,E:\Data\spring\s1_2\ROIs1158_spring_s1_2_p374.png,E:\Data\spring\s2_2\ROIs1158_spring_s2_2_p374.png,8,2048,superpoint,single,superpoint,rgb,single-superpoint-rgb,superpoint,True,False,46,6,0.1304,0.7071,0.173387,80.7536,125.699,102.3346,inliers < 8;inlier_ratio < 0.25;bad_homography_shape,False,True,False,"[{""extractor"": ""superpoint"", ""elapsed_ms"": 387.16, ""error"": """", ""match_count"": 46, ""inliers"": 6, ""inlier_ratio"": 0.1304, ""rmse"": 0.7071, ""registration_reliable"": false, ""reliability_reasons"": [""inliers < 8"", ""inlier_ratio < 0.25"", ""bad_homography_shape""], ""poor_spatial_coverage"": false, ""bad_homography_shape"": true}]",1611.67,477.32,2094.5,,C:\Users\86158\Desktop\codxRoot\workspace\diffusion_lightglue_cascade_study_100\runs\coarse\strategy_single-superpoint-rgb_steps_8_keypoints_2048\0081_ROIs1158_spring_2_p374,False
coarse,82,summer,ROIs1868_summer_49_p529,E:\Data\summer\s1_49\ROIs1868_summer_s1_49_p529.png,E:\Data\summer\s2_49\ROIs1868_summer_s2_49_p529.png,8,2048,superpoint,single,superpoint,rgb,single-superpoint-rgb,superpoint,True,True,26,9,0.3462,1.7967,0.197137,50.2563,71.9438,-29.6806,,False,False,False,"[{""extractor"": ""superpoint"", ""elapsed_ms"": 407.16, ""error"": """", ""match_count"": 26, ""inliers"": 9, ""inlier_ratio"": 0.3462, ""rmse"": 1.7967, ""registration_reliable"": true, ""reliability_reasons"": [], ""poor_spatial_coverage"": false, ""bad_homography_shape"": false}]",1622.09,496.35,2124.11,,C:\Users\86158\Desktop\codxRoot\workspace\diffusion_lightglue_cascade_study_100\runs\coarse\strategy_single-superpoint-rgb_steps_8_keypoints_2048\0082_ROIs1868_summer_49_p529,False
coarse,83,winter,ROIs2017_winter_117_p334,E:\Data\winter\s1_117\ROIs2017_winter_s1_117_p334.png,E:\Data\winter\s2_117\ROIs2017_winter_s2_117_p334.png,8,2048,superpoint,single,superpoint,rgb,single-superpoint-rgb,superpoint,True,True,294,183,0.6224,1.7397,0.303884,81.2303,-2.9501,-1.3825,,False,False,False,"[{""extractor"": ""superpoint"", ""elapsed_ms"": 424.71, ""error"": """", ""match_count"": 294, ""inliers"": 183, ""inlier_ratio"": 0.6224, ""rmse"": 1.7397, ""registration_reliable"": true, ""reliability_reasons"": [], ""poor_spatial_coverage"": false, ""bad_homography_shape"": false}]",1644.04,512.22,2162.3,,C:\Users\86158\Desktop\codxRoot\workspace\diffusion_lightglue_cascade_study_100\runs\coarse\strategy_single-superpoint-rgb_steps_8_keypoints_2048\0083_ROIs2017_winter_117_p334,False
coarse,84,fall,ROIs1970_fall_72_p415,E:\Data\fall\s1_72\ROIs1970_fall_s1_72_p415.png,E:\Data\fall\s2_72\ROIs1970_fall_s2_72_p415.png,8,2048,superpoint,single,superpoint,rgb,single-superpoint-rgb,superpoint,True,False,28,6,0.2143,0.757,0.220252,66.5099,-42.3716,-37.5018,inliers < 8;inlier_ratio < 0.25,False,False,False,"[{""extractor"": ""superpoint"", ""elapsed_ms"": 382.65, ""error"": """", ""match_count"": 28, ""inliers"": 6, ""inlier_ratio"": 0.2143, ""rmse"": 0.757, ""registration_reliable"": false, ""reliability_reasons"": [""inliers < 8"", ""inlier_ratio < 0.25""], ""poor_spatial_coverage"": false, ""bad_homography_shape"": false}]",1660.69,474.27,2140.28,,C:\Users\86158\Desktop\codxRoot\workspace\diffusion_lightglue_cascade_study_100\runs\coarse\strategy_single-superpoint-rgb_steps_8_keypoints_2048\0084_ROIs1970_fall_72_p415,False
coarse,85,spring,ROIs1158_spring_53_p1286,E:\Data\spring\s1_53\ROIs1158_spring_s1_53_p1286.png,E:\Data\spring\s2_53\ROIs1158_spring_s2_53_p1286.png,8,2048,superpoint,single,superpoint,rgb,single-superpoint-rgb,superpoint,True,False,72,11,0.1528,1.4726,0.199422,57.2634,-21.0262,-13.3871,inlier_ratio < 0.25,False,False,False,"[{""extractor"": ""superpoint"", ""elapsed_ms"": 391.39, ""error"": """", ""match_count"": 72, ""inliers"": 11, ""inlier_ratio"": 0.1528, ""rmse"": 1.4726, ""registration_reliable"": false, ""reliability_reasons"": [""inlier_ratio < 0.25""], ""poor_spatial_coverage"": false, ""bad_homography_shape"": false}]",1633.32,479.67,2118.89,,C:\Users\86158\Desktop\codxRoot\workspace\diffusion_lightglue_cascade_study_100\runs\coarse\strategy_single-superpoint-rgb_steps_8_keypoints_2048\0085_ROIs1158_spring_53_p1286,False
coarse,86,summer,ROIs1868_summer_148_p252,E:\Data\summer\s1_148\ROIs1868_summer_s1_148_p252.png,E:\Data\summer\s2_148\ROIs1868_summer_s2_148_p252.png,8,2048,superpoint,single,superpoint,rgb,single-superpoint-rgb,superpoint,True,True,640,438,0.6844,1.8228,0.376401,62.416,-1.409,-0.2309,,False,False,False,"[{""extractor"": ""superpoint"", ""elapsed_ms"": 424.36, ""error"": """", ""match_count"": 640, ""inliers"": 438, ""inlier_ratio"": 0.6844, ""rmse"": 1.8228, ""registration_reliable"": true, ""reliability_reasons"": [], ""poor_spatial_coverage"": false, ""bad_homography_shape"": false}]",1633.42,517.26,2155.79,,C:\Users\86158\Desktop\codxRoot\workspace\diffusion_lightglue_cascade_study_100\runs\coarse\strategy_single-superpoint-rgb_steps_8_keypoints_2048\0086_ROIs1868_summer_148_p252,False
coarse,87,winter,ROIs2017_winter_58_p665,E:\Data\winter\s1_58\ROIs2017_winter_s1_58_p665.png,E:\Data\winter\s2_58\ROIs2017_winter_s2_58_p665.png,8,2048,superpoint,single,superpoint,rgb,single-superpoint-rgb,superpoint,True,False,66,7,0.1061,0.7658,0.234887,41.9772,49.2668,-6.3779,inliers < 8;inlier_ratio < 0.25,False,False,False,"[{""extractor"": ""superpoint"", ""elapsed_ms"": 391.22, ""error"": """", ""match_count"": 66, ""inliers"": 7, ""inlier_ratio"": 0.1061, ""rmse"": 0.7658, ""registration_reliable"": false, ""reliability_reasons"": [""inliers < 8"", ""inlier_ratio < 0.25""], ""poor_spatial_coverage"": false, ""bad_homography_shape"": false}]",1639.52,481.68,2126.95,,C:\Users\86158\Desktop\codxRoot\workspace\diffusion_lightglue_cascade_study_100\runs\coarse\strategy_single-superpoint-rgb_steps_8_keypoints_2048\0087_ROIs2017_winter_58_p665,False
coarse,88,fall,ROIs1970_fall_36_p894,E:\Data\fall\s1_36\ROIs1970_fall_s1_36_p894.png,E:\Data\fall\s2_36\ROIs1970_fall_s2_36_p894.png,8,2048,superpoint,single,superpoint,rgb,single-superpoint-rgb,superpoint,True,True,159,85,0.5346,1.9128,0.238018,119.9257,-13.7435,-13.3271,,False,False,False,"[{""extractor"": ""superpoint"", ""elapsed_ms"": 418.37, ""error"": """", ""match_count"": 159, ""inliers"": 85, ""inlier_ratio"": 0.5346, ""rmse"": 1.9128, ""registration_reliable"": true, ""reliability_reasons"": [], ""poor_spatial_coverage"": false, ""bad_homography_shape"": false}]",1622.31,509.47,2137.43,,C:\Users\86158\Desktop\codxRoot\workspace\diffusion_lightglue_cascade_study_100\runs\coarse\strategy_single-superpoint-rgb_steps_8_keypoints_2048\0088_ROIs1970_fall_36_p894,False
coarse,89,spring,ROIs1158_spring_50_p768,E:\Data\spring\s1_50\ROIs1158_spring_s1_50_p768.png,E:\Data\spring\s2_50\ROIs1158_spring_s2_50_p768.png,8,2048,superpoint,single,superpoint,rgb,single-superpoint-rgb,superpoint,True,True,277,95,0.343,1.9074,0.267712,62.9475,15.6557,11.1366,,False,False,False,"[{""extractor"": ""superpoint"", ""elapsed_ms"": 447.65, ""error"": """", ""match_count"": 277, ""inliers"": 95, ""inlier_ratio"": 0.343, ""rmse"": 1.9074, ""registration_reliable"": true, ""reliability_reasons"": [], ""poor_spatial_coverage"": false, ""bad_homography_shape"": false}]",1689.67,549.36,2245.24,,C:\Users\86158\Desktop\codxRoot\workspace\diffusion_lightglue_cascade_study_100\runs\coarse\strategy_single-superpoint-rgb_steps_8_keypoints_2048\0089_ROIs1158_spring_50_p768,False
coarse,90,summer,ROIs1868_summer_119_p601,E:\Data\summer\s1_119\ROIs1868_summer_s1_119_p601.png,E:\Data\summer\s2_119\ROIs1868_summer_s2_119_p601.png,8,2048,superpoint,single,superpoint,rgb,single-superpoint-rgb,superpoint,True,False,63,7,0.1111,0.9284,0.200777,47.1867,68.8555,-2.5617,inliers < 8;inlier_ratio < 0.25;bad_homography_shape,False,True,False,"[{""extractor"": ""superpoint"", ""elapsed_ms"": 384.88, ""error"": """", ""match_count"": 63, ""inliers"": 7, ""inlier_ratio"": 0.1111, ""rmse"": 0.9284, ""registration_reliable"": false, ""reliability_reasons"": [""inliers < 8"", ""inlier_ratio < 0.25"", ""bad_homography_shape""], ""poor_spatial_coverage"": false, ""bad_homography_shape"": true}]",1695.61,477.88,2179.64,,C:\Users\86158\Desktop\codxRoot\workspace\diffusion_lightglue_cascade_study_100\runs\coarse\strategy_single-superpoint-rgb_steps_8_keypoints_2048\0090_ROIs1868_summer_119_p601,False
coarse,91,winter,ROIs2017_winter_8_p923,E:\Data\winter\s1_8\ROIs2017_winter_s1_8_p923.png,E:\Data\winter\s2_8\ROIs2017_winter_s2_8_p923.png,8,2048,superpoint,single,superpoint,rgb,single-superpoint-rgb,superpoint,True,True,229,111,0.4847,1.8637,0.237075,70.2287,-3.4,-1.5394,,False,False,False,"[{""extractor"": ""superpoint"", ""elapsed_ms"": 423.68, ""error"": """", ""match_count"": 229, ""inliers"": 111, ""inlier_ratio"": 0.4847, ""rmse"": 1.8637, ""registration_reliable"": true, ""reliability_reasons"": [], ""poor_spatial_coverage"": false, ""bad_homography_shape"": false}]",1644.4,511.96,2162.58,,C:\Users\86158\Desktop\codxRoot\workspace\diffusion_lightglue_cascade_study_100\runs\coarse\strategy_single-superpoint-rgb_steps_8_keypoints_2048\0091_ROIs2017_winter_8_p923,False
coarse,92,fall,ROIs1970_fall_51_p961,E:\Data\fall\s1_51\ROIs1970_fall_s1_51_p961.png,E:\Data\fall\s2_51\ROIs1970_fall_s2_51_p961.png,8,2048,superpoint,single,superpoint,rgb,single-superpoint-rgb,superpoint,True,False,85,7,0.0824,1.0728,0.20614,51.7432,19.4606,39.8838,inliers < 8;inlier_ratio < 0.25,False,False,False,"[{""extractor"": ""superpoint"", ""elapsed_ms"": 390.08, ""error"": """", ""match_count"": 85, ""inliers"": 7, ""inlier_ratio"": 0.0824, ""rmse"": 1.0728, ""registration_reliable"": false, ""reliability_reasons"": [""inliers < 8"", ""inlier_ratio < 0.25""], ""poor_spatial_coverage"": false, ""bad_homography_shape"": false}]",1632.4,480.43,2118.3,,C:\Users\86158\Desktop\codxRoot\workspace\diffusion_lightglue_cascade_study_100\runs\coarse\strategy_single-superpoint-rgb_steps_8_keypoints_2048\0092_ROIs1970_fall_51_p961,False
coarse,93,spring,ROIs1158_spring_109_p195,E:\Data\spring\s1_109\ROIs1158_spring_s1_109_p195.png,E:\Data\spring\s2_109\ROIs1158_spring_s2_109_p195.png,8,2048,superpoint,single,superpoint,rgb,single-superpoint-rgb,superpoint,True,False,51,8,0.1569,1.1161,0.196338,99.5998,58.771,54.8696,inlier_ratio < 0.25,False,False,False,"[{""extractor"": ""superpoint"", ""elapsed_ms"": 391.55, ""error"": """", ""match_count"": 51, ""inliers"": 8, ""inlier_ratio"": 0.1569, ""rmse"": 1.1161, ""registration_reliable"": false, ""reliability_reasons"": [""inlier_ratio < 0.25""], ""poor_spatial_coverage"": false, ""bad_homography_shape"": false}]",1635.78,483.82,2124.95,,C:\Users\86158\Desktop\codxRoot\workspace\diffusion_lightglue_cascade_study_100\runs\coarse\strategy_single-superpoint-rgb_steps_8_keypoints_2048\0093_ROIs1158_spring_109_p195,False
coarse,94,summer,ROIs1868_summer_10_p835,E:\Data\summer\s1_10\ROIs1868_summer_s1_10_p835.png,E:\Data\summer\s2_10\ROIs1868_summer_s2_10_p835.png,8,2048,superpoint,single,superpoint,rgb,single-superpoint-rgb,superpoint,True,False,3,0,0.0,,0.154711,68.2592,,,inliers < 8;inlier_ratio < 0.25;rmse unavailable;poor_spatial_coverage;bad_homography_shape,True,True,False,"[{""extractor"": ""superpoint"", ""elapsed_ms"": 396.14, ""error"": """", ""match_count"": 3, ""inliers"": 0, ""inlier_ratio"": 0.0, ""rmse"": null, ""registration_reliable"": false, ""reliability_reasons"": [""inliers < 8"", ""inlier_ratio < 0.25"", ""rmse unavailable"", ""poor_spatial_coverage"", ""bad_homography_shape""], ""poor_spatial_coverage"": true, ""bad_homography_shape"": true}]",1618.29,480.54,2104.64,,C:\Users\86158\Desktop\codxRoot\workspace\diffusion_lightglue_cascade_study_100\runs\coarse\strategy_single-superpoint-rgb_steps_8_keypoints_2048\0094_ROIs1868_summer_10_p835,False
coarse,95,winter,ROIs2017_winter_112_p628,E:\Data\winter\s1_112\ROIs2017_winter_s1_112_p628.png,E:\Data\winter\s2_112\ROIs2017_winter_s2_112_p628.png,8,2048,superpoint,single,superpoint,rgb,single-superpoint-rgb,superpoint,True,False,22,6,0.2727,0.8176,0.255391,27.5774,255.4402,173.6153,inliers < 8;bad_homography_shape,False,True,False,"[{""extractor"": ""superpoint"", ""elapsed_ms"": 396.64, ""error"": """", ""match_count"": 22, ""inliers"": 6, ""inlier_ratio"": 0.2727, ""rmse"": 0.8176, ""registration_reliable"": false, ""reliability_reasons"": [""inliers < 8"", ""bad_homography_shape""], ""poor_spatial_coverage"": false, ""bad_homography_shape"": true}]",1625.91,496.38,2128.23,,C:\Users\86158\Desktop\codxRoot\workspace\diffusion_lightglue_cascade_study_100\runs\coarse\strategy_single-superpoint-rgb_steps_8_keypoints_2048\0095_ROIs2017_winter_112_p628,False
coarse,96,fall,ROIs1970_fall_102_p788,E:\Data\fall\s1_102\ROIs1970_fall_s1_102_p788.png,E:\Data\fall\s2_102\ROIs1970_fall_s2_102_p788.png,8,2048,superpoint,single,superpoint,rgb,single-superpoint-rgb,superpoint,True,False,47,10,0.2128,0.9388,0.245275,53.7078,40.3787,-45.8285,inlier_ratio < 0.25,False,False,False,"[{""extractor"": ""superpoint"", ""elapsed_ms"": 422.83, ""error"": """", ""match_count"": 47, ""inliers"": 10, ""inlier_ratio"": 0.2128, ""rmse"": 0.9388, ""registration_reliable"": false, ""reliability_reasons"": [""inlier_ratio < 0.25""], ""poor_spatial_coverage"": false, ""bad_homography_shape"": false}]",1709.04,523.02,2238.16,,C:\Users\86158\Desktop\codxRoot\workspace\diffusion_lightglue_cascade_study_100\runs\coarse\strategy_single-superpoint-rgb_steps_8_keypoints_2048\0096_ROIs1970_fall_102_p788,False
coarse,97,spring,ROIs1158_spring_14_p936,E:\Data\spring\s1_14\ROIs1158_spring_s1_14_p936.png,E:\Data\spring\s2_14\ROIs1158_spring_s2_14_p936.png,8,2048,superpoint,single,superpoint,rgb,single-superpoint-rgb,superpoint,True,True,91,31,0.3407,1.8475,0.222767,122.8415,-21.1312,-25.2302,,False,False,False,"[{""extractor"": ""superpoint"", ""elapsed_ms"": 409.07, ""error"": """", ""match_count"": 91, ""inliers"": 31, ""inlier_ratio"": 0.3407, ""rmse"": 1.8475, ""registration_reliable"": true, ""reliability_reasons"": [], ""poor_spatial_coverage"": false, ""bad_homography_shape"": false}]",1663.6,499.69,2169.58,,C:\Users\86158\Desktop\codxRoot\workspace\diffusion_lightglue_cascade_study_100\runs\coarse\strategy_single-superpoint-rgb_steps_8_keypoints_2048\0097_ROIs1158_spring_14_p936,False
coarse,98,summer,ROIs1868_summer_39_p789,E:\Data\summer\s1_39\ROIs1868_summer_s1_39_p789.png,E:\Data\summer\s2_39\ROIs1868_summer_s2_39_p789.png,8,2048,superpoint,single,superpoint,rgb,single-superpoint-rgb,superpoint,True,False,137,31,0.2263,1.9381,0.232402,82.8699,2.8577,11.9319,inlier_ratio < 0.25,False,False,False,"[{""extractor"": ""superpoint"", ""elapsed_ms"": 552.26, ""error"": """", ""match_count"": 137, ""inliers"": 31, ""inlier_ratio"": 0.2263, ""rmse"": 1.9381, ""registration_reliable"": false, ""reliability_reasons"": [""inlier_ratio < 0.25""], ""poor_spatial_coverage"": false, ""bad_homography_shape"": false}]",2389.45,701.75,3099.17,,C:\Users\86158\Desktop\codxRoot\workspace\diffusion_lightglue_cascade_study_100\runs\coarse\strategy_single-superpoint-rgb_steps_8_keypoints_2048\0098_ROIs1868_summer_39_p789,False
coarse,99,winter,ROIs2017_winter_102_p925,E:\Data\winter\s1_102\ROIs2017_winter_s1_102_p925.png,E:\Data\winter\s2_102\ROIs2017_winter_s2_102_p925.png,8,2048,superpoint,single,superpoint,rgb,single-superpoint-rgb,superpoint,True,False,48,20,0.4167,1.512,0.189823,56.3583,-9537.2124,-2797.5324,bad_homography_shape,False,True,False,"[{""extractor"": ""superpoint"", ""elapsed_ms"": 531.41, ""error"": """", ""match_count"": 48, ""inliers"": 20, ""inlier_ratio"": 0.4167, ""rmse"": 1.512, ""registration_reliable"": false, ""reliability_reasons"": [""bad_homography_shape""], ""poor_spatial_coverage"": false, ""bad_homography_shape"": true}]",2320.62,679.83,3008.06,,C:\Users\86158\Desktop\codxRoot\workspace\diffusion_lightglue_cascade_study_100\runs\coarse\strategy_single-superpoint-rgb_steps_8_keypoints_2048\0099_ROIs2017_winter_102_p925,False
coarse,0,fall,ROIs1970_fall_114_p932,E:\Data\fall\s1_114\ROIs1970_fall_s1_114_p932.png,E:\Data\fall\s2_114\ROIs1970_fall_s2_114_p932.png,8,2048,aliked,single,aliked,rgb,single-aliked-rgb,aliked,True,False,18,5,0.2778,0.3264,0.333689,30.5458,89.5748,36.0525,inliers < 8;bad_homography_shape,False,True,False,"[{""extractor"": ""aliked"", ""elapsed_ms"": 690.92, ""error"": """", ""match_count"": 18, ""inliers"": 5, ""inlier_ratio"": 0.2778, ""rmse"": 0.3264, ""registration_reliable"": false, ""reliability_reasons"": [""inliers < 8"", ""bad_homography_shape""], ""poor_spatial_coverage"": false, ""bad_homography_shape"": true}]",2395.96,840.59,3243.8,,C:\Users\86158\Desktop\codxRoot\workspace\diffusion_lightglue_cascade_study_100\runs\coarse\strategy_single-aliked-rgb_steps_8_keypoints_2048\0000_ROIs1970_fall_114_p932,False
coarse,1,spring,ROIs1158_spring_79_p103,E:\Data\spring\s1_79\ROIs1158_spring_s1_79_p103.png,E:\Data\spring\s2_79\ROIs1158_spring_s2_79_p103.png,8,2048,aliked,single,aliked,rgb,single-aliked-rgb,aliked,True,False,29,5,0.1724,0.3099,0.22512,97.1628,33.1804,13.5679,inliers < 8;inlier_ratio < 0.25,False,False,False,"[{""extractor"": ""aliked"", ""elapsed_ms"": 746.61, ""error"": """", ""match_count"": 29, ""inliers"": 5, ""inlier_ratio"": 0.1724, ""rmse"": 0.3099, ""registration_reliable"": false, ""reliability_reasons"": [""inliers < 8"", ""inlier_ratio < 0.25""], ""poor_spatial_coverage"": false, ""bad_homography_shape"": false}]",2366.99,881.89,3257.19,,C:\Users\86158\Desktop\codxRoot\workspace\diffusion_lightglue_cascade_study_100\runs\coarse\strategy_single-aliked-rgb_steps_8_keypoints_2048\0001_ROIs1158_spring_79_p103,False
coarse,2,summer,summer_img_temperate_p4776,E:\Data\summer\s1_160\summer_img_temperate_p4776.png,E:\Data\summer\s2_160\summer_img_temperate_p4776.png,8,2048,aliked,single,aliked,rgb,single-aliked-rgb,aliked,True,False,0,0,0.0,,0.0,45.2956,,,inliers < 8;inlier_ratio < 0.25;rmse unavailable;poor_spatial_coverage;bad_homography_shape,True,True,False,"[{""extractor"": ""aliked"", ""elapsed_ms"": 733.82, ""error"": """", ""match_count"": 0, ""inliers"": 0, ""inlier_ratio"": 0.0, ""rmse"": null, ""registration_reliable"": false, ""reliability_reasons"": [""inliers < 8"", ""inlier_ratio < 0.25"", ""rmse unavailable"", ""poor_spatial_coverage"", ""bad_homography_shape""], ""poor_spatial_coverage"": true, ""bad_homography_shape"": true}]",2588.33,871.99,3466.93,,C:\Users\86158\Desktop\codxRoot\workspace\diffusion_lightglue_cascade_study_100\runs\coarse\strategy_single-aliked-rgb_steps_8_keypoints_2048\0002_summer_img_temperate_p4776,False
coarse,3,winter,ROIs2017_winter_97_p18,E:\Data\winter\s1_97\ROIs2017_winter_s1_97_p18.png,E:\Data\winter\s2_97\ROIs2017_winter_s2_97_p18.png,8,2048,aliked,single,aliked,rgb,single-aliked-rgb,aliked,True,False,28,7,0.25,1.4636,0.356637,109.2686,377.6935,318.5653,inliers < 8,False,False,False,"[{""extractor"": ""aliked"", ""elapsed_ms"": 711.21, ""error"": """", ""match_count"": 28, ""inliers"": 7, ""inlier_ratio"": 0.25, ""rmse"": 1.4636, ""registration_reliable"": false, ""reliability_reasons"": [""inliers < 8""], ""poor_spatial_coverage"": false, ""bad_homography_shape"": false}]",2422.68,863.52,3293.53,,C:\Users\86158\Desktop\codxRoot\workspace\diffusion_lightglue_cascade_study_100\runs\coarse\strategy_single-aliked-rgb_steps_8_keypoints_2048\0003_ROIs2017_winter_97_p18,False
coarse,4,fall,ROIs1970_fall_35_p527,E:\Data\fall\s1_35\ROIs1970_fall_s1_35_p527.png,E:\Data\fall\s2_35\ROIs1970_fall_s2_35_p527.png,8,2048,aliked,single,aliked,rgb,single-aliked-rgb,aliked,True,False,32,7,0.2188,1.186,0.244495,101.2492,125.171,65.3571,inliers < 8;inlier_ratio < 0.25;bad_homography_shape,False,True,False,"[{""extractor"": ""aliked"", ""elapsed_ms"": 685.25, ""error"": """", ""match_count"": 32, ""inliers"": 7, ""inlier_ratio"": 0.2188, ""rmse"": 1.186, ""registration_reliable"": false, ""reliability_reasons"": [""inliers < 8"", ""inlier_ratio < 0.25"", ""bad_homography_shape""], ""poor_spatial_coverage"": false, ""bad_homography_shape"": true}]",2360.16,847.44,3214.62,,C:\Users\86158\Desktop\codxRoot\workspace\diffusion_lightglue_cascade_study_100\runs\coarse\strategy_single-aliked-rgb_steps_8_keypoints_2048\0004_ROIs1970_fall_35_p527,False
coarse,5,spring,ROIs1158_spring_63_p750,E:\Data\spring\s1_63\ROIs1158_spring_s1_63_p750.png,E:\Data\spring\s2_63\ROIs1158_spring_s2_63_p750.png,8,2048,aliked,single,aliked,rgb,single-aliked-rgb,aliked,True,True,59,21,0.3559,1.7391,0.321663,74.1806,7.5253,9.7849,,False,False,False,"[{""extractor"": ""aliked"", ""elapsed_ms"": 667.16, ""error"": """", ""match_count"": 59, ""inliers"": 21, ""inlier_ratio"": 0.3559, ""rmse"": 1.7391, ""registration_reliable"": true, ""reliability_reasons"": [], ""poor_spatial_coverage"": false, ""bad_homography_shape"": false}]",2376.31,821.54,3204.91,,C:\Users\86158\Desktop\codxRoot\workspace\diffusion_lightglue_cascade_study_100\runs\coarse\strategy_single-aliked-rgb_steps_8_keypoints_2048\0005_ROIs1158_spring_63_p750,False
coarse,6,summer,ROIs1868_summer_47_p745,E:\Data\summer\s1_47\ROIs1868_summer_s1_47_p745.png,E:\Data\summer\s2_47\ROIs1868_summer_s2_47_p745.png,8,2048,aliked,single,aliked,rgb,single-aliked-rgb,aliked,True,True,47,16,0.3404,1.542,0.252125,83.9928,-61.0725,-36.1393,,False,False,False,"[{""extractor"": ""aliked"", ""elapsed_ms"": 680.63, ""error"": """", ""match_count"": 47, ""inliers"": 16, ""inlier_ratio"": 0.3404, ""rmse"": 1.542, ""registration_reliable"": true, ""reliability_reasons"": [], ""poor_spatial_coverage"": false, ""bad_homography_shape"": false}]",2361.38,824.44,3193.13,,C:\Users\86158\Desktop\codxRoot\workspace\diffusion_lightglue_cascade_study_100\runs\coarse\strategy_single-aliked-rgb_steps_8_keypoints_2048\0006_ROIs1868_summer_47_p745,False
coarse,7,winter,ROIs2017_winter_35_p879,E:\Data\winter\s1_35\ROIs2017_winter_s1_35_p879.png,E:\Data\winter\s2_35\ROIs2017_winter_s2_35_p879.png,8,2048,aliked,single,aliked,rgb,single-aliked-rgb,aliked,True,False,25,6,0.24,0.6608,0.222129,136.1416,221.6972,217.8358,inliers < 8;inlier_ratio < 0.25;bad_homography_shape,False,True,False,"[{""extractor"": ""aliked"", ""elapsed_ms"": 680.42, ""error"": """", ""match_count"": 25, ""inliers"": 6, ""inlier_ratio"": 0.24, ""rmse"": 0.6608, ""registration_reliable"": false, ""reliability_reasons"": [""inliers < 8"", ""inlier_ratio < 0.25"", ""bad_homography_shape""], ""poor_spatial_coverage"": false, ""bad_homography_shape"": true}]",2365.66,812.19,3185.32,,C:\Users\86158\Desktop\codxRoot\workspace\diffusion_lightglue_cascade_study_100\runs\coarse\strategy_single-aliked-rgb_steps_8_keypoints_2048\0007_ROIs2017_winter_35_p879,False
coarse,8,fall,ROIs1970_fall_83_p473,E:\Data\fall\s1_83\ROIs1970_fall_s1_83_p473.png,E:\Data\fall\s2_83\ROIs1970_fall_s2_83_p473.png,8,2048,aliked,single,aliked,rgb,single-aliked-rgb,aliked,True,False,31,8,0.2581,1.0613,0.26814,60.2112,245.6417,450.74,bad_homography_shape,False,True,False,"[{""extractor"": ""aliked"", ""elapsed_ms"": 671.62, ""error"": """", ""match_count"": 31, ""inliers"": 8, ""inlier_ratio"": 0.2581, ""rmse"": 1.0613, ""registration_reliable"": false, ""reliability_reasons"": [""bad_homography_shape""], ""poor_spatial_coverage"": false, ""bad_homography_shape"": true}]",2336.2,812.38,3157.24,,C:\Users\86158\Desktop\codxRoot\workspace\diffusion_lightglue_cascade_study_100\runs\coarse\strategy_single-aliked-rgb_steps_8_keypoints_2048\0008_ROIs1970_fall_83_p473,False
coarse,9,spring,ROIs1158_spring_42_p965,E:\Data\spring\s1_42\ROIs1158_spring_s1_42_p965.png,E:\Data\spring\s2_42\ROIs1158_spring_s2_42_p965.png,8,2048,aliked,single,aliked,rgb,single-aliked-rgb,aliked,True,False,21,6,0.2857,0.9379,0.216328,34.0704,71.1067,17.1658,inliers < 8;bad_homography_shape,False,True,False,"[{""extractor"": ""aliked"", ""elapsed_ms"": 669.36, ""error"": """", ""match_count"": 21, ""inliers"": 6, ""inlier_ratio"": 0.2857, ""rmse"": 0.9379, ""registration_reliable"": false, ""reliability_reasons"": [""inliers < 8"", ""bad_homography_shape""], ""poor_spatial_coverage"": false, ""bad_homography_shape"": true}]",2344.49,825.77,3178.16,,C:\Users\86158\Desktop\codxRoot\workspace\diffusion_lightglue_cascade_study_100\runs\coarse\strategy_single-aliked-rgb_steps_8_keypoints_2048\0009_ROIs1158_spring_42_p965,False
coarse,10,summer,ROIs1868_summer_32_p1033,E:\Data\summer\s1_32\ROIs1868_summer_s1_32_p1033.png,E:\Data\summer\s2_32\ROIs1868_summer_s2_32_p1033.png,8,2048,aliked,single,aliked,rgb,single-aliked-rgb,aliked,True,False,93,9,0.0968,1.1712,0.232678,68.6851,61.3266,-93.9345,inlier_ratio < 0.25,False,False,False,"[{""extractor"": ""aliked"", ""elapsed_ms"": 706.56, ""error"": """", ""match_count"": 93, ""inliers"": 9, ""inlier_ratio"": 0.0968, ""rmse"": 1.1712, ""registration_reliable"": false, ""reliability_reasons"": [""inlier_ratio < 0.25""], ""poor_spatial_coverage"": false, ""bad_homography_shape"": false}]",2346.1,864.51,3218.68,,C:\Users\86158\Desktop\codxRoot\workspace\diffusion_lightglue_cascade_study_100\runs\coarse\strategy_single-aliked-rgb_steps_8_keypoints_2048\0010_ROIs1868_summer_32_p1033,False
coarse,11,winter,ROIs2017_winter_63_p843,E:\Data\winter\s1_63\ROIs2017_winter_s1_63_p843.png,E:\Data\winter\s2_63\ROIs2017_winter_s2_63_p843.png,8,2048,aliked,single,aliked,rgb,single-aliked-rgb,aliked,True,False,67,13,0.194,1.675,0.28328,54.7774,10.0779,-2.0683,inlier_ratio < 0.25;bad_homography_shape,False,True,False,"[{""extractor"": ""aliked"", ""elapsed_ms"": 679.63, ""error"": """", ""match_count"": 67, ""inliers"": 13, ""inlier_ratio"": 0.194, ""rmse"": 1.675, ""registration_reliable"": false, ""reliability_reasons"": [""inlier_ratio < 0.25"", ""bad_homography_shape""], ""poor_spatial_coverage"": false, ""bad_homography_shape"": true}]",2357.84,829.36,3199.16,,C:\Users\86158\Desktop\codxRoot\workspace\diffusion_lightglue_cascade_study_100\runs\coarse\strategy_single-aliked-rgb_steps_8_keypoints_2048\0011_ROIs2017_winter_63_p843,False
coarse,12,fall,ROIs1970_fall_29_p33,E:\Data\fall\s1_29\ROIs1970_fall_s1_29_p33.png,E:\Data\fall\s2_29\ROIs1970_fall_s2_29_p33.png,8,2048,aliked,single,aliked,rgb,single-aliked-rgb,aliked,True,True,130,93,0.7154,1.7214,0.477313,79.3295,-2.3704,-3.0767,,False,False,False,"[{""extractor"": ""aliked"", ""elapsed_ms"": 708.69, ""error"": """", ""match_count"": 130, ""inliers"": 93, ""inlier_ratio"": 0.7154, ""rmse"": 1.7214, ""registration_reliable"": true, ""reliability_reasons"": [], ""poor_spatial_coverage"": false, ""bad_homography_shape"": false}]",2376.41,862.05,3245.99,,C:\Users\86158\Desktop\codxRoot\workspace\diffusion_lightglue_cascade_study_100\runs\coarse\strategy_single-aliked-rgb_steps_8_keypoints_2048\0012_ROIs1970_fall_29_p33,False
coarse,13,spring,ROIs1158_spring_80_p718,E:\Data\spring\s1_80\ROIs1158_spring_s1_80_p718.png,E:\Data\spring\s2_80\ROIs1158_spring_s2_80_p718.png,8,2048,aliked,single,aliked,rgb,single-aliked-rgb,aliked,True,False,54,8,0.1481,1.3106,0.287109,157.034,947.6985,245.3849,inlier_ratio < 0.25;bad_homography_shape,False,True,False,"[{""extractor"": ""aliked"", ""elapsed_ms"": 673.05, ""error"": """", ""match_count"": 54, ""inliers"": 8, ""inlier_ratio"": 0.1481, ""rmse"": 1.3106, ""registration_reliable"": false, ""reliability_reasons"": [""inlier_ratio < 0.25"", ""bad_homography_shape""], ""poor_spatial_coverage"": false, ""bad_homography_shape"": true}]",2399.17,824.76,3231.44,,C:\Users\86158\Desktop\codxRoot\workspace\diffusion_lightglue_cascade_study_100\runs\coarse\strategy_single-aliked-rgb_steps_8_keypoints_2048\0013_ROIs1158_spring_80_p718,False
coarse,14,summer,ROIs1868_summer_0_p457,E:\Data\summer\s1_0\ROIs1868_summer_s1_0_p457.png,E:\Data\summer\s2_0\ROIs1868_summer_s2_0_p457.png,8,2048,aliked,single,aliked,rgb,single-aliked-rgb,aliked,True,False,16,5,0.3125,0.43,0.278348,146.2058,145.3633,-224.0684,inliers < 8,False,False,False,"[{""extractor"": ""aliked"", ""elapsed_ms"": 674.13, ""error"": """", ""match_count"": 16, ""inliers"": 5, ""inlier_ratio"": 0.3125, ""rmse"": 0.43, ""registration_reliable"": false, ""reliability_reasons"": [""inliers < 8""], ""poor_spatial_coverage"": false, ""bad_homography_shape"": false}]",2315.68,808.03,3130.92,,C:\Users\86158\Desktop\codxRoot\workspace\diffusion_lightglue_cascade_study_100\runs\coarse\strategy_single-aliked-rgb_steps_8_keypoints_2048\0014_ROIs1868_summer_0_p457,False
coarse,15,winter,ROIs2017_winter_29_p511,E:\Data\winter\s1_29\ROIs2017_winter_s1_29_p511.png,E:\Data\winter\s2_29\ROIs2017_winter_s2_29_p511.png,8,2048,aliked,single,aliked,rgb,single-aliked-rgb,aliked,True,False,36,6,0.1667,0.694,0.307266,85.633,-66.6687,85.4954,inliers < 8;inlier_ratio < 0.25;bad_homography_shape,False,True,False,"[{""extractor"": ""aliked"", ""elapsed_ms"": 677.96, ""error"": """", ""match_count"": 36, ""inliers"": 6, ""inlier_ratio"": 0.1667, ""rmse"": 0.694, ""registration_reliable"": false, ""reliability_reasons"": [""inliers < 8"", ""inlier_ratio < 0.25"", ""bad_homography_shape""], ""poor_spatial_coverage"": false, ""bad_homography_shape"": true}]",2384.02,816.58,3208.58,,C:\Users\86158\Desktop\codxRoot\workspace\diffusion_lightglue_cascade_study_100\runs\coarse\strategy_single-aliked-rgb_steps_8_keypoints_2048\0015_ROIs2017_winter_29_p511,False
coarse,16,fall,ROIs1970_fall_52_p762,E:\Data\fall\s1_52\ROIs1970_fall_s1_52_p762.png,E:\Data\fall\s2_52\ROIs1970_fall_s2_52_p762.png,8,2048,aliked,single,aliked,rgb,single-aliked-rgb,aliked,True,False,31,7,0.2258,1.0377,0.252901,86.5919,31.465,14.0752,inliers < 8;inlier_ratio < 0.25,False,False,False,"[{""extractor"": ""aliked"", ""elapsed_ms"": 685.42, ""error"": """", ""match_count"": 31, ""inliers"": 7, ""inlier_ratio"": 0.2258, ""rmse"": 1.0377, ""registration_reliable"": false, ""reliability_reasons"": [""inliers < 8"", ""inlier_ratio < 0.25""], ""poor_spatial_coverage"": false, ""bad_homography_shape"": false}]",2364.45,835.83,3207.73,,C:\Users\86158\Desktop\codxRoot\workspace\diffusion_lightglue_cascade_study_100\runs\coarse\strategy_single-aliked-rgb_steps_8_keypoints_2048\0016_ROIs1970_fall_52_p762,False
coarse,17,spring,ROIs1158_spring_127_p361,E:\Data\spring\s1_127\ROIs1158_spring_s1_127_p361.png,E:\Data\spring\s2_127\ROIs1158_spring_s2_127_p361.png,8,2048,aliked,single,aliked,rgb,single-aliked-rgb,aliked,True,False,35,8,0.2286,1.3298,0.320798,82.4407,140.7148,78.1927,inlier_ratio < 0.25;bad_homography_shape,False,True,False,"[{""extractor"": ""aliked"", ""elapsed_ms"": 683.62, ""error"": """", ""match_count"": 35, ""inliers"": 8, ""inlier_ratio"": 0.2286, ""rmse"": 1.3298, ""registration_reliable"": false, ""reliability_reasons"": [""inlier_ratio < 0.25"", ""bad_homography_shape""], ""poor_spatial_coverage"": false, ""bad_homography_shape"": true}]",2354.46,815.24,3176.82,,C:\Users\86158\Desktop\codxRoot\workspace\diffusion_lightglue_cascade_study_100\runs\coarse\strategy_single-aliked-rgb_steps_8_keypoints_2048\0017_ROIs1158_spring_127_p361,False
coarse,18,summer,ROIs1868_summer_120_p533,E:\Data\summer\s1_120\ROIs1868_summer_s1_120_p533.png,E:\Data\summer\s2_120\ROIs1868_summer_s2_120_p533.png,8,2048,aliked,single,aliked,rgb,single-aliked-rgb,aliked,True,False,40,7,0.175,1.1366,0.231045,64.4773,47.1606,21.0785,inliers < 8;inlier_ratio < 0.25,False,False,False,"[{""extractor"": ""aliked"", ""elapsed_ms"": 511.61, ""error"": """", ""match_count"": 40, ""inliers"": 7, ""inlier_ratio"": 0.175, ""rmse"": 1.1366, ""registration_reliable"": false, ""reliability_reasons"": [""inliers < 8"", ""inlier_ratio < 0.25""], ""poor_spatial_coverage"": false, ""bad_homography_shape"": false}]",1875.4,615.35,2498.99,,C:\Users\86158\Desktop\codxRoot\workspace\diffusion_lightglue_cascade_study_100\runs\coarse\strategy_single-aliked-rgb_steps_8_keypoints_2048\0018_ROIs1868_summer_120_p533,False
coarse,19,winter,winter_img_temperate_p616,E:\Data\winter\s1_171\winter_img_temperate_p616.png,E:\Data\winter\s2_171\winter_img_temperate_p616.png,8,2048,aliked,single,aliked,rgb,single-aliked-rgb,aliked,True,False,0,0,0.0,,0.0,55.5411,,,inliers < 8;inlier_ratio < 0.25;rmse unavailable;poor_spatial_coverage;bad_homography_shape,True,True,False,"[{""extractor"": ""aliked"", ""elapsed_ms"": 754.1, ""error"": """", ""match_count"": 0, ""inliers"": 0, ""inlier_ratio"": 0.0, ""rmse"": null, ""registration_reliable"": false, ""reliability_reasons"": [""inliers < 8"", ""inlier_ratio < 0.25"", ""rmse unavailable"", ""poor_spatial_coverage"", ""bad_homography_shape""], ""poor_spatial_coverage"": true, ""bad_homography_shape"": true}]",2315.49,912.88,3234.57,,C:\Users\86158\Desktop\codxRoot\workspace\diffusion_lightglue_cascade_study_100\runs\coarse\strategy_single-aliked-rgb_steps_8_keypoints_2048\0019_winter_img_temperate_p616,False
coarse,20,fall,ROIs1970_fall_32_p908,E:\Data\fall\s1_32\ROIs1970_fall_s1_32_p908.png,E:\Data\fall\s2_32\ROIs1970_fall_s2_32_p908.png,8,2048,aliked,single,aliked,rgb,single-aliked-rgb,aliked,True,False,21,6,0.2857,1.0133,0.212554,68.514,-150.4158,10.1965,inliers < 8;bad_homography_shape,False,True,False,"[{""extractor"": ""aliked"", ""elapsed_ms"": 681.81, ""error"": """", ""match_count"": 21, ""inliers"": 6, ""inlier_ratio"": 0.2857, ""rmse"": 1.0133, ""registration_reliable"": false, ""reliability_reasons"": [""inliers < 8"", ""bad_homography_shape""], ""poor_spatial_coverage"": false, ""bad_homography_shape"": true}]",2350.64,845.01,3203.23,,C:\Users\86158\Desktop\codxRoot\workspace\diffusion_lightglue_cascade_study_100\runs\coarse\strategy_single-aliked-rgb_steps_8_keypoints_2048\0020_ROIs1970_fall_32_p908,False
coarse,21,spring,ROIs1158_spring_40_p799,E:\Data\spring\s1_40\ROIs1158_spring_s1_40_p799.png,E:\Data\spring\s2_40\ROIs1158_spring_s2_40_p799.png,8,2048,aliked,single,aliked,rgb,single-aliked-rgb,aliked,True,False,26,6,0.2308,1.2429,0.264447,75.1212,-746.0239,1176.4998,inliers < 8;inlier_ratio < 0.25;bad_homography_shape,False,True,False,"[{""extractor"": ""aliked"", ""elapsed_ms"": 679.39, ""error"": """", ""match_count"": 26, ""inliers"": 6, ""inlier_ratio"": 0.2308, ""rmse"": 1.2429, ""registration_reliable"": false, ""reliability_reasons"": [""inliers < 8"", ""inlier_ratio < 0.25"", ""bad_homography_shape""], ""poor_spatial_coverage"": false, ""bad_homography_shape"": true}]",2375.89,821.3,3205.0,,C:\Users\86158\Desktop\codxRoot\workspace\diffusion_lightglue_cascade_study_100\runs\coarse\strategy_single-aliked-rgb_steps_8_keypoints_2048\0021_ROIs1158_spring_40_p799,False
coarse,22,summer,ROIs1868_summer_18_p368,E:\Data\summer\s1_18\ROIs1868_summer_s1_18_p368.png,E:\Data\summer\s2_18\ROIs1868_summer_s2_18_p368.png,8,2048,aliked,single,aliked,rgb,single-aliked-rgb,aliked,True,False,59,13,0.2203,1.8172,0.248995,81.6536,7.2982,-4.2888,inlier_ratio < 0.25,False,False,False,"[{""extractor"": ""aliked"", ""elapsed_ms"": 684.2, ""error"": """", ""match_count"": 59, ""inliers"": 13, ""inlier_ratio"": 0.2203, ""rmse"": 1.8172, ""registration_reliable"": false, ""reliability_reasons"": [""inlier_ratio < 0.25""], ""poor_spatial_coverage"": false, ""bad_homography_shape"": false}]",2336.84,838.49,3182.79,,C:\Users\86158\Desktop\codxRoot\workspace\diffusion_lightglue_cascade_study_100\runs\coarse\strategy_single-aliked-rgb_steps_8_keypoints_2048\0022_ROIs1868_summer_18_p368,False
coarse,23,winter,ROIs2017_winter_16_p63,E:\Data\winter\s1_16\ROIs2017_winter_s1_16_p63.png,E:\Data\winter\s2_16\ROIs2017_winter_s2_16_p63.png,8,2048,aliked,single,aliked,rgb,single-aliked-rgb,aliked,True,False,73,14,0.1918,1.6177,0.251987,77.1848,-1072.9588,-344.5008,inlier_ratio < 0.25;bad_homography_shape,False,True,False,"[{""extractor"": ""aliked"", ""elapsed_ms"": 646.52, ""error"": """", ""match_count"": 73, ""inliers"": 14, ""inlier_ratio"": 0.1918, ""rmse"": 1.6177, ""registration_reliable"": false, ""reliability_reasons"": [""inlier_ratio < 0.25"", ""bad_homography_shape""], ""poor_spatial_coverage"": false, ""bad_homography_shape"": true}]",2280.9,782.4,3071.27,,C:\Users\86158\Desktop\codxRoot\workspace\diffusion_lightglue_cascade_study_100\runs\coarse\strategy_single-aliked-rgb_steps_8_keypoints_2048\0023_ROIs2017_winter_16_p63,False
coarse,24,fall,ROIs1970_fall_102_p1432,E:\Data\fall\s1_102\ROIs1970_fall_s1_102_p1432.png,E:\Data\fall\s2_102\ROIs1970_fall_s2_102_p1432.png,8,2048,aliked,single,aliked,rgb,single-aliked-rgb,aliked,True,False,24,6,0.25,0.7953,0.296913,86.6672,24.9745,0.4626,inliers < 8;bad_homography_shape,False,True,False,"[{""extractor"": ""aliked"", ""elapsed_ms"": 652.63, ""error"": """", ""match_count"": 24, ""inliers"": 6, ""inlier_ratio"": 0.25, ""rmse"": 0.7953, ""registration_reliable"": false, ""reliability_reasons"": [""inliers < 8"", ""bad_homography_shape""], ""poor_spatial_coverage"": false, ""bad_homography_shape"": true}]",2360.0,802.53,3169.47,,C:\Users\86158\Desktop\codxRoot\workspace\diffusion_lightglue_cascade_study_100\runs\coarse\strategy_single-aliked-rgb_steps_8_keypoints_2048\0024_ROIs1970_fall_102_p1432,False
coarse,25,spring,ROIs1158_spring_5_p429,E:\Data\spring\s1_5\ROIs1158_spring_s1_5_p429.png,E:\Data\spring\s2_5\ROIs1158_spring_s2_5_p429.png,8,2048,aliked,single,aliked,rgb,single-aliked-rgb,aliked,True,True,137,40,0.292,2.036,0.243219,68.8029,5.5115,-0.1549,,False,False,False,"[{""extractor"": ""aliked"", ""elapsed_ms"": 678.2, ""error"": """", ""match_count"": 137, ""inliers"": 40, ""inlier_ratio"": 0.292, ""rmse"": 2.036, ""registration_reliable"": true, ""reliability_reasons"": [], ""poor_spatial_coverage"": false, ""bad_homography_shape"": false}]",2354.31,836.2,3198.96,,C:\Users\86158\Desktop\codxRoot\workspace\diffusion_lightglue_cascade_study_100\runs\coarse\strategy_single-aliked-rgb_steps_8_keypoints_2048\0025_ROIs1158_spring_5_p429,False
coarse,26,summer,ROIs1868_summer_41_p1071,E:\Data\summer\s1_41\ROIs1868_summer_s1_41_p1071.png,E:\Data\summer\s2_41\ROIs1868_summer_s2_41_p1071.png,8,2048,aliked,single,aliked,rgb,single-aliked-rgb,aliked,True,False,48,11,0.2292,1.8219,0.322125,95.4562,2.4141,-9.6,inlier_ratio < 0.25,False,False,False,"[{""extractor"": ""aliked"", ""elapsed_ms"": 658.2, ""error"": """", ""match_count"": 48, ""inliers"": 11, ""inlier_ratio"": 0.2292, ""rmse"": 1.8219, ""registration_reliable"": false, ""reliability_reasons"": [""inlier_ratio < 0.25""], ""poor_spatial_coverage"": false, ""bad_homography_shape"": false}]",2324.21,817.14,3148.69,,C:\Users\86158\Desktop\codxRoot\workspace\diffusion_lightglue_cascade_study_100\runs\coarse\strategy_single-aliked-rgb_steps_8_keypoints_2048\0026_ROIs1868_summer_41_p1071,False
coarse,27,winter,ROIs2017_winter_51_p391,E:\Data\winter\s1_51\ROIs2017_winter_s1_51_p391.png,E:\Data\winter\s2_51\ROIs2017_winter_s2_51_p391.png,8,2048,aliked,single,aliked,rgb,single-aliked-rgb,aliked,True,False,3,0,0.0,,0.30307,113.751,,,inliers < 8;inlier_ratio < 0.25;rmse unavailable;poor_spatial_coverage;bad_homography_shape,True,True,False,"[{""extractor"": ""aliked"", ""elapsed_ms"": 667.69, ""error"": """", ""match_count"": 3, ""inliers"": 0, ""inlier_ratio"": 0.0, ""rmse"": null, ""registration_reliable"": false, ""reliability_reasons"": [""inliers < 8"", ""inlier_ratio < 0.25"", ""rmse unavailable"", ""poor_spatial_coverage"", ""bad_homography_shape""], ""poor_spatial_coverage"": true, ""bad_homography_shape"": true}]",2330.39,806.01,3143.87,,C:\Users\86158\Desktop\codxRoot\workspace\diffusion_lightglue_cascade_study_100\runs\coarse\strategy_single-aliked-rgb_steps_8_keypoints_2048\0027_ROIs2017_winter_51_p391,False
coarse,28,fall,ROIs1970_fall_143_p169,E:\Data\fall\s1_143\ROIs1970_fall_s1_143_p169.png,E:\Data\fall\s2_143\ROIs1970_fall_s2_143_p169.png,8,2048,aliked,single,aliked,rgb,single-aliked-rgb,aliked,True,True,38,10,0.2632,1.4238,0.277601,116.5158,-161.463,-161.2526,,False,False,False,"[{""extractor"": ""aliked"", ""elapsed_ms"": 687.01, ""error"": """", ""match_count"": 38, ""inliers"": 10, ""inlier_ratio"": 0.2632, ""rmse"": 1.4238, ""registration_reliable"": true, ""reliability_reasons"": [], ""poor_spatial_coverage"": false, ""bad_homography_shape"": false}]",2364.32,831.11,3203.78,,C:\Users\86158\Desktop\codxRoot\workspace\diffusion_lightglue_cascade_study_100\runs\coarse\strategy_single-aliked-rgb_steps_8_keypoints_2048\0028_ROIs1970_fall_143_p169,False
coarse,29,spring,ROIs1158_spring_47_p850,E:\Data\spring\s1_47\ROIs1158_spring_s1_47_p850.png,E:\Data\spring\s2_47\ROIs1158_spring_s2_47_p850.png,8,2048,aliked,single,aliked,rgb,single-aliked-rgb,aliked,True,True,38,18,0.4737,1.8103,0.233555,62.9814,-8.0938,-24.2251,,False,False,False,"[{""extractor"": ""aliked"", ""elapsed_ms"": 680.42, ""error"": """", ""match_count"": 38, ""inliers"": 18, ""inlier_ratio"": 0.4737, ""rmse"": 1.8103, ""registration_reliable"": true, ""reliability_reasons"": [], ""poor_spatial_coverage"": false, ""bad_homography_shape"": false}]",2345.46,798.54,3151.51,,C:\Users\86158\Desktop\codxRoot\workspace\diffusion_lightglue_cascade_study_100\runs\coarse\strategy_single-aliked-rgb_steps_8_keypoints_2048\0029_ROIs1158_spring_47_p850,False
coarse,30,summer,ROIs1868_summer_128_p934,E:\Data\summer\s1_128\ROIs1868_summer_s1_128_p934.png,E:\Data\summer\s2_128\ROIs1868_summer_s2_128_p934.png,8,2048,aliked,single,aliked,rgb,single-aliked-rgb,aliked,True,False,21,6,0.2857,0.7803,0.280914,107.7503,-19.421,86.2918,inliers < 8;bad_homography_shape,False,True,False,"[{""extractor"": ""aliked"", ""elapsed_ms"": 676.14, ""error"": """", ""match_count"": 21, ""inliers"": 6, ""inlier_ratio"": 0.2857, ""rmse"": 0.7803, ""registration_reliable"": false, ""reliability_reasons"": [""inliers < 8"", ""bad_homography_shape""], ""poor_spatial_coverage"": false, ""bad_homography_shape"": true}]",2312.96,805.86,3126.58,,C:\Users\86158\Desktop\codxRoot\workspace\diffusion_lightglue_cascade_study_100\runs\coarse\strategy_single-aliked-rgb_steps_8_keypoints_2048\0030_ROIs1868_summer_128_p934,False
coarse,31,winter,ROIs2017_winter_112_p60,E:\Data\winter\s1_112\ROIs2017_winter_s1_112_p60.png,E:\Data\winter\s2_112\ROIs2017_winter_s2_112_p60.png,8,2048,aliked,single,aliked,rgb,single-aliked-rgb,aliked,True,True,23,9,0.3913,1.4079,0.345789,44.5741,18.9259,23.3997,,False,False,False,"[{""extractor"": ""aliked"", ""elapsed_ms"": 683.62, ""error"": """", ""match_count"": 23, ""inliers"": 9, ""inlier_ratio"": 0.3913, ""rmse"": 1.4079, ""registration_reliable"": true, ""reliability_reasons"": [], ""poor_spatial_coverage"": false, ""bad_homography_shape"": false}]",2332.23,811.49,3151.34,,C:\Users\86158\Desktop\codxRoot\workspace\diffusion_lightglue_cascade_study_100\runs\coarse\strategy_single-aliked-rgb_steps_8_keypoints_2048\0031_ROIs2017_winter_112_p60,False
coarse,32,fall,ROIs1970_fall_29_p868,E:\Data\fall\s1_29\ROIs1970_fall_s1_29_p868.png,E:\Data\fall\s2_29\ROIs1970_fall_s2_29_p868.png,8,2048,aliked,single,aliked,rgb,single-aliked-rgb,aliked,True,True,122,61,0.5,1.766,0.382729,67.8455,-1.2748,3.9964,,False,False,False,"[{""extractor"": ""aliked"", ""elapsed_ms"": 680.84, ""error"": """", ""match_count"": 122, ""inliers"": 61, ""inlier_ratio"": 0.5, ""rmse"": 1.766, ""registration_reliable"": true, ""reliability_reasons"": [], ""poor_spatial_coverage"": false, ""bad_homography_shape"": false}]",2346.94,831.68,3186.34,,C:\Users\86158\Desktop\codxRoot\workspace\diffusion_lightglue_cascade_study_100\runs\coarse\strategy_single-aliked-rgb_steps_8_keypoints_2048\0032_ROIs1970_fall_29_p868,False
coarse,33,spring,ROIs1158_spring_137_p652,E:\Data\spring\s1_137\ROIs1158_spring_s1_137_p652.png,E:\Data\spring\s2_137\ROIs1158_spring_s2_137_p652.png,8,2048,aliked,single,aliked,rgb,single-aliked-rgb,aliked,True,False,17,5,0.2941,0.5792,0.216917,58.6205,-115.8683,70.7246,inliers < 8;bad_homography_shape,False,True,False,"[{""extractor"": ""aliked"", ""elapsed_ms"": 681.07, ""error"": """", ""match_count"": 17, ""inliers"": 5, ""inlier_ratio"": 0.2941, ""rmse"": 0.5792, ""registration_reliable"": false, ""reliability_reasons"": [""inliers < 8"", ""bad_homography_shape""], ""poor_spatial_coverage"": false, ""bad_homography_shape"": true}]",2446.99,825.27,3280.8,,C:\Users\86158\Desktop\codxRoot\workspace\diffusion_lightglue_cascade_study_100\runs\coarse\strategy_single-aliked-rgb_steps_8_keypoints_2048\0033_ROIs1158_spring_137_p652,False
coarse,34,summer,ROIs1868_summer_32_p922,E:\Data\summer\s1_32\ROIs1868_summer_s1_32_p922.png,E:\Data\summer\s2_32\ROIs1868_summer_s2_32_p922.png,8,2048,aliked,single,aliked,rgb,single-aliked-rgb,aliked,True,False,61,7,0.1148,1.2607,0.247547,48.8863,-244.3473,-139.7238,inliers < 8;inlier_ratio < 0.25;bad_homography_shape,False,True,False,"[{""extractor"": ""aliked"", ""elapsed_ms"": 709.95, ""error"": """", ""match_count"": 61, ""inliers"": 7, ""inlier_ratio"": 0.1148, ""rmse"": 1.2607, ""registration_reliable"": false, ""reliability_reasons"": [""inliers < 8"", ""inlier_ratio < 0.25"", ""bad_homography_shape""], ""poor_spatial_coverage"": false, ""bad_homography_shape"": true}]",1734.45,877.11,2616.41,,C:\Users\86158\Desktop\codxRoot\workspace\diffusion_lightglue_cascade_study_100\runs\coarse\strategy_single-aliked-rgb_steps_8_keypoints_2048\0034_ROIs1868_summer_32_p922,False
coarse,35,winter,ROIs2017_winter_19_p550,E:\Data\winter\s1_19\ROIs2017_winter_s1_19_p550.png,E:\Data\winter\s2_19\ROIs2017_winter_s2_19_p550.png,8,2048,aliked,single,aliked,rgb,single-aliked-rgb,aliked,True,True,34,10,0.2941,1.3793,0.299933,40.2074,175.3998,27.8426,,False,False,False,"[{""extractor"": ""aliked"", ""elapsed_ms"": 677.65, ""error"": """", ""match_count"": 34, ""inliers"": 10, ""inlier_ratio"": 0.2941, ""rmse"": 1.3793, ""registration_reliable"": true, ""reliability_reasons"": [], ""poor_spatial_coverage"": false, ""bad_homography_shape"": false}]",2336.32,819.76,3163.73,,C:\Users\86158\Desktop\codxRoot\workspace\diffusion_lightglue_cascade_study_100\runs\coarse\strategy_single-aliked-rgb_steps_8_keypoints_2048\0035_ROIs2017_winter_19_p550,False
coarse,36,fall,ROIs1970_fall_143_p1286,E:\Data\fall\s1_143\ROIs1970_fall_s1_143_p1286.png,E:\Data\fall\s2_143\ROIs1970_fall_s2_143_p1286.png,8,2048,aliked,single,aliked,rgb,single-aliked-rgb,aliked,True,False,30,9,0.3,1.7024,0.273072,60.2736,136.2299,66.5093,poor_spatial_coverage;bad_homography_shape,True,True,False,"[{""extractor"": ""aliked"", ""elapsed_ms"": 695.58, ""error"": """", ""match_count"": 30, ""inliers"": 9, ""inlier_ratio"": 0.3, ""rmse"": 1.7024, ""registration_reliable"": false, ""reliability_reasons"": [""poor_spatial_coverage"", ""bad_homography_shape""], ""poor_spatial_coverage"": true, ""bad_homography_shape"": true}]",2349.93,846.0,3204.65,,C:\Users\86158\Desktop\codxRoot\workspace\diffusion_lightglue_cascade_study_100\runs\coarse\strategy_single-aliked-rgb_steps_8_keypoints_2048\0036_ROIs1970_fall_143_p1286,False
coarse,37,spring,ROIs1158_spring_27_p756,E:\Data\spring\s1_27\ROIs1158_spring_s1_27_p756.png,E:\Data\spring\s2_27\ROIs1158_spring_s2_27_p756.png,8,2048,aliked,single,aliked,rgb,single-aliked-rgb,aliked,True,True,172,81,0.4709,1.7995,0.311284,81.4317,-0.501,0.5805,,False,False,False,"[{""extractor"": ""aliked"", ""elapsed_ms"": 679.96, ""error"": """", ""match_count"": 172, ""inliers"": 81, ""inlier_ratio"": 0.4709, ""rmse"": 1.7995, ""registration_reliable"": true, ""reliability_reasons"": [], ""poor_spatial_coverage"": false, ""bad_homography_shape"": false}]",2377.77,809.51,3194.93,,C:\Users\86158\Desktop\codxRoot\workspace\diffusion_lightglue_cascade_study_100\runs\coarse\strategy_single-aliked-rgb_steps_8_keypoints_2048\0037_ROIs1158_spring_27_p756,False
coarse,38,summer,ROIs1868_summer_20_p1016,E:\Data\summer\s1_20\ROIs1868_summer_s1_20_p1016.png,E:\Data\summer\s2_20\ROIs1868_summer_s2_20_p1016.png,8,2048,aliked,single,aliked,rgb,single-aliked-rgb,aliked,True,True,54,15,0.2778,1.7268,0.413857,50.6895,16.0217,-78.3505,,False,False,False,"[{""extractor"": ""aliked"", ""elapsed_ms"": 689.13, ""error"": """", ""match_count"": 54, ""inliers"": 15, ""inlier_ratio"": 0.2778, ""rmse"": 1.7268, ""registration_reliable"": true, ""reliability_reasons"": [], ""poor_spatial_coverage"": false, ""bad_homography_shape"": false}]",2378.86,826.9,3213.85,,C:\Users\86158\Desktop\codxRoot\workspace\diffusion_lightglue_cascade_study_100\runs\coarse\strategy_single-aliked-rgb_steps_8_keypoints_2048\0038_ROIs1868_summer_20_p1016,False
coarse,39,winter,ROIs2017_winter_33_p1737,E:\Data\winter\s1_33\ROIs2017_winter_s1_33_p1737.png,E:\Data\winter\s2_33\ROIs2017_winter_s2_33_p1737.png,8,2048,aliked,single,aliked,rgb,single-aliked-rgb,aliked,True,True,27,8,0.2963,0.9955,0.347021,135.2037,-146.6677,-124.5798,,False,False,False,"[{""extractor"": ""aliked"", ""elapsed_ms"": 675.55, ""error"": """", ""match_count"": 27, ""inliers"": 8, ""inlier_ratio"": 0.2963, ""rmse"": 0.9955, ""registration_reliable"": true, ""reliability_reasons"": [], ""poor_spatial_coverage"": false, ""bad_homography_shape"": false}]",2335.7,810.82,3154.51,,C:\Users\86158\Desktop\codxRoot\workspace\diffusion_lightglue_cascade_study_100\runs\coarse\strategy_single-aliked-rgb_steps_8_keypoints_2048\0039_ROIs2017_winter_33_p1737,False
coarse,40,fall,ROIs1970_fall_37_p971,E:\Data\fall\s1_37\ROIs1970_fall_s1_37_p971.png,E:\Data\fall\s2_37\ROIs1970_fall_s2_37_p971.png,8,2048,aliked,single,aliked,rgb,single-aliked-rgb,aliked,True,True,49,13,0.2653,1.497,0.212947,91.7784,-9.7042,0.0316,,False,False,False,"[{""extractor"": ""aliked"", ""elapsed_ms"": 683.34, ""error"": """", ""match_count"": 49, ""inliers"": 13, ""inlier_ratio"": 0.2653, ""rmse"": 1.497, ""registration_reliable"": true, ""reliability_reasons"": [], ""poor_spatial_coverage"": false, ""bad_homography_shape"": false}]",2368.72,832.24,3208.69,,C:\Users\86158\Desktop\codxRoot\workspace\diffusion_lightglue_cascade_study_100\runs\coarse\strategy_single-aliked-rgb_steps_8_keypoints_2048\0040_ROIs1970_fall_37_p971,False
coarse,41,spring,ROIs1158_spring_78_p520,E:\Data\spring\s1_78\ROIs1158_spring_s1_78_p520.png,E:\Data\spring\s2_78\ROIs1158_spring_s2_78_p520.png,8,2048,aliked,single,aliked,rgb,single-aliked-rgb,aliked,True,False,33,8,0.2424,1.3947,0.28409,60.567,48.5199,-32.6492,inlier_ratio < 0.25,False,False,False,"[{""extractor"": ""aliked"", ""elapsed_ms"": 681.03, ""error"": """", ""match_count"": 33, ""inliers"": 8, ""inlier_ratio"": 0.2424, ""rmse"": 1.3947, ""registration_reliable"": false, ""reliability_reasons"": [""inlier_ratio < 0.25""], ""poor_spatial_coverage"": false, ""bad_homography_shape"": false}]",2334.82,835.5,3175.91,,C:\Users\86158\Desktop\codxRoot\workspace\diffusion_lightglue_cascade_study_100\runs\coarse\strategy_single-aliked-rgb_steps_8_keypoints_2048\0041_ROIs1158_spring_78_p520,False
coarse,42,summer,ROIs1868_summer_136_p1003,E:\Data\summer\s1_136\ROIs1868_summer_s1_136_p1003.png,E:\Data\summer\s2_136\ROIs1868_summer_s2_136_p1003.png,8,2048,aliked,single,aliked,rgb,single-aliked-rgb,aliked,True,True,58,21,0.3621,1.8068,0.321086,77.7295,17.413,19.6422,,False,False,False,"[{""extractor"": ""aliked"", ""elapsed_ms"": 690.34, ""error"": """", ""match_count"": 58, ""inliers"": 21, ""inlier_ratio"": 0.3621, ""rmse"": 1.8068, ""registration_reliable"": true, ""reliability_reasons"": [], ""poor_spatial_coverage"": false, ""bad_homography_shape"": false}]",2365.2,817.33,3190.01,,C:\Users\86158\Desktop\codxRoot\workspace\diffusion_lightglue_cascade_study_100\runs\coarse\strategy_single-aliked-rgb_steps_8_keypoints_2048\0042_ROIs1868_summer_136_p1003,False
coarse,43,winter,ROIs2017_winter_117_p23,E:\Data\winter\s1_117\ROIs2017_winter_s1_117_p23.png,E:\Data\winter\s2_117\ROIs2017_winter_s2_117_p23.png,8,2048,aliked,single,aliked,rgb,single-aliked-rgb,aliked,True,True,116,59,0.5086,1.9239,0.457383,54.0343,2.6982,-0.3996,,False,False,False,"[{""extractor"": ""aliked"", ""elapsed_ms"": 695.27, ""error"": """", ""match_count"": 116, ""inliers"": 59, ""inlier_ratio"": 0.5086, ""rmse"": 1.9239, ""registration_reliable"": true, ""reliability_reasons"": [], ""poor_spatial_coverage"": false, ""bad_homography_shape"": false}]",2349.11,838.68,3194.91,,C:\Users\86158\Desktop\codxRoot\workspace\diffusion_lightglue_cascade_study_100\runs\coarse\strategy_single-aliked-rgb_steps_8_keypoints_2048\0043_ROIs2017_winter_117_p23,False
coarse,44,fall,ROIs1970_fall_114_p580,E:\Data\fall\s1_114\ROIs1970_fall_s1_114_p580.png,E:\Data\fall\s2_114\ROIs1970_fall_s2_114_p580.png,8,2048,aliked,single,aliked,rgb,single-aliked-rgb,aliked,True,True,126,60,0.4762,1.7473,0.300169,48.0744,2.4222,-2.5994,,False,False,False,"[{""extractor"": ""aliked"", ""elapsed_ms"": 664.06, ""error"": """", ""match_count"": 126, ""inliers"": 60, ""inlier_ratio"": 0.4762, ""rmse"": 1.7473, ""registration_reliable"": true, ""reliability_reasons"": [], ""poor_spatial_coverage"": false, ""bad_homography_shape"": false}]",2310.17,812.56,3130.25,,C:\Users\86158\Desktop\codxRoot\workspace\diffusion_lightglue_cascade_study_100\runs\coarse\strategy_single-aliked-rgb_steps_8_keypoints_2048\0044_ROIs1970_fall_114_p580,False
coarse,45,spring,ROIs1158_spring_115_p718,E:\Data\spring\s1_115\ROIs1158_spring_s1_115_p718.png,E:\Data\spring\s2_115\ROIs1158_spring_s2_115_p718.png,8,2048,aliked,single,aliked,rgb,single-aliked-rgb,aliked,True,True,304,124,0.4079,2.0338,0.274136,58.1116,0.8814,1.1953,,False,False,False,"[{""extractor"": ""aliked"", ""elapsed_ms"": 683.78, ""error"": """", ""match_count"": 304, ""inliers"": 124, ""inlier_ratio"": 0.4079, ""rmse"": 2.0338, ""registration_reliable"": true, ""reliability_reasons"": [], ""poor_spatial_coverage"": false, ""bad_homography_shape"": false}]",2393.35,837.37,3241.06,,C:\Users\86158\Desktop\codxRoot\workspace\diffusion_lightglue_cascade_study_100\runs\coarse\strategy_single-aliked-rgb_steps_8_keypoints_2048\0045_ROIs1158_spring_115_p718,False
coarse,46,summer,ROIs1868_summer_142_p561,E:\Data\summer\s1_142\ROIs1868_summer_s1_142_p561.png,E:\Data\summer\s2_142\ROIs1868_summer_s2_142_p561.png,8,2048,aliked,single,aliked,rgb,single-aliked-rgb,aliked,True,True,107,66,0.6168,1.7236,0.239227,63.3205,1.4325,-0.266,,False,False,False,"[{""extractor"": ""aliked"", ""elapsed_ms"": 697.0, ""error"": """", ""match_count"": 107, ""inliers"": 66, ""inlier_ratio"": 0.6168, ""rmse"": 1.7236, ""registration_reliable"": true, ""reliability_reasons"": [], ""poor_spatial_coverage"": false, ""bad_homography_shape"": false}]",2319.8,845.27,3172.59,,C:\Users\86158\Desktop\codxRoot\workspace\diffusion_lightglue_cascade_study_100\runs\coarse\strategy_single-aliked-rgb_steps_8_keypoints_2048\0046_ROIs1868_summer_142_p561,False
coarse,47,winter,ROIs2017_winter_107_p328,E:\Data\winter\s1_107\ROIs2017_winter_s1_107_p328.png,E:\Data\winter\s2_107\ROIs2017_winter_s2_107_p328.png,8,2048,aliked,single,aliked,rgb,single-aliked-rgb,aliked,True,False,80,9,0.1125,1.1793,0.221336,89.3089,19.9596,21.5563,inlier_ratio < 0.25,False,False,False,"[{""extractor"": ""aliked"", ""elapsed_ms"": 665.49, ""error"": """", ""match_count"": 80, ""inliers"": 9, ""inlier_ratio"": 0.1125, ""rmse"": 1.1793, ""registration_reliable"": false, ""reliability_reasons"": [""inlier_ratio < 0.25""], ""poor_spatial_coverage"": false, ""bad_homography_shape"": false}]",2293.31,815.97,3117.61,,C:\Users\86158\Desktop\codxRoot\workspace\diffusion_lightglue_cascade_study_100\runs\coarse\strategy_single-aliked-rgb_steps_8_keypoints_2048\0047_ROIs2017_winter_107_p328,False
coarse,48,fall,ROIs1970_fall_38_p321,E:\Data\fall\s1_38\ROIs1970_fall_s1_38_p321.png,E:\Data\fall\s2_38\ROIs1970_fall_s2_38_p321.png,8,2048,aliked,single,aliked,rgb,single-aliked-rgb,aliked,True,False,27,10,0.3704,1.3625,0.218072,134.8011,3404.9189,1907.9578,bad_homography_shape,False,True,False,"[{""extractor"": ""aliked"", ""elapsed_ms"": 490.49, ""error"": """", ""match_count"": 27, ""inliers"": 10, ""inlier_ratio"": 0.3704, ""rmse"": 1.3625, ""registration_reliable"": false, ""reliability_reasons"": [""bad_homography_shape""], ""poor_spatial_coverage"": false, ""bad_homography_shape"": true}]",1784.8,579.47,2370.09,,C:\Users\86158\Desktop\codxRoot\workspace\diffusion_lightglue_cascade_study_100\runs\coarse\strategy_single-aliked-rgb_steps_8_keypoints_2048\0048_ROIs1970_fall_38_p321,False
coarse,49,spring,ROIs1158_spring_111_p210,E:\Data\spring\s1_111\ROIs1158_spring_s1_111_p210.png,E:\Data\spring\s2_111\ROIs1158_spring_s2_111_p210.png,8,2048,aliked,single,aliked,rgb,single-aliked-rgb,aliked,True,False,94,12,0.1277,1.4289,0.254411,56.8591,8.2111,4.3134,inlier_ratio < 0.25,False,False,False,"[{""extractor"": ""aliked"", ""elapsed_ms"": 665.78, ""error"": """", ""match_count"": 94, ""inliers"": 12, ""inlier_ratio"": 0.1277, ""rmse"": 1.4289, ""registration_reliable"": false, ""reliability_reasons"": [""inlier_ratio < 0.25""], ""poor_spatial_coverage"": false, ""bad_homography_shape"": false}]",2334.42,817.82,3159.85,,C:\Users\86158\Desktop\codxRoot\workspace\diffusion_lightglue_cascade_study_100\runs\coarse\strategy_single-aliked-rgb_steps_8_keypoints_2048\0049_ROIs1158_spring_111_p210,False
coarse,50,summer,ROIs1868_summer_49_p21,E:\Data\summer\s1_49\ROIs1868_summer_s1_49_p21.png,E:\Data\summer\s2_49\ROIs1868_summer_s2_49_p21.png,8,2048,aliked,single,aliked,rgb,single-aliked-rgb,aliked,True,False,63,15,0.2381,1.6934,0.270871,46.7928,-40.9582,111.6998,inlier_ratio < 0.25,False,False,False,"[{""extractor"": ""aliked"", ""elapsed_ms"": 694.16, ""error"": """", ""match_count"": 63, ""inliers"": 15, ""inlier_ratio"": 0.2381, ""rmse"": 1.6934, ""registration_reliable"": false, ""reliability_reasons"": [""inlier_ratio < 0.25""], ""poor_spatial_coverage"": false, ""bad_homography_shape"": false}]",2328.05,843.03,3178.59,,C:\Users\86158\Desktop\codxRoot\workspace\diffusion_lightglue_cascade_study_100\runs\coarse\strategy_single-aliked-rgb_steps_8_keypoints_2048\0050_ROIs1868_summer_49_p21,False
coarse,51,winter,ROIs2017_winter_36_p235,E:\Data\winter\s1_36\ROIs2017_winter_s1_36_p235.png,E:\Data\winter\s2_36\ROIs2017_winter_s2_36_p235.png,8,2048,aliked,single,aliked,rgb,single-aliked-rgb,aliked,True,False,26,6,0.2308,1.2751,0.256375,73.8886,-212.8745,104.4435,inliers < 8;inlier_ratio < 0.25;bad_homography_shape,False,True,False,"[{""extractor"": ""aliked"", ""elapsed_ms"": 698.38, ""error"": """", ""match_count"": 26, ""inliers"": 6, ""inlier_ratio"": 0.2308, ""rmse"": 1.2751, ""registration_reliable"": false, ""reliability_reasons"": [""inliers < 8"", ""inlier_ratio < 0.25"", ""bad_homography_shape""], ""poor_spatial_coverage"": false, ""bad_homography_shape"": true}]",2348.16,845.4,3200.71,,C:\Users\86158\Desktop\codxRoot\workspace\diffusion_lightglue_cascade_study_100\runs\coarse\strategy_single-aliked-rgb_steps_8_keypoints_2048\0051_ROIs2017_winter_36_p235,False
coarse,52,fall,ROIs1970_fall_35_p888,E:\Data\fall\s1_35\ROIs1970_fall_s1_35_p888.png,E:\Data\fall\s2_35\ROIs1970_fall_s2_35_p888.png,8,2048,aliked,single,aliked,rgb,single-aliked-rgb,aliked,True,True,28,12,0.4286,1.11,0.224289,85.9512,-31.3285,-29.0529,,False,False,False,"[{""extractor"": ""aliked"", ""elapsed_ms"": 672.92, ""error"": """", ""match_count"": 28, ""inliers"": 12, ""inlier_ratio"": 0.4286, ""rmse"": 1.11, ""registration_reliable"": true, ""reliability_reasons"": [], ""poor_spatial_coverage"": false, ""bad_homography_shape"": false}]",2285.15,799.59,3091.86,,C:\Users\86158\Desktop\codxRoot\workspace\diffusion_lightglue_cascade_study_100\runs\coarse\strategy_single-aliked-rgb_steps_8_keypoints_2048\0052_ROIs1970_fall_35_p888,False
coarse,53,spring,ROIs1158_spring_42_p829,E:\Data\spring\s1_42\ROIs1158_spring_s1_42_p829.png,E:\Data\spring\s2_42\ROIs1158_spring_s2_42_p829.png,8,2048,aliked,single,aliked,rgb,single-aliked-rgb,aliked,True,True,39,10,0.2564,1.5132,0.3944,37.8733,-76.3242,103.3793,,False,False,False,"[{""extractor"": ""aliked"", ""elapsed_ms"": 684.45, ""error"": """", ""match_count"": 39, ""inliers"": 10, ""inlier_ratio"": 0.2564, ""rmse"": 1.5132, ""registration_reliable"": true, ""reliability_reasons"": [], ""poor_spatial_coverage"": false, ""bad_homography_shape"": false}]",2323.7,849.31,3181.68,,C:\Users\86158\Desktop\codxRoot\workspace\diffusion_lightglue_cascade_study_100\runs\coarse\strategy_single-aliked-rgb_steps_8_keypoints_2048\0053_ROIs1158_spring_42_p829,False
coarse,54,summer,ROIs1868_summer_4_p420,E:\Data\summer\s1_4\ROIs1868_summer_s1_4_p420.png,E:\Data\summer\s2_4\ROIs1868_summer_s2_4_p420.png,8,2048,aliked,single,aliked,rgb,single-aliked-rgb,aliked,True,True,91,25,0.2747,1.7593,0.28964,90.3642,2.932,-7.7715,,False,False,False,"[{""extractor"": ""aliked"", ""elapsed_ms"": 683.38, ""error"": """", ""match_count"": 91, ""inliers"": 25, ""inlier_ratio"": 0.2747, ""rmse"": 1.7593, ""registration_reliable"": true, ""reliability_reasons"": [], ""poor_spatial_coverage"": false, ""bad_homography_shape"": false}]",2298.46,815.66,3121.38,,C:\Users\86158\Desktop\codxRoot\workspace\diffusion_lightglue_cascade_study_100\runs\coarse\strategy_single-aliked-rgb_steps_8_keypoints_2048\0054_ROIs1868_summer_4_p420,False
coarse,55,winter,ROIs2017_winter_56_p451,E:\Data\winter\s1_56\ROIs2017_winter_s1_56_p451.png,E:\Data\winter\s2_56\ROIs2017_winter_s2_56_p451.png,8,2048,aliked,single,aliked,rgb,single-aliked-rgb,aliked,True,False,22,6,0.2727,0.9978,0.217908,88.3692,-80.4467,-365.9678,inliers < 8;bad_homography_shape,False,True,False,"[{""extractor"": ""aliked"", ""elapsed_ms"": 680.17, ""error"": """", ""match_count"": 22, ""inliers"": 6, ""inlier_ratio"": 0.2727, ""rmse"": 0.9978, ""registration_reliable"": false, ""reliability_reasons"": [""inliers < 8"", ""bad_homography_shape""], ""poor_spatial_coverage"": false, ""bad_homography_shape"": true}]",2351.83,824.24,3183.48,,C:\Users\86158\Desktop\codxRoot\workspace\diffusion_lightglue_cascade_study_100\runs\coarse\strategy_single-aliked-rgb_steps_8_keypoints_2048\0055_ROIs2017_winter_56_p451,False
coarse,56,fall,ROIs1970_fall_2_p627,E:\Data\fall\s1_2\ROIs1970_fall_s1_2_p627.png,E:\Data\fall\s2_2\ROIs1970_fall_s2_2_p627.png,8,2048,aliked,single,aliked,rgb,single-aliked-rgb,aliked,True,False,41,7,0.1707,0.6945,0.304418,95.8102,92.6476,54.9573,inliers < 8;inlier_ratio < 0.25;bad_homography_shape,False,True,False,"[{""extractor"": ""aliked"", ""elapsed_ms"": 682.65, ""error"": """", ""match_count"": 41, ""inliers"": 7, ""inlier_ratio"": 0.1707, ""rmse"": 0.6945, ""registration_reliable"": false, ""reliability_reasons"": [""inliers < 8"", ""inlier_ratio < 0.25"", ""bad_homography_shape""], ""poor_spatial_coverage"": false, ""bad_homography_shape"": true}]",2359.14,824.2,3190.81,,C:\Users\86158\Desktop\codxRoot\workspace\diffusion_lightglue_cascade_study_100\runs\coarse\strategy_single-aliked-rgb_steps_8_keypoints_2048\0056_ROIs1970_fall_2_p627,False
coarse,57,spring,ROIs1158_spring_70_p579,E:\Data\spring\s1_70\ROIs1158_spring_s1_70_p579.png,E:\Data\spring\s2_70\ROIs1158_spring_s2_70_p579.png,8,2048,aliked,single,aliked,rgb,single-aliked-rgb,aliked,True,False,4,4,1.0,0.0,0.16613,56.1376,200.2906,127.6103,inliers < 8;bad_homography_shape,False,True,False,"[{""extractor"": ""aliked"", ""elapsed_ms"": 683.63, ""error"": """", ""match_count"": 4, ""inliers"": 4, ""inlier_ratio"": 1.0, ""rmse"": 0.0, ""registration_reliable"": false, ""reliability_reasons"": [""inliers < 8"", ""bad_homography_shape""], ""poor_spatial_coverage"": false, ""bad_homography_shape"": true}]",2342.51,822.38,3172.67,,C:\Users\86158\Desktop\codxRoot\workspace\diffusion_lightglue_cascade_study_100\runs\coarse\strategy_single-aliked-rgb_steps_8_keypoints_2048\0057_ROIs1158_spring_70_p579,False
coarse,58,summer,ROIs1868_summer_38_p1011,E:\Data\summer\s1_38\ROIs1868_summer_s1_38_p1011.png,E:\Data\summer\s2_38\ROIs1868_summer_s2_38_p1011.png,8,2048,aliked,single,aliked,rgb,single-aliked-rgb,aliked,True,False,18,6,0.3333,1.4021,0.179181,113.4449,140.3722,12.6087,inliers < 8;bad_homography_shape,False,True,False,"[{""extractor"": ""aliked"", ""elapsed_ms"": 679.83, ""error"": """", ""match_count"": 18, ""inliers"": 6, ""inlier_ratio"": 0.3333, ""rmse"": 1.4021, ""registration_reliable"": false, ""reliability_reasons"": [""inliers < 8"", ""bad_homography_shape""], ""poor_spatial_coverage"": false, ""bad_homography_shape"": true}]",2345.61,808.12,3162.45,,C:\Users\86158\Desktop\codxRoot\workspace\diffusion_lightglue_cascade_study_100\runs\coarse\strategy_single-aliked-rgb_steps_8_keypoints_2048\0058_ROIs1868_summer_38_p1011,False
coarse,59,winter,winter_img_temperate_p4662,E:\Data\winter\s1_170\winter_img_temperate_p4662.png,E:\Data\winter\s2_170\winter_img_temperate_p4662.png,8,2048,aliked,single,aliked,rgb,single-aliked-rgb,aliked,True,False,0,0,0.0,,0.0,90.1718,,,inliers < 8;inlier_ratio < 0.25;rmse unavailable;poor_spatial_coverage;bad_homography_shape,True,True,False,"[{""extractor"": ""aliked"", ""elapsed_ms"": 653.87, ""error"": """", ""match_count"": 0, ""inliers"": 0, ""inlier_ratio"": 0.0, ""rmse"": null, ""registration_reliable"": false, ""reliability_reasons"": [""inliers < 8"", ""inlier_ratio < 0.25"", ""rmse unavailable"", ""poor_spatial_coverage"", ""bad_homography_shape""], ""poor_spatial_coverage"": true, ""bad_homography_shape"": true}]",2345.35,776.87,3129.29,,C:\Users\86158\Desktop\codxRoot\workspace\diffusion_lightglue_cascade_study_100\runs\coarse\strategy_single-aliked-rgb_steps_8_keypoints_2048\0059_winter_img_temperate_p4662,False
coarse,60,fall,ROIs1970_fall_16_p295,E:\Data\fall\s1_16\ROIs1970_fall_s1_16_p295.png,E:\Data\fall\s2_16\ROIs1970_fall_s2_16_p295.png,8,2048,aliked,single,aliked,rgb,single-aliked-rgb,aliked,True,True,69,18,0.2609,1.8068,0.246601,86.6418,35.5266,17.1602,,False,False,False,"[{""extractor"": ""aliked"", ""elapsed_ms"": 651.86, ""error"": """", ""match_count"": 69, ""inliers"": 18, ""inlier_ratio"": 0.2609, ""rmse"": 1.8068, ""registration_reliable"": true, ""reliability_reasons"": [], ""poor_spatial_coverage"": false, ""bad_homography_shape"": false}]",2319.72,788.54,3115.99,,C:\Users\86158\Desktop\codxRoot\workspace\diffusion_lightglue_cascade_study_100\runs\coarse\strategy_single-aliked-rgb_steps_8_keypoints_2048\0060_ROIs1970_fall_16_p295,False
coarse,61,spring,ROIs1158_spring_47_p434,E:\Data\spring\s1_47\ROIs1158_spring_s1_47_p434.png,E:\Data\spring\s2_47\ROIs1158_spring_s2_47_p434.png,8,2048,aliked,single,aliked,rgb,single-aliked-rgb,aliked,True,True,110,63,0.5727,1.6664,0.331645,51.4138,-1.5738,-2.3346,,False,False,False,"[{""extractor"": ""aliked"", ""elapsed_ms"": 695.93, ""error"": """", ""match_count"": 110, ""inliers"": 63, ""inlier_ratio"": 0.5727, ""rmse"": 1.6664, ""registration_reliable"": true, ""reliability_reasons"": [], ""poor_spatial_coverage"": false, ""bad_homography_shape"": false}]",2355.52,816.7,3179.3,,C:\Users\86158\Desktop\codxRoot\workspace\diffusion_lightglue_cascade_study_100\runs\coarse\strategy_single-aliked-rgb_steps_8_keypoints_2048\0061_ROIs1158_spring_47_p434,False
coarse,62,summer,ROIs1868_summer_134_p911,E:\Data\summer\s1_134\ROIs1868_summer_s1_134_p911.png,E:\Data\summer\s2_134\ROIs1868_summer_s2_134_p911.png,8,2048,aliked,single,aliked,rgb,single-aliked-rgb,aliked,True,False,21,5,0.2381,0.3525,0.263118,37.4878,224.2981,115.3979,inliers < 8;inlier_ratio < 0.25;bad_homography_shape,False,True,False,"[{""extractor"": ""aliked"", ""elapsed_ms"": 661.3, ""error"": """", ""match_count"": 21, ""inliers"": 5, ""inlier_ratio"": 0.2381, ""rmse"": 0.3525, ""registration_reliable"": false, ""reliability_reasons"": [""inliers < 8"", ""inlier_ratio < 0.25"", ""bad_homography_shape""], ""poor_spatial_coverage"": false, ""bad_homography_shape"": true}]",2363.07,801.6,3172.08,,C:\Users\86158\Desktop\codxRoot\workspace\diffusion_lightglue_cascade_study_100\runs\coarse\strategy_single-aliked-rgb_steps_8_keypoints_2048\0062_ROIs1868_summer_134_p911,False
coarse,63,winter,winter_img_temperate_p1394,E:\Data\winter\s1_171\winter_img_temperate_p1394.png,E:\Data\winter\s2_171\winter_img_temperate_p1394.png,8,2048,aliked,single,aliked,rgb,single-aliked-rgb,aliked,True,False,0,0,0.0,,0.0,202.2999,,,inliers < 8;inlier_ratio < 0.25;rmse unavailable;poor_spatial_coverage;bad_homography_shape,True,True,False,"[{""extractor"": ""aliked"", ""elapsed_ms"": 654.92, ""error"": """", ""match_count"": 0, ""inliers"": 0, ""inlier_ratio"": 0.0, ""rmse"": null, ""registration_reliable"": false, ""reliability_reasons"": [""inliers < 8"", ""inlier_ratio < 0.25"", ""rmse unavailable"", ""poor_spatial_coverage"", ""bad_homography_shape""], ""poor_spatial_coverage"": true, ""bad_homography_shape"": true}]",2337.0,786.49,3131.77,,C:\Users\86158\Desktop\codxRoot\workspace\diffusion_lightglue_cascade_study_100\runs\coarse\strategy_single-aliked-rgb_steps_8_keypoints_2048\0063_winter_img_temperate_p1394,False
coarse,64,fall,ROIs1970_fall_124_p517,E:\Data\fall\s1_124\ROIs1970_fall_s1_124_p517.png,E:\Data\fall\s2_124\ROIs1970_fall_s2_124_p517.png,8,2048,aliked,single,aliked,rgb,single-aliked-rgb,aliked,True,False,27,6,0.2222,1.0028,0.321841,45.0331,27.6838,-8.02,inliers < 8;inlier_ratio < 0.25;bad_homography_shape,False,True,False,"[{""extractor"": ""aliked"", ""elapsed_ms"": 671.95, ""error"": """", ""match_count"": 27, ""inliers"": 6, ""inlier_ratio"": 0.2222, ""rmse"": 1.0028, ""registration_reliable"": false, ""reliability_reasons"": [""inliers < 8"", ""inlier_ratio < 0.25"", ""bad_homography_shape""], ""poor_spatial_coverage"": false, ""bad_homography_shape"": true}]",2346.29,809.16,3162.56,,C:\Users\86158\Desktop\codxRoot\workspace\diffusion_lightglue_cascade_study_100\runs\coarse\strategy_single-aliked-rgb_steps_8_keypoints_2048\0064_ROIs1970_fall_124_p517,False
coarse,65,spring,ROIs1158_spring_63_p826,E:\Data\spring\s1_63\ROIs1158_spring_s1_63_p826.png,E:\Data\spring\s2_63\ROIs1158_spring_s2_63_p826.png,8,2048,aliked,single,aliked,rgb,single-aliked-rgb,aliked,True,False,195,43,0.2205,2.0196,0.288854,111.1949,-10.9001,3.982,inlier_ratio < 0.25,False,False,False,"[{""extractor"": ""aliked"", ""elapsed_ms"": 685.89, ""error"": """", ""match_count"": 195, ""inliers"": 43, ""inlier_ratio"": 0.2205, ""rmse"": 2.0196, ""registration_reliable"": false, ""reliability_reasons"": [""inlier_ratio < 0.25""], ""poor_spatial_coverage"": false, ""bad_homography_shape"": false}]",2340.17,847.09,3194.42,,C:\Users\86158\Desktop\codxRoot\workspace\diffusion_lightglue_cascade_study_100\runs\coarse\strategy_single-aliked-rgb_steps_8_keypoints_2048\0065_ROIs1158_spring_63_p826,False
coarse,66,summer,ROIs1868_summer_88_p558,E:\Data\summer\s1_88\ROIs1868_summer_s1_88_p558.png,E:\Data\summer\s2_88\ROIs1868_summer_s2_88_p558.png,8,2048,aliked,single,aliked,rgb,single-aliked-rgb,aliked,True,False,16,5,0.3125,0.6457,0.272086,96.1682,21.5066,46.8604,inliers < 8;bad_homography_shape,False,True,False,"[{""extractor"": ""aliked"", ""elapsed_ms"": 683.29, ""error"": """", ""match_count"": 16, ""inliers"": 5, ""inlier_ratio"": 0.3125, ""rmse"": 0.6457, ""registration_reliable"": false, ""reliability_reasons"": [""inliers < 8"", ""bad_homography_shape""], ""poor_spatial_coverage"": false, ""bad_homography_shape"": true}]",2345.73,808.75,3161.35,,C:\Users\86158\Desktop\codxRoot\workspace\diffusion_lightglue_cascade_study_100\runs\coarse\strategy_single-aliked-rgb_steps_8_keypoints_2048\0066_ROIs1868_summer_88_p558,False
coarse,67,winter,ROIs2017_winter_85_p162,E:\Data\winter\s1_85\ROIs2017_winter_s1_85_p162.png,E:\Data\winter\s2_85\ROIs2017_winter_s2_85_p162.png,8,2048,aliked,single,aliked,rgb,single-aliked-rgb,aliked,True,False,22,5,0.2273,0.2015,0.334326,127.3298,-847.2268,-358.7874,inliers < 8;inlier_ratio < 0.25;bad_homography_shape,False,True,False,"[{""extractor"": ""aliked"", ""elapsed_ms"": 686.25, ""error"": """", ""match_count"": 22, ""inliers"": 5, ""inlier_ratio"": 0.2273, ""rmse"": 0.2015, ""registration_reliable"": false, ""reliability_reasons"": [""inliers < 8"", ""inlier_ratio < 0.25"", ""bad_homography_shape""], ""poor_spatial_coverage"": false, ""bad_homography_shape"": true}]",2324.48,822.73,3154.29,,C:\Users\86158\Desktop\codxRoot\workspace\diffusion_lightglue_cascade_study_100\runs\coarse\strategy_single-aliked-rgb_steps_8_keypoints_2048\0067_ROIs2017_winter_85_p162,False
coarse,68,fall,ROIs1970_fall_2_p858,E:\Data\fall\s1_2\ROIs1970_fall_s1_2_p858.png,E:\Data\fall\s2_2\ROIs1970_fall_s2_2_p858.png,8,2048,aliked,single,aliked,rgb,single-aliked-rgb,aliked,True,False,60,9,0.15,1.0813,0.237035,104.5995,75.4285,20.4386,inlier_ratio < 0.25;bad_homography_shape,False,True,False,"[{""extractor"": ""aliked"", ""elapsed_ms"": 664.17, ""error"": """", ""match_count"": 60, ""inliers"": 9, ""inlier_ratio"": 0.15, ""rmse"": 1.0813, ""registration_reliable"": false, ""reliability_reasons"": [""inlier_ratio < 0.25"", ""bad_homography_shape""], ""poor_spatial_coverage"": false, ""bad_homography_shape"": true}]",2337.95,801.88,3148.4,,C:\Users\86158\Desktop\codxRoot\workspace\diffusion_lightglue_cascade_study_100\runs\coarse\strategy_single-aliked-rgb_steps_8_keypoints_2048\0068_ROIs1970_fall_2_p858,False
coarse,69,spring,ROIs1158_spring_59_p866,E:\Data\spring\s1_59\ROIs1158_spring_s1_59_p866.png,E:\Data\spring\s2_59\ROIs1158_spring_s2_59_p866.png,8,2048,aliked,single,aliked,rgb,single-aliked-rgb,aliked,True,False,28,7,0.25,0.962,0.263251,143.8933,60.448,183.8054,inliers < 8;bad_homography_shape,False,True,False,"[{""extractor"": ""aliked"", ""elapsed_ms"": 662.27, ""error"": """", ""match_count"": 28, ""inliers"": 7, ""inlier_ratio"": 0.25, ""rmse"": 0.962, ""registration_reliable"": false, ""reliability_reasons"": [""inliers < 8"", ""bad_homography_shape""], ""poor_spatial_coverage"": false, ""bad_homography_shape"": true}]",2299.71,794.59,3102.13,,C:\Users\86158\Desktop\codxRoot\workspace\diffusion_lightglue_cascade_study_100\runs\coarse\strategy_single-aliked-rgb_steps_8_keypoints_2048\0069_ROIs1158_spring_59_p866,False
coarse,70,summer,ROIs1868_summer_20_p122,E:\Data\summer\s1_20\ROIs1868_summer_s1_20_p122.png,E:\Data\summer\s2_20\ROIs1868_summer_s2_20_p122.png,8,2048,aliked,single,aliked,rgb,single-aliked-rgb,aliked,True,False,57,12,0.2105,1.5148,0.237032,60.1917,-55.317,36.8453,inlier_ratio < 0.25,False,False,False,"[{""extractor"": ""aliked"", ""elapsed_ms"": 641.07, ""error"": """", ""match_count"": 57, ""inliers"": 12, ""inlier_ratio"": 0.2105, ""rmse"": 1.5148, ""registration_reliable"": false, ""reliability_reasons"": [""inlier_ratio < 0.25""], ""poor_spatial_coverage"": false, ""bad_homography_shape"": false}]",2331.56,798.23,3137.11,,C:\Users\86158\Desktop\codxRoot\workspace\diffusion_lightglue_cascade_study_100\runs\coarse\strategy_single-aliked-rgb_steps_8_keypoints_2048\0070_ROIs1868_summer_20_p122,False
coarse,71,winter,ROIs2017_winter_90_p620,E:\Data\winter\s1_90\ROIs2017_winter_s1_90_p620.png,E:\Data\winter\s2_90\ROIs2017_winter_s2_90_p620.png,8,2048,aliked,single,aliked,rgb,single-aliked-rgb,aliked,True,False,50,8,0.16,0.9387,0.312529,42.6489,-3.3377,87.5313,inlier_ratio < 0.25;bad_homography_shape,False,True,False,"[{""extractor"": ""aliked"", ""elapsed_ms"": 670.31, ""error"": """", ""match_count"": 50, ""inliers"": 8, ""inlier_ratio"": 0.16, ""rmse"": 0.9387, ""registration_reliable"": false, ""reliability_reasons"": [""inlier_ratio < 0.25"", ""bad_homography_shape""], ""poor_spatial_coverage"": false, ""bad_homography_shape"": true}]",2335.04,831.11,3173.78,,C:\Users\86158\Desktop\codxRoot\workspace\diffusion_lightglue_cascade_study_100\runs\coarse\strategy_single-aliked-rgb_steps_8_keypoints_2048\0071_ROIs2017_winter_90_p620,False
coarse,72,fall,ROIs1970_fall_113_p590,E:\Data\fall\s1_113\ROIs1970_fall_s1_113_p590.png,E:\Data\fall\s2_113\ROIs1970_fall_s2_113_p590.png,8,2048,aliked,single,aliked,rgb,single-aliked-rgb,aliked,True,False,44,8,0.1818,1.4051,0.268036,58.8049,-90.9921,-30.1079,inlier_ratio < 0.25,False,False,False,"[{""extractor"": ""aliked"", ""elapsed_ms"": 661.28, ""error"": """", ""match_count"": 44, ""inliers"": 8, ""inlier_ratio"": 0.1818, ""rmse"": 1.4051, ""registration_reliable"": false, ""reliability_reasons"": [""inlier_ratio < 0.25""], ""poor_spatial_coverage"": false, ""bad_homography_shape"": false}]",2303.79,799.0,3110.98,,C:\Users\86158\Desktop\codxRoot\workspace\diffusion_lightglue_cascade_study_100\runs\coarse\strategy_single-aliked-rgb_steps_8_keypoints_2048\0072_ROIs1970_fall_113_p590,False
coarse,73,spring,ROIs1158_spring_53_p716,E:\Data\spring\s1_53\ROIs1158_spring_s1_53_p716.png,E:\Data\spring\s2_53\ROIs1158_spring_s2_53_p716.png,8,2048,aliked,single,aliked,rgb,single-aliked-rgb,aliked,True,False,16,6,0.375,1.0358,0.225072,74.8323,58.0967,60.3089,inliers < 8,False,False,False,"[{""extractor"": ""aliked"", ""elapsed_ms"": 646.48, ""error"": """", ""match_count"": 16, ""inliers"": 6, ""inlier_ratio"": 0.375, ""rmse"": 1.0358, ""registration_reliable"": false, ""reliability_reasons"": [""inliers < 8""], ""poor_spatial_coverage"": false, ""bad_homography_shape"": false}]",2341.05,801.23,3149.76,,C:\Users\86158\Desktop\codxRoot\workspace\diffusion_lightglue_cascade_study_100\runs\coarse\strategy_single-aliked-rgb_steps_8_keypoints_2048\0073_ROIs1158_spring_53_p716,False
coarse,74,summer,ROIs1868_summer_51_p49,E:\Data\summer\s1_51\ROIs1868_summer_s1_51_p49.png,E:\Data\summer\s2_51\ROIs1868_summer_s2_51_p49.png,8,2048,aliked,single,aliked,rgb,single-aliked-rgb,aliked,True,False,36,6,0.1667,1.0619,0.338282,51.8499,7.2772,24.6016,inliers < 8;inlier_ratio < 0.25;bad_homography_shape,False,True,False,"[{""extractor"": ""aliked"", ""elapsed_ms"": 670.83, ""error"": """", ""match_count"": 36, ""inliers"": 6, ""inlier_ratio"": 0.1667, ""rmse"": 1.0619, ""registration_reliable"": false, ""reliability_reasons"": [""inliers < 8"", ""inlier_ratio < 0.25"", ""bad_homography_shape""], ""poor_spatial_coverage"": false, ""bad_homography_shape"": true}]",2425.13,823.81,3254.22,,C:\Users\86158\Desktop\codxRoot\workspace\diffusion_lightglue_cascade_study_100\runs\coarse\strategy_single-aliked-rgb_steps_8_keypoints_2048\0074_ROIs1868_summer_51_p49,False
coarse,75,winter,ROIs2017_winter_22_p495,E:\Data\winter\s1_22\ROIs2017_winter_s1_22_p495.png,E:\Data\winter\s2_22\ROIs2017_winter_s2_22_p495.png,8,2048,aliked,single,aliked,rgb,single-aliked-rgb,aliked,True,False,13,6,0.4615,0.9919,0.28611,65.1977,113.7396,121.7243,inliers < 8;bad_homography_shape,False,True,False,"[{""extractor"": ""aliked"", ""elapsed_ms"": 659.38, ""error"": """", ""match_count"": 13, ""inliers"": 6, ""inlier_ratio"": 0.4615, ""rmse"": 0.9919, ""registration_reliable"": false, ""reliability_reasons"": [""inliers < 8"", ""bad_homography_shape""], ""poor_spatial_coverage"": false, ""bad_homography_shape"": true}]",2373.03,813.89,3195.2,,C:\Users\86158\Desktop\codxRoot\workspace\diffusion_lightglue_cascade_study_100\runs\coarse\strategy_single-aliked-rgb_steps_8_keypoints_2048\0075_ROIs2017_winter_22_p495,False
coarse,76,fall,ROIs1970_fall_144_p522,E:\Data\fall\s1_144\ROIs1970_fall_s1_144_p522.png,E:\Data\fall\s2_144\ROIs1970_fall_s2_144_p522.png,8,2048,aliked,single,aliked,rgb,single-aliked-rgb,aliked,True,False,4,4,1.0,0.0,0.231882,111.9005,194.1801,71.4354,inliers < 8;bad_homography_shape,False,True,False,"[{""extractor"": ""aliked"", ""elapsed_ms"": 514.42, ""error"": """", ""match_count"": 4, ""inliers"": 4, ""inlier_ratio"": 1.0, ""rmse"": 0.0, ""registration_reliable"": false, ""reliability_reasons"": [""inliers < 8"", ""bad_homography_shape""], ""poor_spatial_coverage"": false, ""bad_homography_shape"": true}]",1686.93,613.14,2305.72,,C:\Users\86158\Desktop\codxRoot\workspace\diffusion_lightglue_cascade_study_100\runs\coarse\strategy_single-aliked-rgb_steps_8_keypoints_2048\0076_ROIs1970_fall_144_p522,False
coarse,77,spring,ROIs1158_spring_9_p378,E:\Data\spring\s1_9\ROIs1158_spring_s1_9_p378.png,E:\Data\spring\s2_9\ROIs1158_spring_s2_9_p378.png,8,2048,aliked,single,aliked,rgb,single-aliked-rgb,aliked,True,True,280,109,0.3893,1.83,0.30384,58.0055,1.5134,2.1218,,False,False,False,"[{""extractor"": ""aliked"", ""elapsed_ms"": 525.58, ""error"": """", ""match_count"": 280, ""inliers"": 109, ""inlier_ratio"": 0.3893, ""rmse"": 1.83, ""registration_reliable"": true, ""reliability_reasons"": [], ""poor_spatial_coverage"": false, ""bad_homography_shape"": false}]",1725.11,623.2,2354.24,,C:\Users\86158\Desktop\codxRoot\workspace\diffusion_lightglue_cascade_study_100\runs\coarse\strategy_single-aliked-rgb_steps_8_keypoints_2048\0077_ROIs1158_spring_9_p378,False
coarse,78,summer,ROIs1868_summer_142_p396,E:\Data\summer\s1_142\ROIs1868_summer_s1_142_p396.png,E:\Data\summer\s2_142\ROIs1868_summer_s2_142_p396.png,8,2048,aliked,single,aliked,rgb,single-aliked-rgb,aliked,True,False,33,7,0.2121,1.0609,0.24736,50.8987,1.1712,-2.5829,inliers < 8;inlier_ratio < 0.25,False,False,False,"[{""extractor"": ""aliked"", ""elapsed_ms"": 674.28, ""error"": """", ""match_count"": 33, ""inliers"": 7, ""inlier_ratio"": 0.2121, ""rmse"": 1.0609, ""registration_reliable"": false, ""reliability_reasons"": [""inliers < 8"", ""inlier_ratio < 0.25""], ""poor_spatial_coverage"": false, ""bad_homography_shape"": false}]",2366.11,835.02,3209.25,,C:\Users\86158\Desktop\codxRoot\workspace\diffusion_lightglue_cascade_study_100\runs\coarse\strategy_single-aliked-rgb_steps_8_keypoints_2048\0078_ROIs1868_summer_142_p396,False
coarse,79,winter,ROIs2017_winter_130_p28,E:\Data\winter\s1_130\ROIs2017_winter_s1_130_p28.png,E:\Data\winter\s2_130\ROIs2017_winter_s2_130_p28.png,8,2048,aliked,single,aliked,rgb,single-aliked-rgb,aliked,True,False,70,13,0.1857,1.8689,0.281481,99.9231,95.3844,23.01,inlier_ratio < 0.25,False,False,False,"[{""extractor"": ""aliked"", ""elapsed_ms"": 663.59, ""error"": """", ""match_count"": 70, ""inliers"": 13, ""inlier_ratio"": 0.1857, ""rmse"": 1.8689, ""registration_reliable"": false, ""reliability_reasons"": [""inlier_ratio < 0.25""], ""poor_spatial_coverage"": false, ""bad_homography_shape"": false}]",2341.46,810.56,3159.55,,C:\Users\86158\Desktop\codxRoot\workspace\diffusion_lightglue_cascade_study_100\runs\coarse\strategy_single-aliked-rgb_steps_8_keypoints_2048\0079_ROIs2017_winter_130_p28,False
coarse,80,fall,ROIs1970_fall_73_p974,E:\Data\fall\s1_73\ROIs1970_fall_s1_73_p974.png,E:\Data\fall\s2_73\ROIs1970_fall_s2_73_p974.png,8,2048,aliked,single,aliked,rgb,single-aliked-rgb,aliked,True,False,36,13,0.3611,1.363,0.312101,64.8367,1.1367,-30.1899,poor_spatial_coverage;bad_homography_shape,True,True,False,"[{""extractor"": ""aliked"", ""elapsed_ms"": 694.04, ""error"": """", ""match_count"": 36, ""inliers"": 13, ""inlier_ratio"": 0.3611, ""rmse"": 1.363, ""registration_reliable"": false, ""reliability_reasons"": [""poor_spatial_coverage"", ""bad_homography_shape""], ""poor_spatial_coverage"": true, ""bad_homography_shape"": true}]",2315.41,829.42,3153.39,,C:\Users\86158\Desktop\codxRoot\workspace\diffusion_lightglue_cascade_study_100\runs\coarse\strategy_single-aliked-rgb_steps_8_keypoints_2048\0080_ROIs1970_fall_73_p974,False
coarse,81,spring,ROIs1158_spring_2_p374,E:\Data\spring\s1_2\ROIs1158_spring_s1_2_p374.png,E:\Data\spring\s2_2\ROIs1158_spring_s2_2_p374.png,8,2048,aliked,single,aliked,rgb,single-aliked-rgb,aliked,True,True,111,50,0.4505,1.8945,0.335856,100.8725,1.5824,-0.4729,,False,False,False,"[{""extractor"": ""aliked"", ""elapsed_ms"": 694.59, ""error"": """", ""match_count"": 111, ""inliers"": 50, ""inlier_ratio"": 0.4505, ""rmse"": 1.8945, ""registration_reliable"": true, ""reliability_reasons"": [], ""poor_spatial_coverage"": false, ""bad_homography_shape"": false}]",2361.81,835.88,3204.89,,C:\Users\86158\Desktop\codxRoot\workspace\diffusion_lightglue_cascade_study_100\runs\coarse\strategy_single-aliked-rgb_steps_8_keypoints_2048\0081_ROIs1158_spring_2_p374,False
coarse,82,summer,ROIs1868_summer_49_p529,E:\Data\summer\s1_49\ROIs1868_summer_s1_49_p529.png,E:\Data\summer\s2_49\ROIs1868_summer_s2_49_p529.png,8,2048,aliked,single,aliked,rgb,single-aliked-rgb,aliked,True,False,33,8,0.2424,1.3485,0.221984,51.1162,-2.5115,18.2712,inlier_ratio < 0.25,False,False,False,"[{""extractor"": ""aliked"", ""elapsed_ms"": 690.27, ""error"": """", ""match_count"": 33, ""inliers"": 8, ""inlier_ratio"": 0.2424, ""rmse"": 1.3485, ""registration_reliable"": false, ""reliability_reasons"": [""inlier_ratio < 0.25""], ""poor_spatial_coverage"": false, ""bad_homography_shape"": false}]",2359.12,836.99,3203.87,,C:\Users\86158\Desktop\codxRoot\workspace\diffusion_lightglue_cascade_study_100\runs\coarse\strategy_single-aliked-rgb_steps_8_keypoints_2048\0082_ROIs1868_summer_49_p529,False
coarse,83,winter,ROIs2017_winter_117_p334,E:\Data\winter\s1_117\ROIs2017_winter_s1_117_p334.png,E:\Data\winter\s2_117\ROIs2017_winter_s2_117_p334.png,8,2048,aliked,single,aliked,rgb,single-aliked-rgb,aliked,True,True,44,19,0.4318,1.4514,0.364269,80.2908,-2.3108,-4.7461,,False,False,False,"[{""extractor"": ""aliked"", ""elapsed_ms"": 688.34, ""error"": """", ""match_count"": 44, ""inliers"": 19, ""inlier_ratio"": 0.4318, ""rmse"": 1.4514, ""registration_reliable"": true, ""reliability_reasons"": [], ""poor_spatial_coverage"": false, ""bad_homography_shape"": false}]",2331.06,838.21,3177.01,,C:\Users\86158\Desktop\codxRoot\workspace\diffusion_lightglue_cascade_study_100\runs\coarse\strategy_single-aliked-rgb_steps_8_keypoints_2048\0083_ROIs2017_winter_117_p334,False
coarse,84,fall,ROIs1970_fall_72_p415,E:\Data\fall\s1_72\ROIs1970_fall_s1_72_p415.png,E:\Data\fall\s2_72\ROIs1970_fall_s2_72_p415.png,8,2048,aliked,single,aliked,rgb,single-aliked-rgb,aliked,True,False,9,4,0.4444,0.0002,0.267273,68.2164,153.2072,92.5418,inliers < 8;bad_homography_shape,False,True,False,"[{""extractor"": ""aliked"", ""elapsed_ms"": 674.23, ""error"": """", ""match_count"": 9, ""inliers"": 4, ""inlier_ratio"": 0.4444, ""rmse"": 0.0002, ""registration_reliable"": false, ""reliability_reasons"": [""inliers < 8"", ""bad_homography_shape""], ""poor_spatial_coverage"": false, ""bad_homography_shape"": true}]",2347.82,827.37,3182.9,,C:\Users\86158\Desktop\codxRoot\workspace\diffusion_lightglue_cascade_study_100\runs\coarse\strategy_single-aliked-rgb_steps_8_keypoints_2048\0084_ROIs1970_fall_72_p415,False
coarse,85,spring,ROIs1158_spring_53_p1286,E:\Data\spring\s1_53\ROIs1158_spring_s1_53_p1286.png,E:\Data\spring\s2_53\ROIs1158_spring_s2_53_p1286.png,8,2048,aliked,single,aliked,rgb,single-aliked-rgb,aliked,True,False,12,5,0.4167,0.737,0.209071,62.0071,259.2748,241.9247,inliers < 8;bad_homography_shape,False,True,False,"[{""extractor"": ""aliked"", ""elapsed_ms"": 651.83, ""error"": """", ""match_count"": 12, ""inliers"": 5, ""inlier_ratio"": 0.4167, ""rmse"": 0.737, ""registration_reliable"": false, ""reliability_reasons"": [""inliers < 8"", ""bad_homography_shape""], ""poor_spatial_coverage"": false, ""bad_homography_shape"": true}]",2342.71,814.11,3164.85,,C:\Users\86158\Desktop\codxRoot\workspace\diffusion_lightglue_cascade_study_100\runs\coarse\strategy_single-aliked-rgb_steps_8_keypoints_2048\0085_ROIs1158_spring_53_p1286,False
coarse,86,summer,ROIs1868_summer_148_p252,E:\Data\summer\s1_148\ROIs1868_summer_s1_148_p252.png,E:\Data\summer\s2_148\ROIs1868_summer_s2_148_p252.png,8,2048,aliked,single,aliked,rgb,single-aliked-rgb,aliked,True,True,49,16,0.3265,1.7413,0.216754,59.666,-3.3923,-0.9221,,False,False,False,"[{""extractor"": ""aliked"", ""elapsed_ms"": 672.48, ""error"": """", ""match_count"": 49, ""inliers"": 16, ""inlier_ratio"": 0.3265, ""rmse"": 1.7413, ""registration_reliable"": true, ""reliability_reasons"": [], ""poor_spatial_coverage"": false, ""bad_homography_shape"": false}]",2310.74,821.06,3139.22,,C:\Users\86158\Desktop\codxRoot\workspace\diffusion_lightglue_cascade_study_100\runs\coarse\strategy_single-aliked-rgb_steps_8_keypoints_2048\0086_ROIs1868_summer_148_p252,False
coarse,87,winter,ROIs2017_winter_58_p665,E:\Data\winter\s1_58\ROIs2017_winter_s1_58_p665.png,E:\Data\winter\s2_58\ROIs2017_winter_s2_58_p665.png,8,2048,aliked,single,aliked,rgb,single-aliked-rgb,aliked,True,False,17,6,0.3529,1.2479,0.294668,42.9117,157.8407,161.0882,inliers < 8;bad_homography_shape,False,True,False,"[{""extractor"": ""aliked"", ""elapsed_ms"": 667.82, ""error"": """", ""match_count"": 17, ""inliers"": 6, ""inlier_ratio"": 0.3529, ""rmse"": 1.2479, ""registration_reliable"": false, ""reliability_reasons"": [""inliers < 8"", ""bad_homography_shape""], ""poor_spatial_coverage"": false, ""bad_homography_shape"": true}]",2292.75,813.48,3113.45,,C:\Users\86158\Desktop\codxRoot\workspace\diffusion_lightglue_cascade_study_100\runs\coarse\strategy_single-aliked-rgb_steps_8_keypoints_2048\0087_ROIs2017_winter_58_p665,False
coarse,88,fall,ROIs1970_fall_36_p894,E:\Data\fall\s1_36\ROIs1970_fall_s1_36_p894.png,E:\Data\fall\s2_36\ROIs1970_fall_s2_36_p894.png,8,2048,aliked,single,aliked,rgb,single-aliked-rgb,aliked,True,True,64,31,0.4844,1.9126,0.256697,121.8397,33.4256,36.3685,,False,False,False,"[{""extractor"": ""aliked"", ""elapsed_ms"": 659.95, ""error"": """", ""match_count"": 64, ""inliers"": 31, ""inlier_ratio"": 0.4844, ""rmse"": 1.9126, ""registration_reliable"": true, ""reliability_reasons"": [], ""poor_spatial_coverage"": false, ""bad_homography_shape"": false}]",2279.35,802.58,3089.79,,C:\Users\86158\Desktop\codxRoot\workspace\diffusion_lightglue_cascade_study_100\runs\coarse\strategy_single-aliked-rgb_steps_8_keypoints_2048\0088_ROIs1970_fall_36_p894,False
coarse,89,spring,ROIs1158_spring_50_p768,E:\Data\spring\s1_50\ROIs1158_spring_s1_50_p768.png,E:\Data\spring\s2_50\ROIs1158_spring_s2_50_p768.png,8,2048,aliked,single,aliked,rgb,single-aliked-rgb,aliked,True,True,175,80,0.4571,2.0102,0.288902,63.047,3.9065,2.6951,,False,False,False,"[{""extractor"": ""aliked"", ""elapsed_ms"": 691.55, ""error"": """", ""match_count"": 175, ""inliers"": 80, ""inlier_ratio"": 0.4571, ""rmse"": 2.0102, ""registration_reliable"": true, ""reliability_reasons"": [], ""poor_spatial_coverage"": false, ""bad_homography_shape"": false}]",2342.54,850.15,3200.08,,C:\Users\86158\Desktop\codxRoot\workspace\diffusion_lightglue_cascade_study_100\runs\coarse\strategy_single-aliked-rgb_steps_8_keypoints_2048\0089_ROIs1158_spring_50_p768,False
coarse,90,summer,ROIs1868_summer_119_p601,E:\Data\summer\s1_119\ROIs1868_summer_s1_119_p601.png,E:\Data\summer\s2_119\ROIs1868_summer_s2_119_p601.png,8,2048,aliked,single,aliked,rgb,single-aliked-rgb,aliked,True,False,39,14,0.359,1.5763,0.304983,47.3707,-7.1536,1.5134,bad_homography_shape,False,True,False,"[{""extractor"": ""aliked"", ""elapsed_ms"": 678.73, ""error"": """", ""match_count"": 39, ""inliers"": 14, ""inlier_ratio"": 0.359, ""rmse"": 1.5763, ""registration_reliable"": false, ""reliability_reasons"": [""bad_homography_shape""], ""poor_spatial_coverage"": false, ""bad_homography_shape"": true}]",2336.2,800.95,3144.86,,C:\Users\86158\Desktop\codxRoot\workspace\diffusion_lightglue_cascade_study_100\runs\coarse\strategy_single-aliked-rgb_steps_8_keypoints_2048\0090_ROIs1868_summer_119_p601,False
coarse,91,winter,ROIs2017_winter_8_p923,E:\Data\winter\s1_8\ROIs2017_winter_s1_8_p923.png,E:\Data\winter\s2_8\ROIs2017_winter_s2_8_p923.png,8,2048,aliked,single,aliked,rgb,single-aliked-rgb,aliked,True,True,56,26,0.4643,1.9505,0.363324,71.4935,8.8563,9.6057,,False,False,False,"[{""extractor"": ""aliked"", ""elapsed_ms"": 695.98, ""error"": """", ""match_count"": 56, ""inliers"": 26, ""inlier_ratio"": 0.4643, ""rmse"": 1.9505, ""registration_reliable"": true, ""reliability_reasons"": [], ""poor_spatial_coverage"": false, ""bad_homography_shape"": false}]",2331.13,838.26,3177.25,,C:\Users\86158\Desktop\codxRoot\workspace\diffusion_lightglue_cascade_study_100\runs\coarse\strategy_single-aliked-rgb_steps_8_keypoints_2048\0091_ROIs2017_winter_8_p923,False
coarse,92,fall,ROIs1970_fall_51_p961,E:\Data\fall\s1_51\ROIs1970_fall_s1_51_p961.png,E:\Data\fall\s2_51\ROIs1970_fall_s2_51_p961.png,8,2048,aliked,single,aliked,rgb,single-aliked-rgb,aliked,True,False,21,5,0.2381,1.274,0.215741,59.5185,1.9027,28.2547,inliers < 8;inlier_ratio < 0.25;bad_homography_shape,False,True,False,"[{""extractor"": ""aliked"", ""elapsed_ms"": 659.92, ""error"": """", ""match_count"": 21, ""inliers"": 5, ""inlier_ratio"": 0.2381, ""rmse"": 1.274, ""registration_reliable"": false, ""reliability_reasons"": [""inliers < 8"", ""inlier_ratio < 0.25"", ""bad_homography_shape""], ""poor_spatial_coverage"": false, ""bad_homography_shape"": true}]",2346.63,801.25,3155.9,,C:\Users\86158\Desktop\codxRoot\workspace\diffusion_lightglue_cascade_study_100\runs\coarse\strategy_single-aliked-rgb_steps_8_keypoints_2048\0092_ROIs1970_fall_51_p961,False
coarse,93,spring,ROIs1158_spring_109_p195,E:\Data\spring\s1_109\ROIs1158_spring_s1_109_p195.png,E:\Data\spring\s2_109\ROIs1158_spring_s2_109_p195.png,8,2048,aliked,single,aliked,rgb,single-aliked-rgb,aliked,True,False,24,5,0.2083,0.0456,0.250921,87.5086,94.6373,52.9809,inliers < 8;inlier_ratio < 0.25,False,False,False,"[{""extractor"": ""aliked"", ""elapsed_ms"": 695.3, ""error"": """", ""match_count"": 24, ""inliers"": 5, ""inlier_ratio"": 0.2083, ""rmse"": 0.0456, ""registration_reliable"": false, ""reliability_reasons"": [""inliers < 8"", ""inlier_ratio < 0.25""], ""poor_spatial_coverage"": false, ""bad_homography_shape"": false}]",2337.48,864.08,3208.43,,C:\Users\86158\Desktop\codxRoot\workspace\diffusion_lightglue_cascade_study_100\runs\coarse\strategy_single-aliked-rgb_steps_8_keypoints_2048\0093_ROIs1158_spring_109_p195,False
coarse,94,summer,ROIs1868_summer_10_p835,E:\Data\summer\s1_10\ROIs1868_summer_s1_10_p835.png,E:\Data\summer\s2_10\ROIs1868_summer_s2_10_p835.png,8,2048,aliked,single,aliked,rgb,single-aliked-rgb,aliked,True,False,21,5,0.2381,0.5118,0.273955,58.3811,146.4277,219.3869,inliers < 8;inlier_ratio < 0.25;bad_homography_shape,False,True,False,"[{""extractor"": ""aliked"", ""elapsed_ms"": 650.71, ""error"": """", ""match_count"": 21, ""inliers"": 5, ""inlier_ratio"": 0.2381, ""rmse"": 0.5118, ""registration_reliable"": false, ""reliability_reasons"": [""inliers < 8"", ""inlier_ratio < 0.25"", ""bad_homography_shape""], ""poor_spatial_coverage"": false, ""bad_homography_shape"": true}]",2337.03,777.32,3121.86,,C:\Users\86158\Desktop\codxRoot\workspace\diffusion_lightglue_cascade_study_100\runs\coarse\strategy_single-aliked-rgb_steps_8_keypoints_2048\0094_ROIs1868_summer_10_p835,False
coarse,95,winter,ROIs2017_winter_112_p628,E:\Data\winter\s1_112\ROIs2017_winter_s1_112_p628.png,E:\Data\winter\s2_112\ROIs2017_winter_s2_112_p628.png,8,2048,aliked,single,aliked,rgb,single-aliked-rgb,aliked,True,False,14,5,0.3571,0.594,0.397596,30.1985,111.3485,152.343,inliers < 8;bad_homography_shape,False,True,False,"[{""extractor"": ""aliked"", ""elapsed_ms"": 689.01, ""error"": """", ""match_count"": 14, ""inliers"": 5, ""inlier_ratio"": 0.3571, ""rmse"": 0.594, ""registration_reliable"": false, ""reliability_reasons"": [""inliers < 8"", ""bad_homography_shape""], ""poor_spatial_coverage"": false, ""bad_homography_shape"": true}]",2317.35,833.31,3158.97,,C:\Users\86158\Desktop\codxRoot\workspace\diffusion_lightglue_cascade_study_100\runs\coarse\strategy_single-aliked-rgb_steps_8_keypoints_2048\0095_ROIs2017_winter_112_p628,False
coarse,96,fall,ROIs1970_fall_102_p788,E:\Data\fall\s1_102\ROIs1970_fall_s1_102_p788.png,E:\Data\fall\s2_102\ROIs1970_fall_s2_102_p788.png,8,2048,aliked,single,aliked,rgb,single-aliked-rgb,aliked,True,False,36,6,0.1667,0.7938,0.315713,51.4302,-80.9717,-712.1315,inliers < 8;inlier_ratio < 0.25;bad_homography_shape,False,True,False,"[{""extractor"": ""aliked"", ""elapsed_ms"": 659.79, ""error"": """", ""match_count"": 36, ""inliers"": 6, ""inlier_ratio"": 0.1667, ""rmse"": 0.7938, ""registration_reliable"": false, ""reliability_reasons"": [""inliers < 8"", ""inlier_ratio < 0.25"", ""bad_homography_shape""], ""poor_spatial_coverage"": false, ""bad_homography_shape"": true}]",2338.08,829.5,3175.21,,C:\Users\86158\Desktop\codxRoot\workspace\diffusion_lightglue_cascade_study_100\runs\coarse\strategy_single-aliked-rgb_steps_8_keypoints_2048\0096_ROIs1970_fall_102_p788,False
coarse,97,spring,ROIs1158_spring_14_p936,E:\Data\spring\s1_14\ROIs1158_spring_s1_14_p936.png,E:\Data\spring\s2_14\ROIs1158_spring_s2_14_p936.png,8,2048,aliked,single,aliked,rgb,single-aliked-rgb,aliked,True,True,47,16,0.3404,1.6304,0.268546,121.1064,-74.2881,-58.2703,,False,False,False,"[{""extractor"": ""aliked"", ""elapsed_ms"": 689.34, ""error"": """", ""match_count"": 47, ""inliers"": 16, ""inlier_ratio"": 0.3404, ""rmse"": 1.6304, ""registration_reliable"": true, ""reliability_reasons"": [], ""poor_spatial_coverage"": false, ""bad_homography_shape"": false}]",2346.68,833.37,3186.94,,C:\Users\86158\Desktop\codxRoot\workspace\diffusion_lightglue_cascade_study_100\runs\coarse\strategy_single-aliked-rgb_steps_8_keypoints_2048\0097_ROIs1158_spring_14_p936,False
coarse,98,summer,ROIs1868_summer_39_p789,E:\Data\summer\s1_39\ROIs1868_summer_s1_39_p789.png,E:\Data\summer\s2_39\ROIs1868_summer_s2_39_p789.png,8,2048,aliked,single,aliked,rgb,single-aliked-rgb,aliked,True,True,94,36,0.383,1.7908,0.266447,82.4228,14.0953,20.0773,,False,False,False,"[{""extractor"": ""aliked"", ""elapsed_ms"": 526.47, ""error"": """", ""match_count"": 94, ""inliers"": 36, ""inlier_ratio"": 0.383, ""rmse"": 1.7908, ""registration_reliable"": true, ""reliability_reasons"": [], ""poor_spatial_coverage"": false, ""bad_homography_shape"": false}]",1720.84,620.81,2347.93,,C:\Users\86158\Desktop\codxRoot\workspace\diffusion_lightglue_cascade_study_100\runs\coarse\strategy_single-aliked-rgb_steps_8_keypoints_2048\0098_ROIs1868_summer_39_p789,False
coarse,99,winter,ROIs2017_winter_102_p925,E:\Data\winter\s1_102\ROIs2017_winter_s1_102_p925.png,E:\Data\winter\s2_102\ROIs2017_winter_s2_102_p925.png,8,2048,aliked,single,aliked,rgb,single-aliked-rgb,aliked,True,False,37,9,0.2432,1.4546,0.320567,53.2006,98.5912,47.6093,inlier_ratio < 0.25,False,False,False,"[{""extractor"": ""aliked"", ""elapsed_ms"": 592.97, ""error"": """", ""match_count"": 37, ""inliers"": 9, ""inlier_ratio"": 0.2432, ""rmse"": 1.4546, ""registration_reliable"": false, ""reliability_reasons"": [""inlier_ratio < 0.25""], ""poor_spatial_coverage"": false, ""bad_homography_shape"": false}]",1793.87,689.85,2493.63,,C:\Users\86158\Desktop\codxRoot\workspace\diffusion_lightglue_cascade_study_100\runs\coarse\strategy_single-aliked-rgb_steps_8_keypoints_2048\0099_ROIs2017_winter_102_p925,False
coarse,0,fall,ROIs1970_fall_114_p932,E:\Data\fall\s1_114\ROIs1970_fall_s1_114_p932.png,E:\Data\fall\s2_114\ROIs1970_fall_s2_114_p932.png,8,2048,superpoint+aliked,cascade,superpoint+aliked,rgb,cascade-superpoint+aliked-rgb,superpoint,True,False,32,6,0.1875,0.9663,0.205628,40.1832,81.2492,-22.6132,inliers < 8;inlier_ratio < 0.25;bad_homography_shape,False,True,False,"[{""extractor"": ""superpoint"", ""elapsed_ms"": 522.86, ""error"": """", ""match_count"": 32, ""inliers"": 6, ""inlier_ratio"": 0.1875, ""rmse"": 0.9663, ""registration_reliable"": false, ""reliability_reasons"": [""inliers < 8"", ""inlier_ratio < 0.25"", ""bad_homography_shape""], ""poor_spatial_coverage"": false, ""bad_homography_shape"": true}, {""extractor"": ""aliked"", ""elapsed_ms"": 529.68, ""error"": """", ""match_count"": 18, ""inliers"": 5, ""inlier_ratio"": 0.2778, ""rmse"": 0.3264, ""registration_reliable"": false, ""reliability_reasons"": [""inliers < 8"", ""bad_homography_shape""], ""poor_spatial_coverage"": false, ""bad_homography_shape"": true}]",2366.0,1219.17,3592.33,,C:\Users\86158\Desktop\codxRoot\workspace\diffusion_lightglue_cascade_study_100\runs\coarse\strategy_cascade-superpoint_aliked-rgb_steps_8_keypoints_2048\0000_ROIs1970_fall_114_p932,False
coarse,1,spring,ROIs1158_spring_79_p103,E:\Data\spring\s1_79\ROIs1158_spring_s1_79_p103.png,E:\Data\spring\s2_79\ROIs1158_spring_s2_79_p103.png,8,2048,superpoint+aliked,cascade,superpoint+aliked,rgb,cascade-superpoint+aliked-rgb,superpoint,True,False,79,7,0.0886,0.5523,0.256323,93.9662,48.4285,20.6227,inliers < 8;inlier_ratio < 0.25;bad_homography_shape,False,True,False,"[{""extractor"": ""superpoint"", ""elapsed_ms"": 533.59, ""error"": """", ""match_count"": 79, ""inliers"": 7, ""inlier_ratio"": 0.0886, ""rmse"": 0.5523, ""registration_reliable"": false, ""reliability_reasons"": [""inliers < 8"", ""inlier_ratio < 0.25"", ""bad_homography_shape""], ""poor_spatial_coverage"": false, ""bad_homography_shape"": true}, {""extractor"": ""aliked"", ""elapsed_ms"": 488.56, ""error"": """", ""match_count"": 29, ""inliers"": 5, ""inlier_ratio"": 0.1724, ""rmse"": 0.3099, ""registration_reliable"": false, ""reliability_reasons"": [""inliers < 8"", ""inlier_ratio < 0.25""], ""poor_spatial_coverage"": false, ""bad_homography_shape"": false}]",2368.17,1184.38,3560.49,,C:\Users\86158\Desktop\codxRoot\workspace\diffusion_lightglue_cascade_study_100\runs\coarse\strategy_cascade-superpoint_aliked-rgb_steps_8_keypoints_2048\0001_ROIs1158_spring_79_p103,False
coarse,2,summer,summer_img_temperate_p4776,E:\Data\summer\s1_160\summer_img_temperate_p4776.png,E:\Data\summer\s2_160\summer_img_temperate_p4776.png,8,2048,superpoint+aliked,cascade,superpoint+aliked,rgb,cascade-superpoint+aliked-rgb,superpoint,True,False,5,4,0.8,0.0,0.191609,45.7091,-2462.431,5179.4736,inliers < 8;bad_homography_shape,False,True,False,"[{""extractor"": ""superpoint"", ""elapsed_ms"": 499.99, ""error"": """", ""match_count"": 5, ""inliers"": 4, ""inlier_ratio"": 0.8, ""rmse"": 0.0, ""registration_reliable"": false, ""reliability_reasons"": [""inliers < 8"", ""bad_homography_shape""], ""poor_spatial_coverage"": false, ""bad_homography_shape"": true}, {""extractor"": ""aliked"", ""elapsed_ms"": 494.32, ""error"": """", ""match_count"": 0, ""inliers"": 0, ""inlier_ratio"": 0.0, ""rmse"": null, ""registration_reliable"": false, ""reliability_reasons"": [""inliers < 8"", ""inlier_ratio < 0.25"", ""rmse unavailable"", ""poor_spatial_coverage"", ""bad_homography_shape""], ""poor_spatial_coverage"": true, ""bad_homography_shape"": true}]",2336.25,1133.47,3477.42,,C:\Users\86158\Desktop\codxRoot\workspace\diffusion_lightglue_cascade_study_100\runs\coarse\strategy_cascade-superpoint_aliked-rgb_steps_8_keypoints_2048\0002_summer_img_temperate_p4776,False
coarse,3,winter,ROIs2017_winter_97_p18,E:\Data\winter\s1_97\ROIs2017_winter_s1_97_p18.png,E:\Data\winter\s2_97\ROIs2017_winter_s2_97_p18.png,8,2048,superpoint+aliked,cascade,superpoint+aliked,rgb,cascade-superpoint+aliked-rgb,aliked,True,False,28,7,0.25,1.4636,0.356637,109.2686,377.6935,318.5653,inliers < 8,False,False,False,"[{""extractor"": ""superpoint"", ""elapsed_ms"": 500.04, ""error"": """", ""match_count"": 82, ""inliers"": 6, ""inlier_ratio"": 0.0732, ""rmse"": 0.6391, ""registration_reliable"": false, ""reliability_reasons"": [""inliers < 8"", ""inlier_ratio < 0.25"", ""bad_homography_shape""], ""poor_spatial_coverage"": false, ""bad_homography_shape"": true}, {""extractor"": ""aliked"", ""elapsed_ms"": 473.51, ""error"": """", ""match_count"": 28, ""inliers"": 7, ""inlier_ratio"": 0.25, ""rmse"": 1.4636, ""registration_reliable"": false, ""reliability_reasons"": [""inliers < 8""], ""poor_spatial_coverage"": false, ""bad_homography_shape"": false}]",2324.65,1134.49,3466.29,,C:\Users\86158\Desktop\codxRoot\workspace\diffusion_lightglue_cascade_study_100\runs\coarse\strategy_cascade-superpoint_aliked-rgb_steps_8_keypoints_2048\0003_ROIs2017_winter_97_p18,False
coarse,4,fall,ROIs1970_fall_35_p527,E:\Data\fall\s1_35\ROIs1970_fall_s1_35_p527.png,E:\Data\fall\s2_35\ROIs1970_fall_s2_35_p527.png,8,2048,superpoint+aliked,cascade,superpoint+aliked,rgb,cascade-superpoint+aliked-rgb,aliked,True,False,32,7,0.2188,1.186,0.244495,101.2492,125.171,65.3571,inliers < 8;inlier_ratio < 0.25;bad_homography_shape,False,True,False,"[{""extractor"": ""superpoint"", ""elapsed_ms"": 522.03, ""error"": """", ""match_count"": 35, ""inliers"": 6, ""inlier_ratio"": 0.1714, ""rmse"": 0.7711, ""registration_reliable"": false, ""reliability_reasons"": [""inliers < 8"", ""inlier_ratio < 0.25""], ""poor_spatial_coverage"": false, ""bad_homography_shape"": false}, {""extractor"": ""aliked"", ""elapsed_ms"": 482.7, ""error"": """", ""match_count"": 32, ""inliers"": 7, ""inlier_ratio"": 0.2188, ""rmse"": 1.186, ""registration_reliable"": false, ""reliability_reasons"": [""inliers < 8"", ""inlier_ratio < 0.25"", ""bad_homography_shape""], ""poor_spatial_coverage"": false, ""bad_homography_shape"": true}]",2308.81,1151.65,3467.69,,C:\Users\86158\Desktop\codxRoot\workspace\diffusion_lightglue_cascade_study_100\runs\coarse\strategy_cascade-superpoint_aliked-rgb_steps_8_keypoints_2048\0004_ROIs1970_fall_35_p527,False
coarse,5,spring,ROIs1158_spring_63_p750,E:\Data\spring\s1_63\ROIs1158_spring_s1_63_p750.png,E:\Data\spring\s2_63\ROIs1158_spring_s2_63_p750.png,8,2048,superpoint+aliked,cascade,superpoint+aliked,rgb,cascade-superpoint+aliked-rgb,superpoint,True,True,331,182,0.5498,1.8842,0.298092,75.403,-3.9565,-2.9334,,False,False,False,"[{""extractor"": ""superpoint"", ""elapsed_ms"": 551.27, ""error"": """", ""match_count"": 331, ""inliers"": 182, ""inlier_ratio"": 0.5498, ""rmse"": 1.8842, ""registration_reliable"": true, ""reliability_reasons"": [], ""poor_spatial_coverage"": false, ""bad_homography_shape"": false}, {""extractor"": ""aliked"", ""elapsed_ms"": 498.58, ""error"": """", ""match_count"": 59, ""inliers"": 21, ""inlier_ratio"": 0.3559, ""rmse"": 1.7391, ""registration_reliable"": true, ""reliability_reasons"": [], ""poor_spatial_coverage"": false, ""bad_homography_shape"": false}]",2293.13,1201.99,3502.24,,C:\Users\86158\Desktop\codxRoot\workspace\diffusion_lightglue_cascade_study_100\runs\coarse\strategy_cascade-superpoint_aliked-rgb_steps_8_keypoints_2048\0005_ROIs1158_spring_63_p750,False
coarse,6,summer,ROIs1868_summer_47_p745,E:\Data\summer\s1_47\ROIs1868_summer_s1_47_p745.png,E:\Data\summer\s2_47\ROIs1868_summer_s2_47_p745.png,8,2048,superpoint+aliked,cascade,superpoint+aliked,rgb,cascade-superpoint+aliked-rgb,superpoint,True,True,220,75,0.3409,1.9677,0.269635,85.3633,-2.3387,1.4414,,False,False,False,"[{""extractor"": ""superpoint"", ""elapsed_ms"": 558.66, ""error"": """", ""match_count"": 220, ""inliers"": 75, ""inlier_ratio"": 0.3409, ""rmse"": 1.9677, ""registration_reliable"": true, ""reliability_reasons"": [], ""poor_spatial_coverage"": false, ""bad_homography_shape"": false}, {""extractor"": ""aliked"", ""elapsed_ms"": 491.96, ""error"": """", ""match_count"": 47, ""inliers"": 16, ""inlier_ratio"": 0.3404, ""rmse"": 1.542, ""registration_reliable"": true, ""reliability_reasons"": [], ""poor_spatial_coverage"": false, ""bad_homography_shape"": false}]",2306.21,1198.78,3511.78,,C:\Users\86158\Desktop\codxRoot\workspace\diffusion_lightglue_cascade_study_100\runs\coarse\strategy_cascade-superpoint_aliked-rgb_steps_8_keypoints_2048\0006_ROIs1868_summer_47_p745,False
coarse,7,winter,ROIs2017_winter_35_p879,E:\Data\winter\s1_35\ROIs2017_winter_s1_35_p879.png,E:\Data\winter\s2_35\ROIs2017_winter_s2_35_p879.png,8,2048,superpoint+aliked,cascade,superpoint+aliked,rgb,cascade-superpoint+aliked-rgb,aliked,True,False,25,6,0.24,0.6608,0.222129,136.1416,221.6972,217.8358,inliers < 8;inlier_ratio < 0.25;bad_homography_shape,False,True,False,"[{""extractor"": ""superpoint"", ""elapsed_ms"": 508.89, ""error"": """", ""match_count"": 24, ""inliers"": 5, ""inlier_ratio"": 0.2083, ""rmse"": 0.4155, ""registration_reliable"": false, ""reliability_reasons"": [""inliers < 8"", ""inlier_ratio < 0.25"", ""bad_homography_shape""], ""poor_spatial_coverage"": false, ""bad_homography_shape"": true}, {""extractor"": ""aliked"", ""elapsed_ms"": 509.8, ""error"": """", ""match_count"": 25, ""inliers"": 6, ""inlier_ratio"": 0.24, ""rmse"": 0.6608, ""registration_reliable"": false, ""reliability_reasons"": [""inliers < 8"", ""inlier_ratio < 0.25"", ""bad_homography_shape""], ""poor_spatial_coverage"": false, ""bad_homography_shape"": true}]",2314.96,1176.3,3498.99,,C:\Users\86158\Desktop\codxRoot\workspace\diffusion_lightglue_cascade_study_100\runs\coarse\strategy_cascade-superpoint_aliked-rgb_steps_8_keypoints_2048\0007_ROIs2017_winter_35_p879,False
coarse,8,fall,ROIs1970_fall_83_p473,E:\Data\fall\s1_83\ROIs1970_fall_s1_83_p473.png,E:\Data\fall\s2_83\ROIs1970_fall_s2_83_p473.png,8,2048,superpoint+aliked,cascade,superpoint+aliked,rgb,cascade-superpoint+aliked-rgb,aliked,True,False,31,8,0.2581,1.0613,0.26814,60.2112,245.6417,450.74,bad_homography_shape,False,True,False,"[{""extractor"": ""superpoint"", ""elapsed_ms"": 499.73, ""error"": """", ""match_count"": 51, ""inliers"": 5, ""inlier_ratio"": 0.098, ""rmse"": 0.2217, ""registration_reliable"": false, ""reliability_reasons"": [""inliers < 8"", ""inlier_ratio < 0.25""], ""poor_spatial_coverage"": false, ""bad_homography_shape"": false}, {""extractor"": ""aliked"", ""elapsed_ms"": 454.65, ""error"": """", ""match_count"": 31, ""inliers"": 8, ""inlier_ratio"": 0.2581, ""rmse"": 1.0613, ""registration_reliable"": false, ""reliability_reasons"": [""bad_homography_shape""], ""poor_spatial_coverage"": false, ""bad_homography_shape"": true}]",2325.61,1114.97,3448.04,,C:\Users\86158\Desktop\codxRoot\workspace\diffusion_lightglue_cascade_study_100\runs\coarse\strategy_cascade-superpoint_aliked-rgb_steps_8_keypoints_2048\0008_ROIs1970_fall_83_p473,False
coarse,9,spring,ROIs1158_spring_42_p965,E:\Data\spring\s1_42\ROIs1158_spring_s1_42_p965.png,E:\Data\spring\s2_42\ROIs1158_spring_s2_42_p965.png,8,2048,superpoint+aliked,cascade,superpoint+aliked,rgb,cascade-superpoint+aliked-rgb,aliked,True,False,21,6,0.2857,0.9379,0.216328,34.0704,71.1067,17.1658,inliers < 8;bad_homography_shape,False,True,False,"[{""extractor"": ""superpoint"", ""elapsed_ms"": 506.28, ""error"": """", ""match_count"": 22, ""inliers"": 6, ""inlier_ratio"": 0.2727, ""rmse"": 1.14, ""registration_reliable"": false, ""reliability_reasons"": [""inliers < 8"", ""bad_homography_shape""], ""poor_spatial_coverage"": false, ""bad_homography_shape"": true}, {""extractor"": ""aliked"", ""elapsed_ms"": 493.33, ""error"": """", ""match_count"": 21, ""inliers"": 6, ""inlier_ratio"": 0.2857, ""rmse"": 0.9379, ""registration_reliable"": false, ""reliability_reasons"": [""inliers < 8"", ""bad_homography_shape""], ""poor_spatial_coverage"": false, ""bad_homography_shape"": true}]",2297.07,1154.68,3460.04,,C:\Users\86158\Desktop\codxRoot\workspace\diffusion_lightglue_cascade_study_100\runs\coarse\strategy_cascade-superpoint_aliked-rgb_steps_8_keypoints_2048\0009_ROIs1158_spring_42_p965,False
coarse,10,summer,ROIs1868_summer_32_p1033,E:\Data\summer\s1_32\ROIs1868_summer_s1_32_p1033.png,E:\Data\summer\s2_32\ROIs1868_summer_s2_32_p1033.png,8,2048,superpoint+aliked,cascade,superpoint+aliked,rgb,cascade-superpoint+aliked-rgb,superpoint,True,True,75,19,0.2533,1.737,0.226316,67.5058,-0.4812,-2.5905,,False,False,False,"[{""extractor"": ""superpoint"", ""elapsed_ms"": 531.74, ""error"": """", ""match_count"": 75, ""inliers"": 19, ""inlier_ratio"": 0.2533, ""rmse"": 1.737, ""registration_reliable"": true, ""reliability_reasons"": [], ""poor_spatial_coverage"": false, ""bad_homography_shape"": false}, {""extractor"": ""aliked"", ""elapsed_ms"": 490.01, ""error"": """", ""match_count"": 93, ""inliers"": 9, ""inlier_ratio"": 0.0968, ""rmse"": 1.1712, ""registration_reliable"": false, ""reliability_reasons"": [""inlier_ratio < 0.25""], ""poor_spatial_coverage"": false, ""bad_homography_shape"": false}]",2302.76,1170.84,3484.55,,C:\Users\86158\Desktop\codxRoot\workspace\diffusion_lightglue_cascade_study_100\runs\coarse\strategy_cascade-superpoint_aliked-rgb_steps_8_keypoints_2048\0010_ROIs1868_summer_32_p1033,False
coarse,11,winter,ROIs2017_winter_63_p843,E:\Data\winter\s1_63\ROIs2017_winter_s1_63_p843.png,E:\Data\winter\s2_63\ROIs2017_winter_s2_63_p843.png,8,2048,superpoint+aliked,cascade,superpoint+aliked,rgb,cascade-superpoint+aliked-rgb,aliked,True,False,67,13,0.194,1.675,0.28328,54.7774,10.0779,-2.0683,inlier_ratio < 0.25;bad_homography_shape,False,True,False,"[{""extractor"": ""superpoint"", ""elapsed_ms"": 395.34, ""error"": """", ""match_count"": 98, ""inliers"": 9, ""inlier_ratio"": 0.0918, ""rmse"": 1.2895, ""registration_reliable"": false, ""reliability_reasons"": [""inlier_ratio < 0.25"", ""bad_homography_shape""], ""poor_spatial_coverage"": false, ""bad_homography_shape"": true}, {""extractor"": ""aliked"", ""elapsed_ms"": 367.36, ""error"": """", ""match_count"": 67, ""inliers"": 13, ""inlier_ratio"": 0.194, ""rmse"": 1.675, ""registration_reliable"": false, ""reliability_reasons"": [""inlier_ratio < 0.25"", ""bad_homography_shape""], ""poor_spatial_coverage"": false, ""bad_homography_shape"": true}]",1738.79,862.46,2606.75,,C:\Users\86158\Desktop\codxRoot\workspace\diffusion_lightglue_cascade_study_100\runs\coarse\strategy_cascade-superpoint_aliked-rgb_steps_8_keypoints_2048\0011_ROIs2017_winter_63_p843,False
coarse,12,fall,ROIs1970_fall_29_p33,E:\Data\fall\s1_29\ROIs1970_fall_s1_29_p33.png,E:\Data\fall\s2_29\ROIs1970_fall_s2_29_p33.png,8,2048,superpoint+aliked,cascade,superpoint+aliked,rgb,cascade-superpoint+aliked-rgb,superpoint,True,True,294,194,0.6599,1.6655,0.243993,79.3361,0.6645,-0.0567,,False,False,False,"[{""extractor"": ""superpoint"", ""elapsed_ms"": 438.78, ""error"": """", ""match_count"": 294, ""inliers"": 194, ""inlier_ratio"": 0.6599, ""rmse"": 1.6655, ""registration_reliable"": true, ""reliability_reasons"": [], ""poor_spatial_coverage"": false, ""bad_homography_shape"": false}, {""extractor"": ""aliked"", ""elapsed_ms"": 382.63, ""error"": """", ""match_count"": 130, ""inliers"": 93, ""inlier_ratio"": 0.7154, ""rmse"": 1.7214, ""registration_reliable"": true, ""reliability_reasons"": [], ""poor_spatial_coverage"": false, ""bad_homography_shape"": false}]",1789.94,917.45,2713.19,,C:\Users\86158\Desktop\codxRoot\workspace\diffusion_lightglue_cascade_study_100\runs\coarse\strategy_cascade-superpoint_aliked-rgb_steps_8_keypoints_2048\0012_ROIs1970_fall_29_p33,False
coarse,13,spring,ROIs1158_spring_80_p718,E:\Data\spring\s1_80\ROIs1158_spring_s1_80_p718.png,E:\Data\spring\s2_80\ROIs1158_spring_s2_80_p718.png,8,2048,superpoint+aliked,cascade,superpoint+aliked,rgb,cascade-superpoint+aliked-rgb,aliked,True,False,54,8,0.1481,1.3106,0.287109,157.034,947.6985,245.3849,inlier_ratio < 0.25;bad_homography_shape,False,True,False,"[{""extractor"": ""superpoint"", ""elapsed_ms"": 512.73, ""error"": """", ""match_count"": 40, ""inliers"": 7, ""inlier_ratio"": 0.175, ""rmse"": 1.5137, ""registration_reliable"": false, ""reliability_reasons"": [""inliers < 8"", ""inlier_ratio < 0.25""], ""poor_spatial_coverage"": false, ""bad_homography_shape"": false}, {""extractor"": ""aliked"", ""elapsed_ms"": 501.04, ""error"": """", ""match_count"": 54, ""inliers"": 8, ""inlier_ratio"": 0.1481, ""rmse"": 1.3106, ""registration_reliable"": false, ""reliability_reasons"": [""inlier_ratio < 0.25"", ""bad_homography_shape""], ""poor_spatial_coverage"": false, ""bad_homography_shape"": true}]",2311.21,1178.31,3496.93,,C:\Users\86158\Desktop\codxRoot\workspace\diffusion_lightglue_cascade_study_100\runs\coarse\strategy_cascade-superpoint_aliked-rgb_steps_8_keypoints_2048\0013_ROIs1158_spring_80_p718,False
coarse,14,summer,ROIs1868_summer_0_p457,E:\Data\summer\s1_0\ROIs1868_summer_s1_0_p457.png,E:\Data\summer\s2_0\ROIs1868_summer_s2_0_p457.png,8,2048,superpoint+aliked,cascade,superpoint+aliked,rgb,cascade-superpoint+aliked-rgb,aliked,True,False,16,5,0.3125,0.43,0.278348,146.2058,145.3633,-224.0684,inliers < 8,False,False,False,"[{""extractor"": ""superpoint"", ""elapsed_ms"": 508.78, ""error"": """", ""match_count"": 40, ""inliers"": 5, ""inlier_ratio"": 0.125, ""rmse"": 0.3861, ""registration_reliable"": false, ""reliability_reasons"": [""inliers < 8"", ""inlier_ratio < 0.25""], ""poor_spatial_coverage"": false, ""bad_homography_shape"": false}, {""extractor"": ""aliked"", ""elapsed_ms"": 484.54, ""error"": """", ""match_count"": 16, ""inliers"": 5, ""inlier_ratio"": 0.3125, ""rmse"": 0.43, ""registration_reliable"": false, ""reliability_reasons"": [""inliers < 8""], ""poor_spatial_coverage"": false, ""bad_homography_shape"": false}]",2344.45,1151.48,3502.91,,C:\Users\86158\Desktop\codxRoot\workspace\diffusion_lightglue_cascade_study_100\runs\coarse\strategy_cascade-superpoint_aliked-rgb_steps_8_keypoints_2048\0014_ROIs1868_summer_0_p457,False
coarse,15,winter,ROIs2017_winter_29_p511,E:\Data\winter\s1_29\ROIs2017_winter_s1_29_p511.png,E:\Data\winter\s2_29\ROIs2017_winter_s2_29_p511.png,8,2048,superpoint+aliked,cascade,superpoint+aliked,rgb,cascade-superpoint+aliked-rgb,superpoint,True,False,69,8,0.1159,1.0711,0.191226,79.6382,42.4753,15.6687,inlier_ratio < 0.25,False,False,False,"[{""extractor"": ""superpoint"", ""elapsed_ms"": 512.54, ""error"": """", ""match_count"": 69, ""inliers"": 8, ""inlier_ratio"": 0.1159, ""rmse"": 1.0711, ""registration_reliable"": false, ""reliability_reasons"": [""inlier_ratio < 0.25""], ""poor_spatial_coverage"": false, ""bad_homography_shape"": false}, {""extractor"": ""aliked"", ""elapsed_ms"": 505.8, ""error"": """", ""match_count"": 36, ""inliers"": 6, ""inlier_ratio"": 0.1667, ""rmse"": 0.694, ""registration_reliable"": false, ""reliability_reasons"": [""inliers < 8"", ""inlier_ratio < 0.25"", ""bad_homography_shape""], ""poor_spatial_coverage"": false, ""bad_homography_shape"": true}]",2336.02,1168.82,3511.94,,C:\Users\86158\Desktop\codxRoot\workspace\diffusion_lightglue_cascade_study_100\runs\coarse\strategy_cascade-superpoint_aliked-rgb_steps_8_keypoints_2048\0015_ROIs2017_winter_29_p511,False
coarse,16,fall,ROIs1970_fall_52_p762,E:\Data\fall\s1_52\ROIs1970_fall_s1_52_p762.png,E:\Data\fall\s2_52\ROIs1970_fall_s2_52_p762.png,8,2048,superpoint+aliked,cascade,superpoint+aliked,rgb,cascade-superpoint+aliked-rgb,superpoint,True,False,161,11,0.0683,1.547,0.247008,89.6254,-5.7008,-23.7988,inlier_ratio < 0.25,False,False,False,"[{""extractor"": ""superpoint"", ""elapsed_ms"": 520.37, ""error"": """", ""match_count"": 161, ""inliers"": 11, ""inlier_ratio"": 0.0683, ""rmse"": 1.547, ""registration_reliable"": false, ""reliability_reasons"": [""inlier_ratio < 0.25""], ""poor_spatial_coverage"": false, ""bad_homography_shape"": false}, {""extractor"": ""aliked"", ""elapsed_ms"": 491.59, ""error"": """", ""match_count"": 31, ""inliers"": 7, ""inlier_ratio"": 0.2258, ""rmse"": 1.0377, ""registration_reliable"": false, ""reliability_reasons"": [""inliers < 8"", ""inlier_ratio < 0.25""], ""poor_spatial_coverage"": false, ""bad_homography_shape"": false}]",2317.57,1177.49,3502.94,,C:\Users\86158\Desktop\codxRoot\workspace\diffusion_lightglue_cascade_study_100\runs\coarse\strategy_cascade-superpoint_aliked-rgb_steps_8_keypoints_2048\0016_ROIs1970_fall_52_p762,False
coarse,17,spring,ROIs1158_spring_127_p361,E:\Data\spring\s1_127\ROIs1158_spring_s1_127_p361.png,E:\Data\spring\s2_127\ROIs1158_spring_s2_127_p361.png,8,2048,superpoint+aliked,cascade,superpoint+aliked,rgb,cascade-superpoint+aliked-rgb,aliked,True,False,35,8,0.2286,1.3298,0.320798,82.4407,140.7148,78.1927,inlier_ratio < 0.25;bad_homography_shape,False,True,False,"[{""extractor"": ""superpoint"", ""elapsed_ms"": 527.05, ""error"": """", ""match_count"": 137, ""inliers"": 8, ""inlier_ratio"": 0.0584, ""rmse"": 0.6507, ""registration_reliable"": false, ""reliability_reasons"": [""inlier_ratio < 0.25"", ""bad_homography_shape""], ""poor_spatial_coverage"": false, ""bad_homography_shape"": true}, {""extractor"": ""aliked"", ""elapsed_ms"": 484.24, ""error"": """", ""match_count"": 35, ""inliers"": 8, ""inlier_ratio"": 0.2286, ""rmse"": 1.3298, ""registration_reliable"": false, ""reliability_reasons"": [""inlier_ratio < 0.25"", ""bad_homography_shape""], ""poor_spatial_coverage"": false, ""bad_homography_shape"": true}]",2346.53,1156.61,3510.29,,C:\Users\86158\Desktop\codxRoot\workspace\diffusion_lightglue_cascade_study_100\runs\coarse\strategy_cascade-superpoint_aliked-rgb_steps_8_keypoints_2048\0017_ROIs1158_spring_127_p361,False
coarse,18,summer,ROIs1868_summer_120_p533,E:\Data\summer\s1_120\ROIs1868_summer_s1_120_p533.png,E:\Data\summer\s2_120\ROIs1868_summer_s2_120_p533.png,8,2048,superpoint+aliked,cascade,superpoint+aliked,rgb,cascade-superpoint+aliked-rgb,aliked,True,False,40,7,0.175,1.1366,0.231045,64.4773,47.1606,21.0785,inliers < 8;inlier_ratio < 0.25,False,False,False,"[{""extractor"": ""superpoint"", ""elapsed_ms"": 520.68, ""error"": """", ""match_count"": 67, ""inliers"": 6, ""inlier_ratio"": 0.0896, ""rmse"": 0.7497, ""registration_reliable"": false, ""reliability_reasons"": [""inliers < 8"", ""inlier_ratio < 0.25""], ""poor_spatial_coverage"": false, ""bad_homography_shape"": false}, {""extractor"": ""aliked"", ""elapsed_ms"": 490.59, ""error"": """", ""match_count"": 40, ""inliers"": 7, ""inlier_ratio"": 0.175, ""rmse"": 1.1366, ""registration_reliable"": false, ""reliability_reasons"": [""inliers < 8"", ""inlier_ratio < 0.25""], ""poor_spatial_coverage"": false, ""bad_homography_shape"": false}]",2355.7,1168.89,3533.82,,C:\Users\86158\Desktop\codxRoot\workspace\diffusion_lightglue_cascade_study_100\runs\coarse\strategy_cascade-superpoint_aliked-rgb_steps_8_keypoints_2048\0018_ROIs1868_summer_120_p533,False
coarse,19,winter,winter_img_temperate_p616,E:\Data\winter\s1_171\winter_img_temperate_p616.png,E:\Data\winter\s2_171\winter_img_temperate_p616.png,8,2048,superpoint+aliked,cascade,superpoint+aliked,rgb,cascade-superpoint+aliked-rgb,superpoint,True,False,10,5,0.5,0.5365,0.17465,54.8419,-36.0338,7.4033,inliers < 8;bad_homography_shape,False,True,False,"[{""extractor"": ""superpoint"", ""elapsed_ms"": 507.68, ""error"": """", ""match_count"": 10, ""inliers"": 5, ""inlier_ratio"": 0.5, ""rmse"": 0.5365, ""registration_reliable"": false, ""reliability_reasons"": [""inliers < 8"", ""bad_homography_shape""], ""poor_spatial_coverage"": false, ""bad_homography_shape"": true}, {""extractor"": ""aliked"", ""elapsed_ms"": 509.89, ""error"": """", ""match_count"": 0, ""inliers"": 0, ""inlier_ratio"": 0.0, ""rmse"": null, ""registration_reliable"": false, ""reliability_reasons"": [""inliers < 8"", ""inlier_ratio < 0.25"", ""rmse unavailable"", ""poor_spatial_coverage"", ""bad_homography_shape""], ""poor_spatial_coverage"": true, ""bad_homography_shape"": true}]",2328.56,1159.61,3495.95,,C:\Users\86158\Desktop\codxRoot\workspace\diffusion_lightglue_cascade_study_100\runs\coarse\strategy_cascade-superpoint_aliked-rgb_steps_8_keypoints_2048\0019_winter_img_temperate_p616,False
coarse,20,fall,ROIs1970_fall_32_p908,E:\Data\fall\s1_32\ROIs1970_fall_s1_32_p908.png,E:\Data\fall\s2_32\ROIs1970_fall_s2_32_p908.png,8,2048,superpoint+aliked,cascade,superpoint+aliked,rgb,cascade-superpoint+aliked-rgb,aliked,True,False,21,6,0.2857,1.0133,0.212554,68.514,-150.4158,10.1965,inliers < 8;bad_homography_shape,False,True,False,"[{""extractor"": ""superpoint"", ""elapsed_ms"": 517.14, ""error"": """", ""match_count"": 31, ""inliers"": 5, ""inlier_ratio"": 0.1613, ""rmse"": 0.9302, ""registration_reliable"": false, ""reliability_reasons"": [""inliers < 8"", ""inlier_ratio < 0.25"", ""bad_homography_shape""], ""poor_spatial_coverage"": false, ""bad_homography_shape"": true}, {""extractor"": ""aliked"", ""elapsed_ms"": 528.06, ""error"": """", ""match_count"": 21, ""inliers"": 6, ""inlier_ratio"": 0.2857, ""rmse"": 1.0133, ""registration_reliable"": false, ""reliability_reasons"": [""inliers < 8"", ""bad_homography_shape""], ""poor_spatial_coverage"": false, ""bad_homography_shape"": true}]",2325.32,1173.06,3506.56,,C:\Users\86158\Desktop\codxRoot\workspace\diffusion_lightglue_cascade_study_100\runs\coarse\strategy_cascade-superpoint_aliked-rgb_steps_8_keypoints_2048\0020_ROIs1970_fall_32_p908,False
coarse,21,spring,ROIs1158_spring_40_p799,E:\Data\spring\s1_40\ROIs1158_spring_s1_40_p799.png,E:\Data\spring\s2_40\ROIs1158_spring_s2_40_p799.png,8,2048,superpoint+aliked,cascade,superpoint+aliked,rgb,cascade-superpoint+aliked-rgb,superpoint,True,True,52,15,0.2885,1.6941,0.22625,58.0492,-6.399,-17.7812,,False,False,False,"[{""extractor"": ""superpoint"", ""elapsed_ms"": 558.41, ""error"": """", ""match_count"": 52, ""inliers"": 15, ""inlier_ratio"": 0.2885, ""rmse"": 1.6941, ""registration_reliable"": true, ""reliability_reasons"": [], ""poor_spatial_coverage"": false, ""bad_homography_shape"": false}, {""extractor"": ""aliked"", ""elapsed_ms"": 497.73, ""error"": """", ""match_count"": 26, ""inliers"": 6, ""inlier_ratio"": 0.2308, ""rmse"": 1.2429, ""registration_reliable"": false, ""reliability_reasons"": [""inliers < 8"", ""inlier_ratio < 0.25"", ""bad_homography_shape""], ""poor_spatial_coverage"": false, ""bad_homography_shape"": true}]",2327.93,1194.9,3530.3,,C:\Users\86158\Desktop\codxRoot\workspace\diffusion_lightglue_cascade_study_100\runs\coarse\strategy_cascade-superpoint_aliked-rgb_steps_8_keypoints_2048\0021_ROIs1158_spring_40_p799,False
coarse,22,summer,ROIs1868_summer_18_p368,E:\Data\summer\s1_18\ROIs1868_summer_s1_18_p368.png,E:\Data\summer\s2_18\ROIs1868_summer_s2_18_p368.png,8,2048,superpoint+aliked,cascade,superpoint+aliked,rgb,cascade-superpoint+aliked-rgb,superpoint,True,False,113,17,0.1504,1.7891,0.224378,81.1777,9.2257,24.6019,inlier_ratio < 0.25,False,False,False,"[{""extractor"": ""superpoint"", ""elapsed_ms"": 546.42, ""error"": """", ""match_count"": 113, ""inliers"": 17, ""inlier_ratio"": 0.1504, ""rmse"": 1.7891, ""registration_reliable"": false, ""reliability_reasons"": [""inlier_ratio < 0.25""], ""poor_spatial_coverage"": false, ""bad_homography_shape"": false}, {""extractor"": ""aliked"", ""elapsed_ms"": 497.05, ""error"": """", ""match_count"": 59, ""inliers"": 13, ""inlier_ratio"": 0.2203, ""rmse"": 1.8172, ""registration_reliable"": false, ""reliability_reasons"": [""inlier_ratio < 0.25""], ""poor_spatial_coverage"": false, ""bad_homography_shape"": false}]",2327.62,1189.79,3525.59,,C:\Users\86158\Desktop\codxRoot\workspace\diffusion_lightglue_cascade_study_100\runs\coarse\strategy_cascade-superpoint_aliked-rgb_steps_8_keypoints_2048\0022_ROIs1868_summer_18_p368,False
coarse,23,winter,ROIs2017_winter_16_p63,E:\Data\winter\s1_16\ROIs2017_winter_s1_16_p63.png,E:\Data\winter\s2_16\ROIs2017_winter_s2_16_p63.png,8,2048,superpoint+aliked,cascade,superpoint+aliked,rgb,cascade-superpoint+aliked-rgb,superpoint,True,True,118,35,0.2966,1.9085,0.254895,77.2729,1.2431,-2.5256,,False,False,False,"[{""extractor"": ""superpoint"", ""elapsed_ms"": 552.99, ""error"": """", ""match_count"": 118, ""inliers"": 35, ""inlier_ratio"": 0.2966, ""rmse"": 1.9085, ""registration_reliable"": true, ""reliability_reasons"": [], ""poor_spatial_coverage"": false, ""bad_homography_shape"": false}, {""extractor"": ""aliked"", ""elapsed_ms"": 490.72, ""error"": """", ""match_count"": 73, ""inliers"": 14, ""inlier_ratio"": 0.1918, ""rmse"": 1.6177, ""registration_reliable"": false, ""reliability_reasons"": [""inlier_ratio < 0.25"", ""bad_homography_shape""], ""poor_spatial_coverage"": false, ""bad_homography_shape"": true}]",2349.27,1178.77,3535.2,,C:\Users\86158\Desktop\codxRoot\workspace\diffusion_lightglue_cascade_study_100\runs\coarse\strategy_cascade-superpoint_aliked-rgb_steps_8_keypoints_2048\0023_ROIs2017_winter_16_p63,False
coarse,24,fall,ROIs1970_fall_102_p1432,E:\Data\fall\s1_102\ROIs1970_fall_s1_102_p1432.png,E:\Data\fall\s2_102\ROIs1970_fall_s2_102_p1432.png,8,2048,superpoint+aliked,cascade,superpoint+aliked,rgb,cascade-superpoint+aliked-rgb,aliked,True,False,24,6,0.25,0.7953,0.296913,86.6672,24.9745,0.4626,inliers < 8;bad_homography_shape,False,True,False,"[{""extractor"": ""superpoint"", ""elapsed_ms"": 518.25, ""error"": """", ""match_count"": 53, ""inliers"": 6, ""inlier_ratio"": 0.1132, ""rmse"": 0.9688, ""registration_reliable"": false, ""reliability_reasons"": [""inliers < 8"", ""inlier_ratio < 0.25"", ""bad_homography_shape""], ""poor_spatial_coverage"": false, ""bad_homography_shape"": true}, {""extractor"": ""aliked"", ""elapsed_ms"": 493.36, ""error"": """", ""match_count"": 24, ""inliers"": 6, ""inlier_ratio"": 0.25, ""rmse"": 0.7953, ""registration_reliable"": false, ""reliability_reasons"": [""inliers < 8"", ""bad_homography_shape""], ""poor_spatial_coverage"": false, ""bad_homography_shape"": true}]",2352.91,1160.67,3520.87,,C:\Users\86158\Desktop\codxRoot\workspace\diffusion_lightglue_cascade_study_100\runs\coarse\strategy_cascade-superpoint_aliked-rgb_steps_8_keypoints_2048\0024_ROIs1970_fall_102_p1432,False
coarse,25,spring,ROIs1158_spring_5_p429,E:\Data\spring\s1_5\ROIs1158_spring_s1_5_p429.png,E:\Data\spring\s2_5\ROIs1158_spring_s2_5_p429.png,8,2048,superpoint+aliked,cascade,superpoint+aliked,rgb,cascade-superpoint+aliked-rgb,aliked,True,True,137,40,0.292,2.036,0.243219,68.8029,5.5115,-0.1549,,False,False,True,"[{""extractor"": ""superpoint"", ""elapsed_ms"": 552.14, ""error"": """", ""match_count"": 78, ""inliers"": 21, ""inlier_ratio"": 0.2692, ""rmse"": 1.7624, ""registration_reliable"": true, ""reliability_reasons"": [], ""poor_spatial_coverage"": false, ""bad_homography_shape"": false}, {""extractor"": ""aliked"", ""elapsed_ms"": 507.16, ""error"": """", ""match_count"": 137, ""inliers"": 40, ""inlier_ratio"": 0.292, ""rmse"": 2.036, ""registration_reliable"": true, ""reliability_reasons"": [], ""poor_spatial_coverage"": false, ""bad_homography_shape"": false}]",2353.99,1199.68,3561.53,,C:\Users\86158\Desktop\codxRoot\workspace\diffusion_lightglue_cascade_study_100\runs\coarse\strategy_cascade-superpoint_aliked-rgb_steps_8_keypoints_2048\0025_ROIs1158_spring_5_p429,False
coarse,26,summer,ROIs1868_summer_41_p1071,E:\Data\summer\s1_41\ROIs1868_summer_s1_41_p1071.png,E:\Data\summer\s2_41\ROIs1868_summer_s2_41_p1071.png,8,2048,superpoint+aliked,cascade,superpoint+aliked,rgb,cascade-superpoint+aliked-rgb,superpoint,True,True,266,172,0.6466,1.8371,0.240865,94.3265,-1.6311,-1.2712,,False,False,False,"[{""extractor"": ""superpoint"", ""elapsed_ms"": 573.91, ""error"": """", ""match_count"": 266, ""inliers"": 172, ""inlier_ratio"": 0.6466, ""rmse"": 1.8371, ""registration_reliable"": true, ""reliability_reasons"": [], ""poor_spatial_coverage"": false, ""bad_homography_shape"": false}, {""extractor"": ""aliked"", ""elapsed_ms"": 499.62, ""error"": """", ""match_count"": 48, ""inliers"": 11, ""inlier_ratio"": 0.2292, ""rmse"": 1.8219, ""registration_reliable"": false, ""reliability_reasons"": [""inlier_ratio < 0.25""], ""poor_spatial_coverage"": false, ""bad_homography_shape"": false}]",2371.92,1203.26,3583.67,,C:\Users\86158\Desktop\codxRoot\workspace\diffusion_lightglue_cascade_study_100\runs\coarse\strategy_cascade-superpoint_aliked-rgb_steps_8_keypoints_2048\0026_ROIs1868_summer_41_p1071,False
coarse,27,winter,ROIs2017_winter_51_p391,E:\Data\winter\s1_51\ROIs2017_winter_s1_51_p391.png,E:\Data\winter\s2_51\ROIs2017_winter_s2_51_p391.png,8,2048,superpoint+aliked,cascade,superpoint+aliked,rgb,cascade-superpoint+aliked-rgb,superpoint,True,True,71,44,0.6197,1.9126,0.253653,109.9385,25.4377,57.1186,,False,False,False,"[{""extractor"": ""superpoint"", ""elapsed_ms"": 574.79, ""error"": """", ""match_count"": 71, ""inliers"": 44, ""inlier_ratio"": 0.6197, ""rmse"": 1.9126, ""registration_reliable"": true, ""reliability_reasons"": [], ""poor_spatial_coverage"": false, ""bad_homography_shape"": false}, {""extractor"": ""aliked"", ""elapsed_ms"": 502.15, ""error"": """", ""match_count"": 3, ""inliers"": 0, ""inlier_ratio"": 0.0, ""rmse"": null, ""registration_reliable"": false, ""reliability_reasons"": [""inliers < 8"", ""inlier_ratio < 0.25"", ""rmse unavailable"", ""poor_spatial_coverage"", ""bad_homography_shape""], ""poor_spatial_coverage"": true, ""bad_homography_shape"": true}]",2380.89,1224.89,3613.61,,C:\Users\86158\Desktop\codxRoot\workspace\diffusion_lightglue_cascade_study_100\runs\coarse\strategy_cascade-superpoint_aliked-rgb_steps_8_keypoints_2048\0027_ROIs2017_winter_51_p391,False
coarse,28,fall,ROIs1970_fall_143_p169,E:\Data\fall\s1_143\ROIs1970_fall_s1_143_p169.png,E:\Data\fall\s2_143\ROIs1970_fall_s2_143_p169.png,8,2048,superpoint+aliked,cascade,superpoint+aliked,rgb,cascade-superpoint+aliked-rgb,aliked,True,True,38,10,0.2632,1.4238,0.277601,116.5158,-161.463,-161.2526,,False,False,True,"[{""extractor"": ""superpoint"", ""elapsed_ms"": 556.87, ""error"": """", ""match_count"": 48, ""inliers"": 6, ""inlier_ratio"": 0.125, ""rmse"": 0.9892, ""registration_reliable"": false, ""reliability_reasons"": [""inliers < 8"", ""inlier_ratio < 0.25""], ""poor_spatial_coverage"": false, ""bad_homography_shape"": false}, {""extractor"": ""aliked"", ""elapsed_ms"": 539.92, ""error"": """", ""match_count"": 38, ""inliers"": 10, ""inlier_ratio"": 0.2632, ""rmse"": 1.4238, ""registration_reliable"": true, ""reliability_reasons"": [], ""poor_spatial_coverage"": false, ""bad_homography_shape"": false}]",2358.04,1262.12,3627.36,,C:\Users\86158\Desktop\codxRoot\workspace\diffusion_lightglue_cascade_study_100\runs\coarse\strategy_cascade-superpoint_aliked-rgb_steps_8_keypoints_2048\0028_ROIs1970_fall_143_p169,False
coarse,29,spring,ROIs1158_spring_47_p850,E:\Data\spring\s1_47\ROIs1158_spring_s1_47_p850.png,E:\Data\spring\s2_47\ROIs1158_spring_s2_47_p850.png,8,2048,superpoint+aliked,cascade,superpoint+aliked,rgb,cascade-superpoint+aliked-rgb,aliked,True,True,38,18,0.4737,1.8103,0.233555,62.9814,-8.0938,-24.2251,,False,False,True,"[{""extractor"": ""superpoint"", ""elapsed_ms"": 433.97, ""error"": """", ""match_count"": 64, ""inliers"": 18, ""inlier_ratio"": 0.2812, ""rmse"": 1.6874, ""registration_reliable"": true, ""reliability_reasons"": [], ""poor_spatial_coverage"": false, ""bad_homography_shape"": false}, {""extractor"": ""aliked"", ""elapsed_ms"": 512.4, ""error"": """", ""match_count"": 38, ""inliers"": 18, ""inlier_ratio"": 0.4737, ""rmse"": 1.8103, ""registration_reliable"": true, ""reliability_reasons"": [], ""poor_spatial_coverage"": false, ""bad_homography_shape"": false}]",1868.64,1051.68,2927.19,,C:\Users\86158\Desktop\codxRoot\workspace\diffusion_lightglue_cascade_study_100\runs\coarse\strategy_cascade-superpoint_aliked-rgb_steps_8_keypoints_2048\0029_ROIs1158_spring_47_p850,False
coarse,30,summer,ROIs1868_summer_128_p934,E:\Data\summer\s1_128\ROIs1868_summer_s1_128_p934.png,E:\Data\summer\s2_128\ROIs1868_summer_s2_128_p934.png,8,2048,superpoint+aliked,cascade,superpoint+aliked,rgb,cascade-superpoint+aliked-rgb,aliked,True,False,21,6,0.2857,0.7803,0.280914,107.7503,-19.421,86.2918,inliers < 8;bad_homography_shape,False,True,False,"[{""extractor"": ""superpoint"", ""elapsed_ms"": 389.17, ""error"": """", ""match_count"": 30, ""inliers"": 6, ""inlier_ratio"": 0.2, ""rmse"": 0.8877, ""registration_reliable"": false, ""reliability_reasons"": [""inliers < 8"", ""inlier_ratio < 0.25"", ""bad_homography_shape""], ""poor_spatial_coverage"": false, ""bad_homography_shape"": true}, {""extractor"": ""aliked"", ""elapsed_ms"": 376.18, ""error"": """", ""match_count"": 21, ""inliers"": 6, ""inlier_ratio"": 0.2857, ""rmse"": 0.7803, ""registration_reliable"": false, ""reliability_reasons"": [""inliers < 8"", ""bad_homography_shape""], ""poor_spatial_coverage"": false, ""bad_homography_shape"": true}]",1742.52,867.61,2616.49,,C:\Users\86158\Desktop\codxRoot\workspace\diffusion_lightglue_cascade_study_100\runs\coarse\strategy_cascade-superpoint_aliked-rgb_steps_8_keypoints_2048\0030_ROIs1868_summer_128_p934,False
coarse,31,winter,ROIs2017_winter_112_p60,E:\Data\winter\s1_112\ROIs2017_winter_s1_112_p60.png,E:\Data\winter\s2_112\ROIs2017_winter_s2_112_p60.png,8,2048,superpoint+aliked,cascade,superpoint+aliked,rgb,cascade-superpoint+aliked-rgb,aliked,True,True,23,9,0.3913,1.4079,0.345789,44.5741,18.9259,23.3997,,False,False,True,"[{""extractor"": ""superpoint"", ""elapsed_ms"": 409.05, ""error"": """", ""match_count"": 14, ""inliers"": 5, ""inlier_ratio"": 0.3571, ""rmse"": 0.2031, ""registration_reliable"": false, ""reliability_reasons"": [""inliers < 8"", ""bad_homography_shape""], ""poor_spatial_coverage"": false, ""bad_homography_shape"": true}, {""extractor"": ""aliked"", ""elapsed_ms"": 425.42, ""error"": """", ""match_count"": 23, ""inliers"": 9, ""inlier_ratio"": 0.3913, ""rmse"": 1.4079, ""registration_reliable"": true, ""reliability_reasons"": [], ""poor_spatial_coverage"": false, ""bad_homography_shape"": false}]",1697.27,936.21,2639.83,,C:\Users\86158\Desktop\codxRoot\workspace\diffusion_lightglue_cascade_study_100\runs\coarse\strategy_cascade-superpoint_aliked-rgb_steps_8_keypoints_2048\0031_ROIs2017_winter_112_p60,False
coarse,32,fall,ROIs1970_fall_29_p868,E:\Data\fall\s1_29\ROIs1970_fall_s1_29_p868.png,E:\Data\fall\s2_29\ROIs1970_fall_s2_29_p868.png,8,2048,superpoint+aliked,cascade,superpoint+aliked,rgb,cascade-superpoint+aliked-rgb,aliked,True,True,122,61,0.5,1.766,0.382729,67.8455,-1.2748,3.9964,,False,False,True,"[{""extractor"": ""superpoint"", ""elapsed_ms"": 416.66, ""error"": """", ""match_count"": 59, ""inliers"": 20, ""inlier_ratio"": 0.339, ""rmse"": 1.6175, ""registration_reliable"": true, ""reliability_reasons"": [], ""poor_spatial_coverage"": false, ""bad_homography_shape"": false}, {""extractor"": ""aliked"", ""elapsed_ms"": 379.86, ""error"": """", ""match_count"": 122, ""inliers"": 61, ""inlier_ratio"": 0.5, ""rmse"": 1.766, ""registration_reliable"": true, ""reliability_reasons"": [], ""poor_spatial_coverage"": false, ""bad_homography_shape"": false}]",1666.16,894.71,2566.49,,C:\Users\86158\Desktop\codxRoot\workspace\diffusion_lightglue_cascade_study_100\runs\coarse\strategy_cascade-superpoint_aliked-rgb_steps_8_keypoints_2048\0032_ROIs1970_fall_29_p868,False
coarse,33,spring,ROIs1158_spring_137_p652,E:\Data\spring\s1_137\ROIs1158_spring_s1_137_p652.png,E:\Data\spring\s2_137\ROIs1158_spring_s2_137_p652.png,8,2048,superpoint+aliked,cascade,superpoint+aliked,rgb,cascade-superpoint+aliked-rgb,superpoint,True,False,141,9,0.0638,0.972,0.218689,57.3221,-1368.9003,-623.5312,inlier_ratio < 0.25;bad_homography_shape,False,True,False,"[{""extractor"": ""superpoint"", ""elapsed_ms"": 444.64, ""error"": """", ""match_count"": 141, ""inliers"": 9, ""inlier_ratio"": 0.0638, ""rmse"": 0.972, ""registration_reliable"": false, ""reliability_reasons"": [""inlier_ratio < 0.25"", ""bad_homography_shape""], ""poor_spatial_coverage"": false, ""bad_homography_shape"": true}, {""extractor"": ""aliked"", ""elapsed_ms"": 504.3, ""error"": """", ""match_count"": 17, ""inliers"": 5, ""inlier_ratio"": 0.2941, ""rmse"": 0.5792, ""registration_reliable"": false, ""reliability_reasons"": [""inliers < 8"", ""bad_homography_shape""], ""poor_spatial_coverage"": false, ""bad_homography_shape"": true}]",1674.59,1123.63,2804.61,,C:\Users\86158\Desktop\codxRoot\workspace\diffusion_lightglue_cascade_study_100\runs\coarse\strategy_cascade-superpoint_aliked-rgb_steps_8_keypoints_2048\0033_ROIs1158_spring_137_p652,False
coarse,34,summer,ROIs1868_summer_32_p922,E:\Data\summer\s1_32\ROIs1868_summer_s1_32_p922.png,E:\Data\summer\s2_32\ROIs1868_summer_s2_32_p922.png,8,2048,superpoint+aliked,cascade,superpoint+aliked,rgb,cascade-superpoint+aliked-rgb,aliked,True,False,61,7,0.1148,1.2607,0.247547,48.8863,-244.3473,-139.7238,inliers < 8;inlier_ratio < 0.25;bad_homography_shape,False,True,False,"[{""extractor"": ""superpoint"", ""elapsed_ms"": 521.53, ""error"": """", ""match_count"": 72, ""inliers"": 6, ""inlier_ratio"": 0.0833, ""rmse"": 0.8539, ""registration_reliable"": false, ""reliability_reasons"": [""inliers < 8"", ""inlier_ratio < 0.25""], ""poor_spatial_coverage"": false, ""bad_homography_shape"": false}, {""extractor"": ""aliked"", ""elapsed_ms"": 486.59, ""error"": """", ""match_count"": 61, ""inliers"": 7, ""inlier_ratio"": 0.1148, ""rmse"": 1.2607, ""registration_reliable"": false, ""reliability_reasons"": [""inliers < 8"", ""inlier_ratio < 0.25"", ""bad_homography_shape""], ""poor_spatial_coverage"": false, ""bad_homography_shape"": true}]",2385.55,1173.62,3567.15,,C:\Users\86158\Desktop\codxRoot\workspace\diffusion_lightglue_cascade_study_100\runs\coarse\strategy_cascade-superpoint_aliked-rgb_steps_8_keypoints_2048\0034_ROIs1868_summer_32_p922,False
coarse,35,winter,ROIs2017_winter_19_p550,E:\Data\winter\s1_19\ROIs2017_winter_s1_19_p550.png,E:\Data\winter\s2_19\ROIs2017_winter_s2_19_p550.png,8,2048,superpoint+aliked,cascade,superpoint+aliked,rgb,cascade-superpoint+aliked-rgb,aliked,True,True,34,10,0.2941,1.3793,0.299933,40.2074,175.3998,27.8426,,False,False,True,"[{""extractor"": ""superpoint"", ""elapsed_ms"": 521.12, ""error"": """", ""match_count"": 84, ""inliers"": 9, ""inlier_ratio"": 0.1071, ""rmse"": 1.8017, ""registration_reliable"": false, ""reliability_reasons"": [""inlier_ratio < 0.25"", ""bad_homography_shape""], ""poor_spatial_coverage"": false, ""bad_homography_shape"": true}, {""extractor"": ""aliked"", ""elapsed_ms"": 511.16, ""error"": """", ""match_count"": 34, ""inliers"": 10, ""inlier_ratio"": 0.2941, ""rmse"": 1.3793, ""registration_reliable"": true, ""reliability_reasons"": [], ""poor_spatial_coverage"": false, ""bad_homography_shape"": false}]",2298.73,1168.57,3475.15,,C:\Users\86158\Desktop\codxRoot\workspace\diffusion_lightglue_cascade_study_100\runs\coarse\strategy_cascade-superpoint_aliked-rgb_steps_8_keypoints_2048\0035_ROIs2017_winter_19_p550,False
coarse,36,fall,ROIs1970_fall_143_p1286,E:\Data\fall\s1_143\ROIs1970_fall_s1_143_p1286.png,E:\Data\fall\s2_143\ROIs1970_fall_s2_143_p1286.png,8,2048,superpoint+aliked,cascade,superpoint+aliked,rgb,cascade-superpoint+aliked-rgb,aliked,True,False,30,9,0.3,1.7024,0.273072,60.2736,136.2299,66.5093,poor_spatial_coverage;bad_homography_shape,True,True,False,"[{""extractor"": ""superpoint"", ""elapsed_ms"": 539.7, ""error"": """", ""match_count"": 21, ""inliers"": 8, ""inlier_ratio"": 0.381, ""rmse"": 0.8082, ""registration_reliable"": false, ""reliability_reasons"": [""bad_homography_shape""], ""poor_spatial_coverage"": false, ""bad_homography_shape"": true}, {""extractor"": ""aliked"", ""elapsed_ms"": 502.11, ""error"": """", ""match_count"": 30, ""inliers"": 9, ""inlier_ratio"": 0.3, ""rmse"": 1.7024, ""registration_reliable"": false, ""reliability_reasons"": [""poor_spatial_coverage"", ""bad_homography_shape""], ""poor_spatial_coverage"": true, ""bad_homography_shape"": true}]",2342.4,1189.78,3539.76,,C:\Users\86158\Desktop\codxRoot\workspace\diffusion_lightglue_cascade_study_100\runs\coarse\strategy_cascade-superpoint_aliked-rgb_steps_8_keypoints_2048\0036_ROIs1970_fall_143_p1286,False
coarse,37,spring,ROIs1158_spring_27_p756,E:\Data\spring\s1_27\ROIs1158_spring_s1_27_p756.png,E:\Data\spring\s2_27\ROIs1158_spring_s2_27_p756.png,8,2048,superpoint+aliked,cascade,superpoint+aliked,rgb,cascade-superpoint+aliked-rgb,superpoint,True,True,279,114,0.4086,1.8366,0.330666,81.8032,1.8324,3.2841,,False,False,False,"[{""extractor"": ""superpoint"", ""elapsed_ms"": 539.89, ""error"": """", ""match_count"": 279, ""inliers"": 114, ""inlier_ratio"": 0.4086, ""rmse"": 1.8366, ""registration_reliable"": true, ""reliability_reasons"": [], ""poor_spatial_coverage"": false, ""bad_homography_shape"": false}, {""extractor"": ""aliked"", ""elapsed_ms"": 502.21, ""error"": """", ""match_count"": 172, ""inliers"": 81, ""inlier_ratio"": 0.4709, ""rmse"": 1.7995, ""registration_reliable"": true, ""reliability_reasons"": [], ""poor_spatial_coverage"": false, ""bad_homography_shape"": false}]",2269.39,1198.78,3475.21,,C:\Users\86158\Desktop\codxRoot\workspace\diffusion_lightglue_cascade_study_100\runs\coarse\strategy_cascade-superpoint_aliked-rgb_steps_8_keypoints_2048\0037_ROIs1158_spring_27_p756,False
coarse,38,summer,ROIs1868_summer_20_p1016,E:\Data\summer\s1_20\ROIs1868_summer_s1_20_p1016.png,E:\Data\summer\s2_20\ROIs1868_summer_s2_20_p1016.png,8,2048,superpoint+aliked,cascade,superpoint+aliked,rgb,cascade-superpoint+aliked-rgb,aliked,True,True,54,15,0.2778,1.7268,0.413857,50.6895,16.0217,-78.3505,,False,False,True,"[{""extractor"": ""superpoint"", ""elapsed_ms"": 508.38, ""error"": """", ""match_count"": 40, ""inliers"": 5, ""inlier_ratio"": 0.125, ""rmse"": 0.2046, ""registration_reliable"": false, ""reliability_reasons"": [""inliers < 8"", ""inlier_ratio < 0.25""], ""poor_spatial_coverage"": false, ""bad_homography_shape"": false}, {""extractor"": ""aliked"", ""elapsed_ms"": 506.99, ""error"": """", ""match_count"": 54, ""inliers"": 15, ""inlier_ratio"": 0.2778, ""rmse"": 1.7268, ""registration_reliable"": true, ""reliability_reasons"": [], ""poor_spatial_coverage"": false, ""bad_homography_shape"": false}]",2291.61,1168.43,3467.23,,C:\Users\86158\Desktop\codxRoot\workspace\diffusion_lightglue_cascade_study_100\runs\coarse\strategy_cascade-superpoint_aliked-rgb_steps_8_keypoints_2048\0038_ROIs1868_summer_20_p1016,False
coarse,39,winter,ROIs2017_winter_33_p1737,E:\Data\winter\s1_33\ROIs2017_winter_s1_33_p1737.png,E:\Data\winter\s2_33\ROIs2017_winter_s2_33_p1737.png,8,2048,superpoint+aliked,cascade,superpoint+aliked,rgb,cascade-superpoint+aliked-rgb,superpoint,True,True,133,40,0.3008,1.7576,0.232163,140.2283,-7.1852,-11.1356,,False,False,False,"[{""extractor"": ""superpoint"", ""elapsed_ms"": 530.72, ""error"": """", ""match_count"": 133, ""inliers"": 40, ""inlier_ratio"": 0.3008, ""rmse"": 1.7576, ""registration_reliable"": true, ""reliability_reasons"": [], ""poor_spatial_coverage"": false, ""bad_homography_shape"": false}, {""extractor"": ""aliked"", ""elapsed_ms"": 493.17, ""error"": """", ""match_count"": 27, ""inliers"": 8, ""inlier_ratio"": 0.2963, ""rmse"": 0.9955, ""registration_reliable"": true, ""reliability_reasons"": [], ""poor_spatial_coverage"": false, ""bad_homography_shape"": false}]",2288.05,1161.79,3457.48,,C:\Users\86158\Desktop\codxRoot\workspace\diffusion_lightglue_cascade_study_100\runs\coarse\strategy_cascade-superpoint_aliked-rgb_steps_8_keypoints_2048\0039_ROIs2017_winter_33_p1737,False
coarse,40,fall,ROIs1970_fall_37_p971,E:\Data\fall\s1_37\ROIs1970_fall_s1_37_p971.png,E:\Data\fall\s2_37\ROIs1970_fall_s2_37_p971.png,8,2048,superpoint+aliked,cascade,superpoint+aliked,rgb,cascade-superpoint+aliked-rgb,superpoint,True,True,185,67,0.3622,1.9428,0.250365,92.9777,-5.8516,-5.34,,False,False,False,"[{""extractor"": ""superpoint"", ""elapsed_ms"": 533.21, ""error"": """", ""match_count"": 185, ""inliers"": 67, ""inlier_ratio"": 0.3622, ""rmse"": 1.9428, ""registration_reliable"": true, ""reliability_reasons"": [], ""poor_spatial_coverage"": false, ""bad_homography_shape"": false}, {""extractor"": ""aliked"", ""elapsed_ms"": 478.91, ""error"": """", ""match_count"": 49, ""inliers"": 13, ""inlier_ratio"": 0.2653, ""rmse"": 1.497, ""registration_reliable"": true, ""reliability_reasons"": [], ""poor_spatial_coverage"": false, ""bad_homography_shape"": false}]",2273.46,1163.67,3444.23,,C:\Users\86158\Desktop\codxRoot\workspace\diffusion_lightglue_cascade_study_100\runs\coarse\strategy_cascade-superpoint_aliked-rgb_steps_8_keypoints_2048\0040_ROIs1970_fall_37_p971,False
coarse,41,spring,ROIs1158_spring_78_p520,E:\Data\spring\s1_78\ROIs1158_spring_s1_78_p520.png,E:\Data\spring\s2_78\ROIs1158_spring_s2_78_p520.png,8,2048,superpoint+aliked,cascade,superpoint+aliked,rgb,cascade-superpoint+aliked-rgb,aliked,True,False,33,8,0.2424,1.3947,0.28409,60.567,48.5199,-32.6492,inlier_ratio < 0.25,False,False,False,"[{""extractor"": ""superpoint"", ""elapsed_ms"": 520.26, ""error"": """", ""match_count"": 43, ""inliers"": 7, ""inlier_ratio"": 0.1628, ""rmse"": 0.5349, ""registration_reliable"": false, ""reliability_reasons"": [""inliers < 8"", ""inlier_ratio < 0.25""], ""poor_spatial_coverage"": false, ""bad_homography_shape"": false}, {""extractor"": ""aliked"", ""elapsed_ms"": 491.83, ""error"": """", ""match_count"": 33, ""inliers"": 8, ""inlier_ratio"": 0.2424, ""rmse"": 1.3947, ""registration_reliable"": false, ""reliability_reasons"": [""inlier_ratio < 0.25""], ""poor_spatial_coverage"": false, ""bad_homography_shape"": false}]",2257.67,1165.65,3428.19,,C:\Users\86158\Desktop\codxRoot\workspace\diffusion_lightglue_cascade_study_100\runs\coarse\strategy_cascade-superpoint_aliked-rgb_steps_8_keypoints_2048\0041_ROIs1158_spring_78_p520,False
coarse,42,summer,ROIs1868_summer_136_p1003,E:\Data\summer\s1_136\ROIs1868_summer_s1_136_p1003.png,E:\Data\summer\s2_136\ROIs1868_summer_s2_136_p1003.png,8,2048,superpoint+aliked,cascade,superpoint+aliked,rgb,cascade-superpoint+aliked-rgb,aliked,True,True,58,21,0.3621,1.8068,0.321086,77.7295,17.413,19.6422,,False,False,True,"[{""extractor"": ""superpoint"", ""elapsed_ms"": 521.18, ""error"": """", ""match_count"": 41, ""inliers"": 14, ""inlier_ratio"": 0.3415, ""rmse"": 1.5803, ""registration_reliable"": false, ""reliability_reasons"": [""bad_homography_shape""], ""poor_spatial_coverage"": false, ""bad_homography_shape"": true}, {""extractor"": ""aliked"", ""elapsed_ms"": 480.33, ""error"": """", ""match_count"": 58, ""inliers"": 21, ""inlier_ratio"": 0.3621, ""rmse"": 1.8068, ""registration_reliable"": true, ""reliability_reasons"": [], ""poor_spatial_coverage"": false, ""bad_homography_shape"": false}]",2271.08,1162.3,3440.42,,C:\Users\86158\Desktop\codxRoot\workspace\diffusion_lightglue_cascade_study_100\runs\coarse\strategy_cascade-superpoint_aliked-rgb_steps_8_keypoints_2048\0042_ROIs1868_summer_136_p1003,False
coarse,43,winter,ROIs2017_winter_117_p23,E:\Data\winter\s1_117\ROIs2017_winter_s1_117_p23.png,E:\Data\winter\s2_117\ROIs2017_winter_s2_117_p23.png,8,2048,superpoint+aliked,cascade,superpoint+aliked,rgb,cascade-superpoint+aliked-rgb,superpoint,True,True,501,349,0.6966,1.7783,0.280476,54.3093,0.9912,2.1177,,False,False,False,"[{""extractor"": ""superpoint"", ""elapsed_ms"": 585.54, ""error"": """", ""match_count"": 501, ""inliers"": 349, ""inlier_ratio"": 0.6966, ""rmse"": 1.7783, ""registration_reliable"": true, ""reliability_reasons"": [], ""poor_spatial_coverage"": false, ""bad_homography_shape"": false}, {""extractor"": ""aliked"", ""elapsed_ms"": 500.04, ""error"": """", ""match_count"": 116, ""inliers"": 59, ""inlier_ratio"": 0.5086, ""rmse"": 1.9239, ""registration_reliable"": true, ""reliability_reasons"": [], ""poor_spatial_coverage"": false, ""bad_homography_shape"": false}]",2268.68,1230.73,3506.58,,C:\Users\86158\Desktop\codxRoot\workspace\diffusion_lightglue_cascade_study_100\runs\coarse\strategy_cascade-superpoint_aliked-rgb_steps_8_keypoints_2048\0043_ROIs2017_winter_117_p23,False
coarse,44,fall,ROIs1970_fall_114_p580,E:\Data\fall\s1_114\ROIs1970_fall_s1_114_p580.png,E:\Data\fall\s2_114\ROIs1970_fall_s2_114_p580.png,8,2048,superpoint+aliked,cascade,superpoint+aliked,rgb,cascade-superpoint+aliked-rgb,superpoint,True,True,360,227,0.6306,1.8621,0.232548,49.0449,-1.1784,-1.6167,,False,False,False,"[{""extractor"": ""superpoint"", ""elapsed_ms"": 554.01, ""error"": """", ""match_count"": 360, ""inliers"": 227, ""inlier_ratio"": 0.6306, ""rmse"": 1.8621, ""registration_reliable"": true, ""reliability_reasons"": [], ""poor_spatial_coverage"": false, ""bad_homography_shape"": false}, {""extractor"": ""aliked"", ""elapsed_ms"": 515.6, ""error"": """", ""match_count"": 126, ""inliers"": 60, ""inlier_ratio"": 0.4762, ""rmse"": 1.7473, ""registration_reliable"": true, ""reliability_reasons"": [], ""poor_spatial_coverage"": false, ""bad_homography_shape"": false}]",2286.56,1224.86,3518.34,,C:\Users\86158\Desktop\codxRoot\workspace\diffusion_lightglue_cascade_study_100\runs\coarse\strategy_cascade-superpoint_aliked-rgb_steps_8_keypoints_2048\0044_ROIs1970_fall_114_p580,False
coarse,45,spring,ROIs1158_spring_115_p718,E:\Data\spring\s1_115\ROIs1158_spring_s1_115_p718.png,E:\Data\spring\s2_115\ROIs1158_spring_s2_115_p718.png,8,2048,superpoint+aliked,cascade,superpoint+aliked,rgb,cascade-superpoint+aliked-rgb,aliked,True,True,304,124,0.4079,2.0338,0.274136,58.1116,0.8814,1.1953,,False,False,True,"[{""extractor"": ""superpoint"", ""elapsed_ms"": 501.24, ""error"": """", ""match_count"": 183, ""inliers"": 18, ""inlier_ratio"": 0.0984, ""rmse"": 1.6912, ""registration_reliable"": false, ""reliability_reasons"": [""inlier_ratio < 0.25""], ""poor_spatial_coverage"": false, ""bad_homography_shape"": false}, {""extractor"": ""aliked"", ""elapsed_ms"": 501.8, ""error"": """", ""match_count"": 304, ""inliers"": 124, ""inlier_ratio"": 0.4079, ""rmse"": 2.0338, ""registration_reliable"": true, ""reliability_reasons"": [], ""poor_spatial_coverage"": false, ""bad_homography_shape"": false}]",2259.42,1159.62,3425.99,,C:\Users\86158\Desktop\codxRoot\workspace\diffusion_lightglue_cascade_study_100\runs\coarse\strategy_cascade-superpoint_aliked-rgb_steps_8_keypoints_2048\0045_ROIs1158_spring_115_p718,False
coarse,46,summer,ROIs1868_summer_142_p561,E:\Data\summer\s1_142\ROIs1868_summer_s1_142_p561.png,E:\Data\summer\s2_142\ROIs1868_summer_s2_142_p561.png,8,2048,superpoint+aliked,cascade,superpoint+aliked,rgb,cascade-superpoint+aliked-rgb,superpoint,True,True,329,205,0.6231,1.7869,0.359537,62.8671,0.9702,-0.3098,,False,False,False,"[{""extractor"": ""superpoint"", ""elapsed_ms"": 543.51, ""error"": """", ""match_count"": 329, ""inliers"": 205, ""inlier_ratio"": 0.6231, ""rmse"": 1.7869, ""registration_reliable"": true, ""reliability_reasons"": [], ""poor_spatial_coverage"": false, ""bad_homography_shape"": false}, {""extractor"": ""aliked"", ""elapsed_ms"": 493.54, ""error"": """", ""match_count"": 107, ""inliers"": 66, ""inlier_ratio"": 0.6168, ""rmse"": 1.7236, ""registration_reliable"": true, ""reliability_reasons"": [], ""poor_spatial_coverage"": false, ""bad_homography_shape"": false}]",2268.15,1175.92,3451.07,,C:\Users\86158\Desktop\codxRoot\workspace\diffusion_lightglue_cascade_study_100\runs\coarse\strategy_cascade-superpoint_aliked-rgb_steps_8_keypoints_2048\0046_ROIs1868_summer_142_p561,False
coarse,47,winter,ROIs2017_winter_107_p328,E:\Data\winter\s1_107\ROIs2017_winter_s1_107_p328.png,E:\Data\winter\s2_107\ROIs2017_winter_s2_107_p328.png,8,2048,superpoint+aliked,cascade,superpoint+aliked,rgb,cascade-superpoint+aliked-rgb,superpoint,True,True,203,77,0.3793,1.9328,0.320104,92.7667,-0.5099,-1.2476,,False,False,False,"[{""extractor"": ""superpoint"", ""elapsed_ms"": 533.57, ""error"": """", ""match_count"": 203, ""inliers"": 77, ""inlier_ratio"": 0.3793, ""rmse"": 1.9328, ""registration_reliable"": true, ""reliability_reasons"": [], ""poor_spatial_coverage"": false, ""bad_homography_shape"": false}, {""extractor"": ""aliked"", ""elapsed_ms"": 470.97, ""error"": """", ""match_count"": 80, ""inliers"": 9, ""inlier_ratio"": 0.1125, ""rmse"": 1.1793, ""registration_reliable"": false, ""reliability_reasons"": [""inlier_ratio < 0.25""], ""poor_spatial_coverage"": false, ""bad_homography_shape"": false}]",2253.73,1166.49,3427.06,,C:\Users\86158\Desktop\codxRoot\workspace\diffusion_lightglue_cascade_study_100\runs\coarse\strategy_cascade-superpoint_aliked-rgb_steps_8_keypoints_2048\0047_ROIs2017_winter_107_p328,False
coarse,48,fall,ROIs1970_fall_38_p321,E:\Data\fall\s1_38\ROIs1970_fall_s1_38_p321.png,E:\Data\fall\s2_38\ROIs1970_fall_s2_38_p321.png,8,2048,superpoint+aliked,cascade,superpoint+aliked,rgb,cascade-superpoint+aliked-rgb,superpoint,True,True,165,80,0.4848,1.8127,0.309264,133.3076,0.5859,1.0808,,False,False,False,"[{""extractor"": ""superpoint"", ""elapsed_ms"": 547.27, ""error"": """", ""match_count"": 165, ""inliers"": 80, ""inlier_ratio"": 0.4848, ""rmse"": 1.8127, ""registration_reliable"": true, ""reliability_reasons"": [], ""poor_spatial_coverage"": false, ""bad_homography_shape"": false}, {""extractor"": ""aliked"", ""elapsed_ms"": 490.75, ""error"": """", ""match_count"": 27, ""inliers"": 10, ""inlier_ratio"": 0.3704, ""rmse"": 1.3625, ""registration_reliable"": false, ""reliability_reasons"": [""bad_homography_shape""], ""poor_spatial_coverage"": false, ""bad_homography_shape"": true}]",2277.52,1161.81,3447.08,,C:\Users\86158\Desktop\codxRoot\workspace\diffusion_lightglue_cascade_study_100\runs\coarse\strategy_cascade-superpoint_aliked-rgb_steps_8_keypoints_2048\0048_ROIs1970_fall_38_p321,False
coarse,49,spring,ROIs1158_spring_111_p210,E:\Data\spring\s1_111\ROIs1158_spring_s1_111_p210.png,E:\Data\spring\s2_111\ROIs1158_spring_s2_111_p210.png,8,2048,superpoint+aliked,cascade,superpoint+aliked,rgb,cascade-superpoint+aliked-rgb,superpoint,True,True,97,25,0.2577,1.8779,0.259589,59.0706,-2.218,-17.2928,,False,False,False,"[{""extractor"": ""superpoint"", ""elapsed_ms"": 521.71, ""error"": """", ""match_count"": 97, ""inliers"": 25, ""inlier_ratio"": 0.2577, ""rmse"": 1.8779, ""registration_reliable"": true, ""reliability_reasons"": [], ""poor_spatial_coverage"": false, ""bad_homography_shape"": false}, {""extractor"": ""aliked"", ""elapsed_ms"": 477.19, ""error"": """", ""match_count"": 94, ""inliers"": 12, ""inlier_ratio"": 0.1277, ""rmse"": 1.4289, ""registration_reliable"": false, ""reliability_reasons"": [""inlier_ratio < 0.25""], ""poor_spatial_coverage"": false, ""bad_homography_shape"": false}]",2259.09,1152.69,3418.77,,C:\Users\86158\Desktop\codxRoot\workspace\diffusion_lightglue_cascade_study_100\runs\coarse\strategy_cascade-superpoint_aliked-rgb_steps_8_keypoints_2048\0049_ROIs1158_spring_111_p210,False
coarse,50,summer,ROIs1868_summer_49_p21,E:\Data\summer\s1_49\ROIs1868_summer_s1_49_p21.png,E:\Data\summer\s2_49\ROIs1868_summer_s2_49_p21.png,8,2048,superpoint+aliked,cascade,superpoint+aliked,rgb,cascade-superpoint+aliked-rgb,aliked,True,False,63,15,0.2381,1.6934,0.270871,46.7928,-40.9582,111.6998,inlier_ratio < 0.25,False,False,False,"[{""extractor"": ""superpoint"", ""elapsed_ms"": 537.83, ""error"": """", ""match_count"": 21, ""inliers"": 8, ""inlier_ratio"": 0.381, ""rmse"": 0.9325, ""registration_reliable"": false, ""reliability_reasons"": [""poor_spatial_coverage""], ""poor_spatial_coverage"": true, ""bad_homography_shape"": false}, {""extractor"": ""aliked"", ""elapsed_ms"": 505.05, ""error"": """", ""match_count"": 63, ""inliers"": 15, ""inlier_ratio"": 0.2381, ""rmse"": 1.6934, ""registration_reliable"": false, ""reliability_reasons"": [""inlier_ratio < 0.25""], ""poor_spatial_coverage"": false, ""bad_homography_shape"": false}]",2274.77,1210.39,3493.94,,C:\Users\86158\Desktop\codxRoot\workspace\diffusion_lightglue_cascade_study_100\runs\coarse\strategy_cascade-superpoint_aliked-rgb_steps_8_keypoints_2048\0050_ROIs1868_summer_49_p21,False
coarse,51,winter,ROIs2017_winter_36_p235,E:\Data\winter\s1_36\ROIs2017_winter_s1_36_p235.png,E:\Data\winter\s2_36\ROIs2017_winter_s2_36_p235.png,8,2048,superpoint+aliked,cascade,superpoint+aliked,rgb,cascade-superpoint+aliked-rgb,superpoint,True,False,11,10,0.9091,1.3895,0.235023,73.8505,97.3053,133.666,bad_homography_shape,False,True,False,"[{""extractor"": ""superpoint"", ""elapsed_ms"": 526.14, ""error"": """", ""match_count"": 11, ""inliers"": 10, ""inlier_ratio"": 0.9091, ""rmse"": 1.3895, ""registration_reliable"": false, ""reliability_reasons"": [""bad_homography_shape""], ""poor_spatial_coverage"": false, ""bad_homography_shape"": true}, {""extractor"": ""aliked"", ""elapsed_ms"": 508.89, ""error"": """", ""match_count"": 26, ""inliers"": 6, ""inlier_ratio"": 0.2308, ""rmse"": 1.2751, ""registration_reliable"": false, ""reliability_reasons"": [""inliers < 8"", ""inlier_ratio < 0.25"", ""bad_homography_shape""], ""poor_spatial_coverage"": false, ""bad_homography_shape"": true}]",2304.37,1183.8,3495.96,,C:\Users\86158\Desktop\codxRoot\workspace\diffusion_lightglue_cascade_study_100\runs\coarse\strategy_cascade-superpoint_aliked-rgb_steps_8_keypoints_2048\0051_ROIs2017_winter_36_p235,False
coarse,52,fall,ROIs1970_fall_35_p888,E:\Data\fall\s1_35\ROIs1970_fall_s1_35_p888.png,E:\Data\fall\s2_35\ROIs1970_fall_s2_35_p888.png,8,2048,superpoint+aliked,cascade,superpoint+aliked,rgb,cascade-superpoint+aliked-rgb,aliked,True,True,28,12,0.4286,1.11,0.224289,85.9512,-31.3285,-29.0529,,False,False,True,"[{""extractor"": ""superpoint"", ""elapsed_ms"": 556.53, ""error"": """", ""match_count"": 7, ""inliers"": 6, ""inlier_ratio"": 0.8571, ""rmse"": 0.1525, ""registration_reliable"": false, ""reliability_reasons"": [""inliers < 8""], ""poor_spatial_coverage"": false, ""bad_homography_shape"": false}, {""extractor"": ""aliked"", ""elapsed_ms"": 478.64, ""error"": """", ""match_count"": 28, ""inliers"": 12, ""inlier_ratio"": 0.4286, ""rmse"": 1.11, ""registration_reliable"": true, ""reliability_reasons"": [], ""poor_spatial_coverage"": false, ""bad_homography_shape"": false}]",2248.49,1153.1,3408.38,,C:\Users\86158\Desktop\codxRoot\workspace\diffusion_lightglue_cascade_study_100\runs\coarse\strategy_cascade-superpoint_aliked-rgb_steps_8_keypoints_2048\0052_ROIs1970_fall_35_p888,False
coarse,53,spring,ROIs1158_spring_42_p829,E:\Data\spring\s1_42\ROIs1158_spring_s1_42_p829.png,E:\Data\spring\s2_42\ROIs1158_spring_s2_42_p829.png,8,2048,superpoint+aliked,cascade,superpoint+aliked,rgb,cascade-superpoint+aliked-rgb,aliked,True,True,39,10,0.2564,1.5132,0.3944,37.8733,-76.3242,103.3793,,False,False,True,"[{""extractor"": ""superpoint"", ""elapsed_ms"": 502.44, ""error"": """", ""match_count"": 43, ""inliers"": 5, ""inlier_ratio"": 0.1163, ""rmse"": 0.2361, ""registration_reliable"": false, ""reliability_reasons"": [""inliers < 8"", ""inlier_ratio < 0.25"", ""bad_homography_shape""], ""poor_spatial_coverage"": false, ""bad_homography_shape"": true}, {""extractor"": ""aliked"", ""elapsed_ms"": 491.72, ""error"": """", ""match_count"": 39, ""inliers"": 10, ""inlier_ratio"": 0.2564, ""rmse"": 1.5132, ""registration_reliable"": true, ""reliability_reasons"": [], ""poor_spatial_coverage"": false, ""bad_homography_shape"": false}]",2266.56,1164.28,3438.24,,C:\Users\86158\Desktop\codxRoot\workspace\diffusion_lightglue_cascade_study_100\runs\coarse\strategy_cascade-superpoint_aliked-rgb_steps_8_keypoints_2048\0053_ROIs1158_spring_42_p829,False
coarse,54,summer,ROIs1868_summer_4_p420,E:\Data\summer\s1_4\ROIs1868_summer_s1_4_p420.png,E:\Data\summer\s2_4\ROIs1868_summer_s2_4_p420.png,8,2048,superpoint+aliked,cascade,superpoint+aliked,rgb,cascade-superpoint+aliked-rgb,aliked,True,True,91,25,0.2747,1.7593,0.28964,90.3642,2.932,-7.7715,,False,False,True,"[{""extractor"": ""superpoint"", ""elapsed_ms"": 512.11, ""error"": """", ""match_count"": 86, ""inliers"": 8, ""inlier_ratio"": 0.093, ""rmse"": 1.4541, ""registration_reliable"": false, ""reliability_reasons"": [""inlier_ratio < 0.25"", ""bad_homography_shape""], ""poor_spatial_coverage"": false, ""bad_homography_shape"": true}, {""extractor"": ""aliked"", ""elapsed_ms"": 489.02, ""error"": """", ""match_count"": 91, ""inliers"": 25, ""inlier_ratio"": 0.2747, ""rmse"": 1.7593, ""registration_reliable"": true, ""reliability_reasons"": [], ""poor_spatial_coverage"": false, ""bad_homography_shape"": false}]",2279.41,1156.73,3442.83,,C:\Users\86158\Desktop\codxRoot\workspace\diffusion_lightglue_cascade_study_100\runs\coarse\strategy_cascade-superpoint_aliked-rgb_steps_8_keypoints_2048\0054_ROIs1868_summer_4_p420,False
coarse,55,winter,ROIs2017_winter_56_p451,E:\Data\winter\s1_56\ROIs2017_winter_s1_56_p451.png,E:\Data\winter\s2_56\ROIs2017_winter_s2_56_p451.png,8,2048,superpoint+aliked,cascade,superpoint+aliked,rgb,cascade-superpoint+aliked-rgb,superpoint,True,False,21,7,0.3333,0.6635,0.185669,91.9895,96.9822,22.7447,inliers < 8,False,False,False,"[{""extractor"": ""superpoint"", ""elapsed_ms"": 516.49, ""error"": """", ""match_count"": 21, ""inliers"": 7, ""inlier_ratio"": 0.3333, ""rmse"": 0.6635, ""registration_reliable"": false, ""reliability_reasons"": [""inliers < 8""], ""poor_spatial_coverage"": false, ""bad_homography_shape"": false}, {""extractor"": ""aliked"", ""elapsed_ms"": 482.83, ""error"": """", ""match_count"": 22, ""inliers"": 6, ""inlier_ratio"": 0.2727, ""rmse"": 0.9978, ""registration_reliable"": false, ""reliability_reasons"": [""inliers < 8"", ""bad_homography_shape""], ""poor_spatial_coverage"": false, ""bad_homography_shape"": true}]",2311.26,1150.99,3471.02,,C:\Users\86158\Desktop\codxRoot\workspace\diffusion_lightglue_cascade_study_100\runs\coarse\strategy_cascade-superpoint_aliked-rgb_steps_8_keypoints_2048\0055_ROIs2017_winter_56_p451,False
coarse,56,fall,ROIs1970_fall_2_p627,E:\Data\fall\s1_2\ROIs1970_fall_s1_2_p627.png,E:\Data\fall\s2_2\ROIs1970_fall_s2_2_p627.png,8,2048,superpoint+aliked,cascade,superpoint+aliked,rgb,cascade-superpoint+aliked-rgb,superpoint,True,False,75,8,0.1067,1.393,0.231421,89.9836,55.5564,21.4614,inlier_ratio < 0.25;bad_homography_shape,False,True,False,"[{""extractor"": ""superpoint"", ""elapsed_ms"": 500.12, ""error"": """", ""match_count"": 75, ""inliers"": 8, ""inlier_ratio"": 0.1067, ""rmse"": 1.393, ""registration_reliable"": false, ""reliability_reasons"": [""inlier_ratio < 0.25"", ""bad_homography_shape""], ""poor_spatial_coverage"": false, ""bad_homography_shape"": true}, {""extractor"": ""aliked"", ""elapsed_ms"": 487.85, ""error"": """", ""match_count"": 41, ""inliers"": 7, ""inlier_ratio"": 0.1707, ""rmse"": 0.6945, ""registration_reliable"": false, ""reliability_reasons"": [""inliers < 8"", ""inlier_ratio < 0.25"", ""bad_homography_shape""], ""poor_spatial_coverage"": false, ""bad_homography_shape"": true}]",2285.85,1149.69,3443.16,,C:\Users\86158\Desktop\codxRoot\workspace\diffusion_lightglue_cascade_study_100\runs\coarse\strategy_cascade-superpoint_aliked-rgb_steps_8_keypoints_2048\0056_ROIs1970_fall_2_p627,False
coarse,57,spring,ROIs1158_spring_70_p579,E:\Data\spring\s1_70\ROIs1158_spring_s1_70_p579.png,E:\Data\spring\s2_70\ROIs1158_spring_s2_70_p579.png,8,2048,superpoint+aliked,cascade,superpoint+aliked,rgb,cascade-superpoint+aliked-rgb,superpoint,True,False,20,5,0.25,0.2509,0.157362,112.6525,81.8584,76.6784,inliers < 8;bad_homography_shape,False,True,False,"[{""extractor"": ""superpoint"", ""elapsed_ms"": 508.95, ""error"": """", ""match_count"": 20, ""inliers"": 5, ""inlier_ratio"": 0.25, ""rmse"": 0.2509, ""registration_reliable"": false, ""reliability_reasons"": [""inliers < 8"", ""bad_homography_shape""], ""poor_spatial_coverage"": false, ""bad_homography_shape"": true}, {""extractor"": ""aliked"", ""elapsed_ms"": 494.49, ""error"": """", ""match_count"": 4, ""inliers"": 4, ""inlier_ratio"": 1.0, ""rmse"": 0.0, ""registration_reliable"": false, ""reliability_reasons"": [""inliers < 8"", ""bad_homography_shape""], ""poor_spatial_coverage"": false, ""bad_homography_shape"": true}]",2280.21,1167.73,3455.53,,C:\Users\86158\Desktop\codxRoot\workspace\diffusion_lightglue_cascade_study_100\runs\coarse\strategy_cascade-superpoint_aliked-rgb_steps_8_keypoints_2048\0057_ROIs1158_spring_70_p579,False
coarse,58,summer,ROIs1868_summer_38_p1011,E:\Data\summer\s1_38\ROIs1868_summer_s1_38_p1011.png,E:\Data\summer\s2_38\ROIs1868_summer_s2_38_p1011.png,8,2048,superpoint+aliked,cascade,superpoint+aliked,rgb,cascade-superpoint+aliked-rgb,superpoint,True,True,171,64,0.3743,1.8889,0.232104,105.62,2.1723,4.8582,,False,False,False,"[{""extractor"": ""superpoint"", ""elapsed_ms"": 544.05, ""error"": """", ""match_count"": 171, ""inliers"": 64, ""inlier_ratio"": 0.3743, ""rmse"": 1.8889, ""registration_reliable"": true, ""reliability_reasons"": [], ""poor_spatial_coverage"": false, ""bad_homography_shape"": false}, {""extractor"": ""aliked"", ""elapsed_ms"": 487.71, ""error"": """", ""match_count"": 18, ""inliers"": 6, ""inlier_ratio"": 0.3333, ""rmse"": 1.4021, ""registration_reliable"": false, ""reliability_reasons"": [""inliers < 8"", ""bad_homography_shape""], ""poor_spatial_coverage"": false, ""bad_homography_shape"": true}]",2257.5,1187.5,3452.09,,C:\Users\86158\Desktop\codxRoot\workspace\diffusion_lightglue_cascade_study_100\runs\coarse\strategy_cascade-superpoint_aliked-rgb_steps_8_keypoints_2048\0058_ROIs1868_summer_38_p1011,False
coarse,59,winter,winter_img_temperate_p4662,E:\Data\winter\s1_170\winter_img_temperate_p4662.png,E:\Data\winter\s2_170\winter_img_temperate_p4662.png,8,2048,superpoint+aliked,cascade,superpoint+aliked,rgb,cascade-superpoint+aliked-rgb,superpoint,True,False,2,0,0.0,,0.313671,90.1718,,,inliers < 8;inlier_ratio < 0.25;rmse unavailable;poor_spatial_coverage;bad_homography_shape,True,True,False,"[{""extractor"": ""superpoint"", ""elapsed_ms"": 496.0, ""error"": """", ""match_count"": 2, ""inliers"": 0, ""inlier_ratio"": 0.0, ""rmse"": null, ""registration_reliable"": false, ""reliability_reasons"": [""inliers < 8"", ""inlier_ratio < 0.25"", ""rmse unavailable"", ""poor_spatial_coverage"", ""bad_homography_shape""], ""poor_spatial_coverage"": true, ""bad_homography_shape"": true}, {""extractor"": ""aliked"", ""elapsed_ms"": 484.26, ""error"": """", ""match_count"": 0, ""inliers"": 0, ""inlier_ratio"": 0.0, ""rmse"": null, ""registration_reliable"": false, ""reliability_reasons"": [""inliers < 8"", ""inlier_ratio < 0.25"", ""rmse unavailable"", ""poor_spatial_coverage"", ""bad_homography_shape""], ""poor_spatial_coverage"": true, ""bad_homography_shape"": true}]",2264.86,1137.66,3410.82,,C:\Users\86158\Desktop\codxRoot\workspace\diffusion_lightglue_cascade_study_100\runs\coarse\strategy_cascade-superpoint_aliked-rgb_steps_8_keypoints_2048\0059_winter_img_temperate_p4662,False
coarse,60,fall,ROIs1970_fall_16_p295,E:\Data\fall\s1_16\ROIs1970_fall_s1_16_p295.png,E:\Data\fall\s2_16\ROIs1970_fall_s2_16_p295.png,8,2048,superpoint+aliked,cascade,superpoint+aliked,rgb,cascade-superpoint+aliked-rgb,aliked,True,True,69,18,0.2609,1.8068,0.246601,86.6418,35.5266,17.1602,,False,False,True,"[{""extractor"": ""superpoint"", ""elapsed_ms"": 539.16, ""error"": """", ""match_count"": 60, ""inliers"": 15, ""inlier_ratio"": 0.25, ""rmse"": 1.7692, ""registration_reliable"": true, ""reliability_reasons"": [], ""poor_spatial_coverage"": false, ""bad_homography_shape"": false}, {""extractor"": ""aliked"", ""elapsed_ms"": 503.0, ""error"": """", ""match_count"": 69, ""inliers"": 18, ""inlier_ratio"": 0.2609, ""rmse"": 1.8068, ""registration_reliable"": true, ""reliability_reasons"": [], ""poor_spatial_coverage"": false, ""bad_homography_shape"": false}]",2287.27,1184.43,3478.49,,C:\Users\86158\Desktop\codxRoot\workspace\diffusion_lightglue_cascade_study_100\runs\coarse\strategy_cascade-superpoint_aliked-rgb_steps_8_keypoints_2048\0060_ROIs1970_fall_16_p295,False
coarse,61,spring,ROIs1158_spring_47_p434,E:\Data\spring\s1_47\ROIs1158_spring_s1_47_p434.png,E:\Data\spring\s2_47\ROIs1158_spring_s2_47_p434.png,8,2048,superpoint+aliked,cascade,superpoint+aliked,rgb,cascade-superpoint+aliked-rgb,superpoint,True,True,165,64,0.3879,1.8038,0.306573,55.3581,26.7507,30.5496,,False,False,False,"[{""extractor"": ""superpoint"", ""elapsed_ms"": 532.83, ""error"": """", ""match_count"": 165, ""inliers"": 64, ""inlier_ratio"": 0.3879, ""rmse"": 1.8038, ""registration_reliable"": true, ""reliability_reasons"": [], ""poor_spatial_coverage"": false, ""bad_homography_shape"": false}, {""extractor"": ""aliked"", ""elapsed_ms"": 504.99, ""error"": """", ""match_count"": 110, ""inliers"": 63, ""inlier_ratio"": 0.5727, ""rmse"": 1.6664, ""registration_reliable"": true, ""reliability_reasons"": [], ""poor_spatial_coverage"": false, ""bad_homography_shape"": false}]",2272.36,1153.44,3433.81,,C:\Users\86158\Desktop\codxRoot\workspace\diffusion_lightglue_cascade_study_100\runs\coarse\strategy_cascade-superpoint_aliked-rgb_steps_8_keypoints_2048\0061_ROIs1158_spring_47_p434,False
coarse,62,summer,ROIs1868_summer_134_p911,E:\Data\summer\s1_134\ROIs1868_summer_s1_134_p911.png,E:\Data\summer\s2_134\ROIs1868_summer_s2_134_p911.png,8,2048,superpoint+aliked,cascade,superpoint+aliked,rgb,cascade-superpoint+aliked-rgb,superpoint,True,True,50,14,0.28,1.553,0.236558,42.0919,16.1788,9.2843,,False,False,False,"[{""extractor"": ""superpoint"", ""elapsed_ms"": 504.21, ""error"": """", ""match_count"": 50, ""inliers"": 14, ""inlier_ratio"": 0.28, ""rmse"": 1.553, ""registration_reliable"": true, ""reliability_reasons"": [], ""poor_spatial_coverage"": false, ""bad_homography_shape"": false}, {""extractor"": ""aliked"", ""elapsed_ms"": 481.48, ""error"": """", ""match_count"": 21, ""inliers"": 5, ""inlier_ratio"": 0.2381, ""rmse"": 0.3525, ""registration_reliable"": false, ""reliability_reasons"": [""inliers < 8"", ""inlier_ratio < 0.25"", ""bad_homography_shape""], ""poor_spatial_coverage"": false, ""bad_homography_shape"": true}]",2276.21,1137.61,3421.13,,C:\Users\86158\Desktop\codxRoot\workspace\diffusion_lightglue_cascade_study_100\runs\coarse\strategy_cascade-superpoint_aliked-rgb_steps_8_keypoints_2048\0062_ROIs1868_summer_134_p911,False
coarse,63,winter,winter_img_temperate_p1394,E:\Data\winter\s1_171\winter_img_temperate_p1394.png,E:\Data\winter\s2_171\winter_img_temperate_p1394.png,8,2048,superpoint+aliked,cascade,superpoint+aliked,rgb,cascade-superpoint+aliked-rgb,superpoint,True,False,1,0,0.0,,0.223746,202.2999,,,inliers < 8;inlier_ratio < 0.25;rmse unavailable;poor_spatial_coverage;bad_homography_shape,True,True,False,"[{""extractor"": ""superpoint"", ""elapsed_ms"": 477.59, ""error"": """", ""match_count"": 1, ""inliers"": 0, ""inlier_ratio"": 0.0, ""rmse"": null, ""registration_reliable"": false, ""reliability_reasons"": [""inliers < 8"", ""inlier_ratio < 0.25"", ""rmse unavailable"", ""poor_spatial_coverage"", ""bad_homography_shape""], ""poor_spatial_coverage"": true, ""bad_homography_shape"": true}, {""extractor"": ""aliked"", ""elapsed_ms"": 482.65, ""error"": """", ""match_count"": 0, ""inliers"": 0, ""inlier_ratio"": 0.0, ""rmse"": null, ""registration_reliable"": false, ""reliability_reasons"": [""inliers < 8"", ""inlier_ratio < 0.25"", ""rmse unavailable"", ""poor_spatial_coverage"", ""bad_homography_shape""], ""poor_spatial_coverage"": true, ""bad_homography_shape"": true}]",2264.43,1087.0,3358.76,,C:\Users\86158\Desktop\codxRoot\workspace\diffusion_lightglue_cascade_study_100\runs\coarse\strategy_cascade-superpoint_aliked-rgb_steps_8_keypoints_2048\0063_winter_img_temperate_p1394,False
coarse,64,fall,ROIs1970_fall_124_p517,E:\Data\fall\s1_124\ROIs1970_fall_s1_124_p517.png,E:\Data\fall\s2_124\ROIs1970_fall_s2_124_p517.png,8,2048,superpoint+aliked,cascade,superpoint+aliked,rgb,cascade-superpoint+aliked-rgb,aliked,True,False,27,6,0.2222,1.0028,0.321841,45.0331,27.6838,-8.02,inliers < 8;inlier_ratio < 0.25;bad_homography_shape,False,True,False,"[{""extractor"": ""superpoint"", ""elapsed_ms"": 508.33, ""error"": """", ""match_count"": 48, ""inliers"": 6, ""inlier_ratio"": 0.125, ""rmse"": 0.9596, ""registration_reliable"": false, ""reliability_reasons"": [""inliers < 8"", ""inlier_ratio < 0.25"", ""bad_homography_shape""], ""poor_spatial_coverage"": false, ""bad_homography_shape"": true}, {""extractor"": ""aliked"", ""elapsed_ms"": 483.59, ""error"": """", ""match_count"": 27, ""inliers"": 6, ""inlier_ratio"": 0.2222, ""rmse"": 1.0028, ""registration_reliable"": false, ""reliability_reasons"": [""inliers < 8"", ""inlier_ratio < 0.25"", ""bad_homography_shape""], ""poor_spatial_coverage"": false, ""bad_homography_shape"": true}]",2296.95,1153.34,3457.43,,C:\Users\86158\Desktop\codxRoot\workspace\diffusion_lightglue_cascade_study_100\runs\coarse\strategy_cascade-superpoint_aliked-rgb_steps_8_keypoints_2048\0064_ROIs1970_fall_124_p517,False
coarse,65,spring,ROIs1158_spring_63_p826,E:\Data\spring\s1_63\ROIs1158_spring_s1_63_p826.png,E:\Data\spring\s2_63\ROIs1158_spring_s2_63_p826.png,8,2048,superpoint+aliked,cascade,superpoint+aliked,rgb,cascade-superpoint+aliked-rgb,superpoint,True,True,464,254,0.5474,1.9136,0.344818,112.6055,-0.4255,1.7162,,False,False,False,"[{""extractor"": ""superpoint"", ""elapsed_ms"": 546.88, ""error"": """", ""match_count"": 464, ""inliers"": 254, ""inlier_ratio"": 0.5474, ""rmse"": 1.9136, ""registration_reliable"": true, ""reliability_reasons"": [], ""poor_spatial_coverage"": false, ""bad_homography_shape"": false}, {""extractor"": ""aliked"", ""elapsed_ms"": 497.23, ""error"": """", ""match_count"": 195, ""inliers"": 43, ""inlier_ratio"": 0.2205, ""rmse"": 2.0196, ""registration_reliable"": false, ""reliability_reasons"": [""inlier_ratio < 0.25""], ""poor_spatial_coverage"": false, ""bad_homography_shape"": false}]",2288.36,1181.56,3477.99,,C:\Users\86158\Desktop\codxRoot\workspace\diffusion_lightglue_cascade_study_100\runs\coarse\strategy_cascade-superpoint_aliked-rgb_steps_8_keypoints_2048\0065_ROIs1158_spring_63_p826,False
coarse,66,summer,ROIs1868_summer_88_p558,E:\Data\summer\s1_88\ROIs1868_summer_s1_88_p558.png,E:\Data\summer\s2_88\ROIs1868_summer_s2_88_p558.png,8,2048,superpoint+aliked,cascade,superpoint+aliked,rgb,cascade-superpoint+aliked-rgb,superpoint,True,False,27,6,0.2222,0.9227,0.209037,101.887,-230.7573,4.6452,inliers < 8;inlier_ratio < 0.25;bad_homography_shape,False,True,False,"[{""extractor"": ""superpoint"", ""elapsed_ms"": 508.62, ""error"": """", ""match_count"": 27, ""inliers"": 6, ""inlier_ratio"": 0.2222, ""rmse"": 0.9227, ""registration_reliable"": false, ""reliability_reasons"": [""inliers < 8"", ""inlier_ratio < 0.25"", ""bad_homography_shape""], ""poor_spatial_coverage"": false, ""bad_homography_shape"": true}, {""extractor"": ""aliked"", ""elapsed_ms"": 508.55, ""error"": """", ""match_count"": 16, ""inliers"": 5, ""inlier_ratio"": 0.3125, ""rmse"": 0.6457, ""registration_reliable"": false, ""reliability_reasons"": [""inliers < 8"", ""bad_homography_shape""], ""poor_spatial_coverage"": false, ""bad_homography_shape"": true}]",2276.14,1189.6,3472.41,,C:\Users\86158\Desktop\codxRoot\workspace\diffusion_lightglue_cascade_study_100\runs\coarse\strategy_cascade-superpoint_aliked-rgb_steps_8_keypoints_2048\0066_ROIs1868_summer_88_p558,False
coarse,67,winter,ROIs2017_winter_85_p162,E:\Data\winter\s1_85\ROIs2017_winter_s1_85_p162.png,E:\Data\winter\s2_85\ROIs2017_winter_s2_85_p162.png,8,2048,superpoint+aliked,cascade,superpoint+aliked,rgb,cascade-superpoint+aliked-rgb,superpoint,True,False,35,7,0.2,0.9098,0.210962,128.408,-116.7085,44.9723,inliers < 8;inlier_ratio < 0.25,False,False,False,"[{""extractor"": ""superpoint"", ""elapsed_ms"": 509.37, ""error"": """", ""match_count"": 35, ""inliers"": 7, ""inlier_ratio"": 0.2, ""rmse"": 0.9098, ""registration_reliable"": false, ""reliability_reasons"": [""inliers < 8"", ""inlier_ratio < 0.25""], ""poor_spatial_coverage"": false, ""bad_homography_shape"": false}, {""extractor"": ""aliked"", ""elapsed_ms"": 498.91, ""error"": """", ""match_count"": 22, ""inliers"": 5, ""inlier_ratio"": 0.2273, ""rmse"": 0.2015, ""registration_reliable"": false, ""reliability_reasons"": [""inliers < 8"", ""inlier_ratio < 0.25"", ""bad_homography_shape""], ""poor_spatial_coverage"": false, ""bad_homography_shape"": true}]",2280.15,1169.32,3456.78,,C:\Users\86158\Desktop\codxRoot\workspace\diffusion_lightglue_cascade_study_100\runs\coarse\strategy_cascade-superpoint_aliked-rgb_steps_8_keypoints_2048\0067_ROIs2017_winter_85_p162,False
coarse,68,fall,ROIs1970_fall_2_p858,E:\Data\fall\s1_2\ROIs1970_fall_s1_2_p858.png,E:\Data\fall\s2_2\ROIs1970_fall_s2_2_p858.png,8,2048,superpoint+aliked,cascade,superpoint+aliked,rgb,cascade-superpoint+aliked-rgb,aliked,True,False,60,9,0.15,1.0813,0.237035,104.5995,75.4285,20.4386,inlier_ratio < 0.25;bad_homography_shape,False,True,False,"[{""extractor"": ""superpoint"", ""elapsed_ms"": 518.3, ""error"": """", ""match_count"": 18, ""inliers"": 7, ""inlier_ratio"": 0.3889, ""rmse"": 1.2935, ""registration_reliable"": false, ""reliability_reasons"": [""inliers < 8"", ""bad_homography_shape""], ""poor_spatial_coverage"": false, ""bad_homography_shape"": true}, {""extractor"": ""aliked"", ""elapsed_ms"": 469.75, ""error"": """", ""match_count"": 60, ""inliers"": 9, ""inlier_ratio"": 0.15, ""rmse"": 1.0813, ""registration_reliable"": false, ""reliability_reasons"": [""inlier_ratio < 0.25"", ""bad_homography_shape""], ""poor_spatial_coverage"": false, ""bad_homography_shape"": true}]",2335.59,1142.05,3486.94,,C:\Users\86158\Desktop\codxRoot\workspace\diffusion_lightglue_cascade_study_100\runs\coarse\strategy_cascade-superpoint_aliked-rgb_steps_8_keypoints_2048\0068_ROIs1970_fall_2_p858,False
coarse,69,spring,ROIs1158_spring_59_p866,E:\Data\spring\s1_59\ROIs1158_spring_s1_59_p866.png,E:\Data\spring\s2_59\ROIs1158_spring_s2_59_p866.png,8,2048,superpoint+aliked,cascade,superpoint+aliked,rgb,cascade-superpoint+aliked-rgb,superpoint,True,False,50,9,0.18,1.3957,0.256848,139.8355,-7.644,33.4832,inlier_ratio < 0.25,False,False,False,"[{""extractor"": ""superpoint"", ""elapsed_ms"": 513.66, ""error"": """", ""match_count"": 50, ""inliers"": 9, ""inlier_ratio"": 0.18, ""rmse"": 1.3957, ""registration_reliable"": false, ""reliability_reasons"": [""inlier_ratio < 0.25""], ""poor_spatial_coverage"": false, ""bad_homography_shape"": false}, {""extractor"": ""aliked"", ""elapsed_ms"": 483.15, ""error"": """", ""match_count"": 28, ""inliers"": 7, ""inlier_ratio"": 0.25, ""rmse"": 0.962, ""registration_reliable"": false, ""reliability_reasons"": [""inliers < 8"", ""bad_homography_shape""], ""poor_spatial_coverage"": false, ""bad_homography_shape"": true}]",2270.2,1145.95,3422.89,,C:\Users\86158\Desktop\codxRoot\workspace\diffusion_lightglue_cascade_study_100\runs\coarse\strategy_cascade-superpoint_aliked-rgb_steps_8_keypoints_2048\0069_ROIs1158_spring_59_p866,False
coarse,70,summer,ROIs1868_summer_20_p122,E:\Data\summer\s1_20\ROIs1868_summer_s1_20_p122.png,E:\Data\summer\s2_20\ROIs1868_summer_s2_20_p122.png,8,2048,superpoint+aliked,cascade,superpoint+aliked,rgb,cascade-superpoint+aliked-rgb,aliked,True,False,57,12,0.2105,1.5148,0.237032,60.1917,-55.317,36.8453,inlier_ratio < 0.25,False,False,False,"[{""extractor"": ""superpoint"", ""elapsed_ms"": 510.06, ""error"": """", ""match_count"": 48, ""inliers"": 8, ""inlier_ratio"": 0.1667, ""rmse"": 1.6822, ""registration_reliable"": false, ""reliability_reasons"": [""inlier_ratio < 0.25""], ""poor_spatial_coverage"": false, ""bad_homography_shape"": false}, {""extractor"": ""aliked"", ""elapsed_ms"": 482.96, ""error"": """", ""match_count"": 57, ""inliers"": 12, ""inlier_ratio"": 0.2105, ""rmse"": 1.5148, ""registration_reliable"": false, ""reliability_reasons"": [""inlier_ratio < 0.25""], ""poor_spatial_coverage"": false, ""bad_homography_shape"": false}]",2282.63,1153.09,3442.7,,C:\Users\86158\Desktop\codxRoot\workspace\diffusion_lightglue_cascade_study_100\runs\coarse\strategy_cascade-superpoint_aliked-rgb_steps_8_keypoints_2048\0070_ROIs1868_summer_20_p122,False
coarse,71,winter,ROIs2017_winter_90_p620,E:\Data\winter\s1_90\ROIs2017_winter_s1_90_p620.png,E:\Data\winter\s2_90\ROIs2017_winter_s2_90_p620.png,8,2048,superpoint+aliked,cascade,superpoint+aliked,rgb,cascade-superpoint+aliked-rgb,aliked,True,False,50,8,0.16,0.9387,0.312529,42.6489,-3.3377,87.5313,inlier_ratio < 0.25;bad_homography_shape,False,True,False,"[{""extractor"": ""superpoint"", ""elapsed_ms"": 507.45, ""error"": """", ""match_count"": 24, ""inliers"": 5, ""inlier_ratio"": 0.2083, ""rmse"": 0.802, ""registration_reliable"": false, ""reliability_reasons"": [""inliers < 8"", ""inlier_ratio < 0.25"", ""bad_homography_shape""], ""poor_spatial_coverage"": false, ""bad_homography_shape"": true}, {""extractor"": ""aliked"", ""elapsed_ms"": 496.0, ""error"": """", ""match_count"": 50, ""inliers"": 8, ""inlier_ratio"": 0.16, ""rmse"": 0.9387, ""registration_reliable"": false, ""reliability_reasons"": [""inlier_ratio < 0.25"", ""bad_homography_shape""], ""poor_spatial_coverage"": false, ""bad_homography_shape"": true}]",2242.07,1175.55,3425.99,,C:\Users\86158\Desktop\codxRoot\workspace\diffusion_lightglue_cascade_study_100\runs\coarse\strategy_cascade-superpoint_aliked-rgb_steps_8_keypoints_2048\0071_ROIs2017_winter_90_p620,False
coarse,72,fall,ROIs1970_fall_113_p590,E:\Data\fall\s1_113\ROIs1970_fall_s1_113_p590.png,E:\Data\fall\s2_113\ROIs1970_fall_s2_113_p590.png,8,2048,superpoint+aliked,cascade,superpoint+aliked,rgb,cascade-superpoint+aliked-rgb,aliked,True,False,44,8,0.1818,1.4051,0.268036,58.8049,-90.9921,-30.1079,inlier_ratio < 0.25,False,False,False,"[{""extractor"": ""superpoint"", ""elapsed_ms"": 507.08, ""error"": """", ""match_count"": 75, ""inliers"": 7, ""inlier_ratio"": 0.0933, ""rmse"": 1.326, ""registration_reliable"": false, ""reliability_reasons"": [""inliers < 8"", ""inlier_ratio < 0.25"", ""bad_homography_shape""], ""poor_spatial_coverage"": false, ""bad_homography_shape"": true}, {""extractor"": ""aliked"", ""elapsed_ms"": 467.32, ""error"": """", ""match_count"": 44, ""inliers"": 8, ""inlier_ratio"": 0.1818, ""rmse"": 1.4051, ""registration_reliable"": false, ""reliability_reasons"": [""inlier_ratio < 0.25""], ""poor_spatial_coverage"": false, ""bad_homography_shape"": false}]",2268.27,1122.9,3398.61,,C:\Users\86158\Desktop\codxRoot\workspace\diffusion_lightglue_cascade_study_100\runs\coarse\strategy_cascade-superpoint_aliked-rgb_steps_8_keypoints_2048\0072_ROIs1970_fall_113_p590,False
coarse,73,spring,ROIs1158_spring_53_p716,E:\Data\spring\s1_53\ROIs1158_spring_s1_53_p716.png,E:\Data\spring\s2_53\ROIs1158_spring_s2_53_p716.png,8,2048,superpoint+aliked,cascade,superpoint+aliked,rgb,cascade-superpoint+aliked-rgb,superpoint,True,False,30,7,0.2333,1.3601,0.190695,72.0917,50.6555,37.8591,inliers < 8;inlier_ratio < 0.25,False,False,False,"[{""extractor"": ""superpoint"", ""elapsed_ms"": 497.11, ""error"": """", ""match_count"": 30, ""inliers"": 7, ""inlier_ratio"": 0.2333, ""rmse"": 1.3601, ""registration_reliable"": false, ""reliability_reasons"": [""inliers < 8"", ""inlier_ratio < 0.25""], ""poor_spatial_coverage"": false, ""bad_homography_shape"": false}, {""extractor"": ""aliked"", ""elapsed_ms"": 483.67, ""error"": """", ""match_count"": 16, ""inliers"": 6, ""inlier_ratio"": 0.375, ""rmse"": 1.0358, ""registration_reliable"": false, ""reliability_reasons"": [""inliers < 8""], ""poor_spatial_coverage"": false, ""bad_homography_shape"": false}]",2277.12,1138.45,3422.67,,C:\Users\86158\Desktop\codxRoot\workspace\diffusion_lightglue_cascade_study_100\runs\coarse\strategy_cascade-superpoint_aliked-rgb_steps_8_keypoints_2048\0073_ROIs1158_spring_53_p716,False
coarse,74,summer,ROIs1868_summer_51_p49,E:\Data\summer\s1_51\ROIs1868_summer_s1_51_p49.png,E:\Data\summer\s2_51\ROIs1868_summer_s2_51_p49.png,8,2048,superpoint+aliked,cascade,superpoint+aliked,rgb,cascade-superpoint+aliked-rgb,superpoint,True,True,119,54,0.4538,1.8901,0.270221,53.2023,8.7397,-23.5082,,False,False,False,"[{""extractor"": ""superpoint"", ""elapsed_ms"": 533.31, ""error"": """", ""match_count"": 119, ""inliers"": 54, ""inlier_ratio"": 0.4538, ""rmse"": 1.8901, ""registration_reliable"": true, ""reliability_reasons"": [], ""poor_spatial_coverage"": false, ""bad_homography_shape"": false}, {""extractor"": ""aliked"", ""elapsed_ms"": 480.89, ""error"": """", ""match_count"": 36, ""inliers"": 6, ""inlier_ratio"": 0.1667, ""rmse"": 1.0619, ""registration_reliable"": false, ""reliability_reasons"": [""inliers < 8"", ""inlier_ratio < 0.25"", ""bad_homography_shape""], ""poor_spatial_coverage"": false, ""bad_homography_shape"": true}]",2264.55,1157.67,3429.97,,C:\Users\86158\Desktop\codxRoot\workspace\diffusion_lightglue_cascade_study_100\runs\coarse\strategy_cascade-superpoint_aliked-rgb_steps_8_keypoints_2048\0074_ROIs1868_summer_51_p49,False
coarse,75,winter,ROIs2017_winter_22_p495,E:\Data\winter\s1_22\ROIs2017_winter_s1_22_p495.png,E:\Data\winter\s2_22\ROIs2017_winter_s2_22_p495.png,8,2048,superpoint+aliked,cascade,superpoint+aliked,rgb,cascade-superpoint+aliked-rgb,aliked,True,False,13,6,0.4615,0.9919,0.28611,65.1977,113.7396,121.7243,inliers < 8;bad_homography_shape,False,True,False,"[{""extractor"": ""superpoint"", ""elapsed_ms"": 509.57, ""error"": """", ""match_count"": 45, ""inliers"": 5, ""inlier_ratio"": 0.1111, ""rmse"": 0.2091, ""registration_reliable"": false, ""reliability_reasons"": [""inliers < 8"", ""inlier_ratio < 0.25""], ""poor_spatial_coverage"": false, ""bad_homography_shape"": false}, {""extractor"": ""aliked"", ""elapsed_ms"": 483.34, ""error"": """", ""match_count"": 13, ""inliers"": 6, ""inlier_ratio"": 0.4615, ""rmse"": 0.9919, ""registration_reliable"": false, ""reliability_reasons"": [""inliers < 8"", ""bad_homography_shape""], ""poor_spatial_coverage"": false, ""bad_homography_shape"": true}]",2266.54,1155.5,3430.05,,C:\Users\86158\Desktop\codxRoot\workspace\diffusion_lightglue_cascade_study_100\runs\coarse\strategy_cascade-superpoint_aliked-rgb_steps_8_keypoints_2048\0075_ROIs2017_winter_22_p495,False
coarse,76,fall,ROIs1970_fall_144_p522,E:\Data\fall\s1_144\ROIs1970_fall_s1_144_p522.png,E:\Data\fall\s2_144\ROIs1970_fall_s2_144_p522.png,8,2048,superpoint+aliked,cascade,superpoint+aliked,rgb,cascade-superpoint+aliked-rgb,superpoint,True,False,35,7,0.2,0.9435,0.236206,115.2706,137.388,60.045,inliers < 8;inlier_ratio < 0.25;bad_homography_shape,False,True,False,"[{""extractor"": ""superpoint"", ""elapsed_ms"": 501.01, ""error"": """", ""match_count"": 35, ""inliers"": 7, ""inlier_ratio"": 0.2, ""rmse"": 0.9435, ""registration_reliable"": false, ""reliability_reasons"": [""inliers < 8"", ""inlier_ratio < 0.25"", ""bad_homography_shape""], ""poor_spatial_coverage"": false, ""bad_homography_shape"": true}, {""extractor"": ""aliked"", ""elapsed_ms"": 480.22, ""error"": """", ""match_count"": 4, ""inliers"": 4, ""inlier_ratio"": 1.0, ""rmse"": 0.0, ""registration_reliable"": false, ""reliability_reasons"": [""inliers < 8"", ""bad_homography_shape""], ""poor_spatial_coverage"": false, ""bad_homography_shape"": true}]",2310.94,1134.0,3451.98,,C:\Users\86158\Desktop\codxRoot\workspace\diffusion_lightglue_cascade_study_100\runs\coarse\strategy_cascade-superpoint_aliked-rgb_steps_8_keypoints_2048\0076_ROIs1970_fall_144_p522,False
coarse,77,spring,ROIs1158_spring_9_p378,E:\Data\spring\s1_9\ROIs1158_spring_s1_9_p378.png,E:\Data\spring\s2_9\ROIs1158_spring_s2_9_p378.png,8,2048,superpoint+aliked,cascade,superpoint+aliked,rgb,cascade-superpoint+aliked-rgb,superpoint,True,True,469,228,0.4861,1.9046,0.316234,57.9709,0.1585,0.7812,,False,False,False,"[{""extractor"": ""superpoint"", ""elapsed_ms"": 551.34, ""error"": """", ""match_count"": 469, ""inliers"": 228, ""inlier_ratio"": 0.4861, ""rmse"": 1.9046, ""registration_reliable"": true, ""reliability_reasons"": [], ""poor_spatial_coverage"": false, ""bad_homography_shape"": false}, {""extractor"": ""aliked"", ""elapsed_ms"": 500.41, ""error"": """", ""match_count"": 280, ""inliers"": 109, ""inlier_ratio"": 0.3893, ""rmse"": 1.83, ""registration_reliable"": true, ""reliability_reasons"": [], ""poor_spatial_coverage"": false, ""bad_homography_shape"": false}]",2273.96,1198.04,3479.52,,C:\Users\86158\Desktop\codxRoot\workspace\diffusion_lightglue_cascade_study_100\runs\coarse\strategy_cascade-superpoint_aliked-rgb_steps_8_keypoints_2048\0077_ROIs1158_spring_9_p378,False
coarse,78,summer,ROIs1868_summer_142_p396,E:\Data\summer\s1_142\ROIs1868_summer_s1_142_p396.png,E:\Data\summer\s2_142\ROIs1868_summer_s2_142_p396.png,8,2048,superpoint+aliked,cascade,superpoint+aliked,rgb,cascade-superpoint+aliked-rgb,aliked,True,False,33,7,0.2121,1.0609,0.24736,50.8987,1.1712,-2.5829,inliers < 8;inlier_ratio < 0.25,False,False,False,"[{""extractor"": ""superpoint"", ""elapsed_ms"": 506.09, ""error"": """", ""match_count"": 88, ""inliers"": 7, ""inlier_ratio"": 0.0795, ""rmse"": 0.5552, ""registration_reliable"": false, ""reliability_reasons"": [""inliers < 8"", ""inlier_ratio < 0.25""], ""poor_spatial_coverage"": false, ""bad_homography_shape"": false}, {""extractor"": ""aliked"", ""elapsed_ms"": 465.92, ""error"": """", ""match_count"": 33, ""inliers"": 7, ""inlier_ratio"": 0.2121, ""rmse"": 1.0609, ""registration_reliable"": false, ""reliability_reasons"": [""inliers < 8"", ""inlier_ratio < 0.25""], ""poor_spatial_coverage"": false, ""bad_homography_shape"": false}]",2259.44,1121.71,3388.35,,C:\Users\86158\Desktop\codxRoot\workspace\diffusion_lightglue_cascade_study_100\runs\coarse\strategy_cascade-superpoint_aliked-rgb_steps_8_keypoints_2048\0078_ROIs1868_summer_142_p396,False
coarse,79,winter,ROIs2017_winter_130_p28,E:\Data\winter\s1_130\ROIs2017_winter_s1_130_p28.png,E:\Data\winter\s2_130\ROIs2017_winter_s2_130_p28.png,8,2048,superpoint+aliked,cascade,superpoint+aliked,rgb,cascade-superpoint+aliked-rgb,aliked,True,False,70,13,0.1857,1.8689,0.281481,99.9231,95.3844,23.01,inlier_ratio < 0.25,False,False,False,"[{""extractor"": ""superpoint"", ""elapsed_ms"": 507.77, ""error"": """", ""match_count"": 57, ""inliers"": 11, ""inlier_ratio"": 0.193, ""rmse"": 0.5689, ""registration_reliable"": false, ""reliability_reasons"": [""inlier_ratio < 0.25"", ""bad_homography_shape""], ""poor_spatial_coverage"": false, ""bad_homography_shape"": true}, {""extractor"": ""aliked"", ""elapsed_ms"": 484.66, ""error"": """", ""match_count"": 70, ""inliers"": 13, ""inlier_ratio"": 0.1857, ""rmse"": 1.8689, ""registration_reliable"": false, ""reliability_reasons"": [""inlier_ratio < 0.25""], ""poor_spatial_coverage"": false, ""bad_homography_shape"": false}]",2254.26,1156.74,3418.25,,C:\Users\86158\Desktop\codxRoot\workspace\diffusion_lightglue_cascade_study_100\runs\coarse\strategy_cascade-superpoint_aliked-rgb_steps_8_keypoints_2048\0079_ROIs2017_winter_130_p28,False
coarse,80,fall,ROIs1970_fall_73_p974,E:\Data\fall\s1_73\ROIs1970_fall_s1_73_p974.png,E:\Data\fall\s2_73\ROIs1970_fall_s2_73_p974.png,8,2048,superpoint+aliked,cascade,superpoint+aliked,rgb,cascade-superpoint+aliked-rgb,aliked,True,False,36,13,0.3611,1.363,0.312101,64.8367,1.1367,-30.1899,poor_spatial_coverage;bad_homography_shape,True,True,False,"[{""extractor"": ""superpoint"", ""elapsed_ms"": 502.92, ""error"": """", ""match_count"": 36, ""inliers"": 6, ""inlier_ratio"": 0.1667, ""rmse"": 0.8474, ""registration_reliable"": false, ""reliability_reasons"": [""inliers < 8"", ""inlier_ratio < 0.25""], ""poor_spatial_coverage"": false, ""bad_homography_shape"": false}, {""extractor"": ""aliked"", ""elapsed_ms"": 508.83, ""error"": """", ""match_count"": 36, ""inliers"": 13, ""inlier_ratio"": 0.3611, ""rmse"": 1.363, ""registration_reliable"": false, ""reliability_reasons"": [""poor_spatial_coverage"", ""bad_homography_shape""], ""poor_spatial_coverage"": true, ""bad_homography_shape"": true}]",2262.56,1154.56,3425.73,,C:\Users\86158\Desktop\codxRoot\workspace\diffusion_lightglue_cascade_study_100\runs\coarse\strategy_cascade-superpoint_aliked-rgb_steps_8_keypoints_2048\0080_ROIs1970_fall_73_p974,False
coarse,81,spring,ROIs1158_spring_2_p374,E:\Data\spring\s1_2\ROIs1158_spring_s1_2_p374.png,E:\Data\spring\s2_2\ROIs1158_spring_s2_2_p374.png,8,2048,superpoint+aliked,cascade,superpoint+aliked,rgb,cascade-superpoint+aliked-rgb,aliked,True,True,111,50,0.4505,1.8945,0.335856,100.8725,1.5824,-0.4729,,False,False,True,"[{""extractor"": ""superpoint"", ""elapsed_ms"": 504.19, ""error"": """", ""match_count"": 46, ""inliers"": 6, ""inlier_ratio"": 0.1304, ""rmse"": 0.7071, ""registration_reliable"": false, ""reliability_reasons"": [""inliers < 8"", ""inlier_ratio < 0.25"", ""bad_homography_shape""], ""poor_spatial_coverage"": false, ""bad_homography_shape"": true}, {""extractor"": ""aliked"", ""elapsed_ms"": 499.17, ""error"": """", ""match_count"": 111, ""inliers"": 50, ""inlier_ratio"": 0.4505, ""rmse"": 1.8945, ""registration_reliable"": true, ""reliability_reasons"": [], ""poor_spatial_coverage"": false, ""bad_homography_shape"": false}]",2245.19,1157.16,3409.08,,C:\Users\86158\Desktop\codxRoot\workspace\diffusion_lightglue_cascade_study_100\runs\coarse\strategy_cascade-superpoint_aliked-rgb_steps_8_keypoints_2048\0081_ROIs1158_spring_2_p374,False
coarse,82,summer,ROIs1868_summer_49_p529,E:\Data\summer\s1_49\ROIs1868_summer_s1_49_p529.png,E:\Data\summer\s2_49\ROIs1868_summer_s2_49_p529.png,8,2048,superpoint+aliked,cascade,superpoint+aliked,rgb,cascade-superpoint+aliked-rgb,superpoint,True,True,26,9,0.3462,1.7967,0.197137,50.2563,71.9438,-29.6806,,False,False,False,"[{""extractor"": ""superpoint"", ""elapsed_ms"": 528.06, ""error"": """", ""match_count"": 26, ""inliers"": 9, ""inlier_ratio"": 0.3462, ""rmse"": 1.7967, ""registration_reliable"": true, ""reliability_reasons"": [], ""poor_spatial_coverage"": false, ""bad_homography_shape"": false}, {""extractor"": ""aliked"", ""elapsed_ms"": 466.51, ""error"": """", ""match_count"": 33, ""inliers"": 8, ""inlier_ratio"": 0.2424, ""rmse"": 1.3485, ""registration_reliable"": false, ""reliability_reasons"": [""inlier_ratio < 0.25""], ""poor_spatial_coverage"": false, ""bad_homography_shape"": false}]",2291.08,1128.62,3426.75,,C:\Users\86158\Desktop\codxRoot\workspace\diffusion_lightglue_cascade_study_100\runs\coarse\strategy_cascade-superpoint_aliked-rgb_steps_8_keypoints_2048\0082_ROIs1868_summer_49_p529,False
coarse,83,winter,ROIs2017_winter_117_p334,E:\Data\winter\s1_117\ROIs2017_winter_s1_117_p334.png,E:\Data\winter\s2_117\ROIs2017_winter_s2_117_p334.png,8,2048,superpoint+aliked,cascade,superpoint+aliked,rgb,cascade-superpoint+aliked-rgb,superpoint,True,True,294,183,0.6224,1.7397,0.303884,81.2303,-2.9501,-1.3825,,False,False,False,"[{""extractor"": ""superpoint"", ""elapsed_ms"": 519.52, ""error"": """", ""match_count"": 294, ""inliers"": 183, ""inlier_ratio"": 0.6224, ""rmse"": 1.7397, ""registration_reliable"": true, ""reliability_reasons"": [], ""poor_spatial_coverage"": false, ""bad_homography_shape"": false}, {""extractor"": ""aliked"", ""elapsed_ms"": 500.36, ""error"": """", ""match_count"": 44, ""inliers"": 19, ""inlier_ratio"": 0.4318, ""rmse"": 1.4514, ""registration_reliable"": true, ""reliability_reasons"": [], ""poor_spatial_coverage"": false, ""bad_homography_shape"": false}]",2281.73,1175.89,3464.93,,C:\Users\86158\Desktop\codxRoot\workspace\diffusion_lightglue_cascade_study_100\runs\coarse\strategy_cascade-superpoint_aliked-rgb_steps_8_keypoints_2048\0083_ROIs2017_winter_117_p334,False
coarse,84,fall,ROIs1970_fall_72_p415,E:\Data\fall\s1_72\ROIs1970_fall_s1_72_p415.png,E:\Data\fall\s2_72\ROIs1970_fall_s2_72_p415.png,8,2048,superpoint+aliked,cascade,superpoint+aliked,rgb,cascade-superpoint+aliked-rgb,superpoint,True,False,28,6,0.2143,0.757,0.220252,66.5099,-42.3716,-37.5018,inliers < 8;inlier_ratio < 0.25,False,False,False,"[{""extractor"": ""superpoint"", ""elapsed_ms"": 503.42, ""error"": """", ""match_count"": 28, ""inliers"": 6, ""inlier_ratio"": 0.2143, ""rmse"": 0.757, ""registration_reliable"": false, ""reliability_reasons"": [""inliers < 8"", ""inlier_ratio < 0.25""], ""poor_spatial_coverage"": false, ""bad_homography_shape"": false}, {""extractor"": ""aliked"", ""elapsed_ms"": 490.88, ""error"": """", ""match_count"": 9, ""inliers"": 4, ""inlier_ratio"": 0.4444, ""rmse"": 0.0002, ""registration_reliable"": false, ""reliability_reasons"": [""inliers < 8"", ""bad_homography_shape""], ""poor_spatial_coverage"": false, ""bad_homography_shape"": true}]",2332.92,1151.12,3490.95,,C:\Users\86158\Desktop\codxRoot\workspace\diffusion_lightglue_cascade_study_100\runs\coarse\strategy_cascade-superpoint_aliked-rgb_steps_8_keypoints_2048\0084_ROIs1970_fall_72_p415,False
coarse,85,spring,ROIs1158_spring_53_p1286,E:\Data\spring\s1_53\ROIs1158_spring_s1_53_p1286.png,E:\Data\spring\s2_53\ROIs1158_spring_s2_53_p1286.png,8,2048,superpoint+aliked,cascade,superpoint+aliked,rgb,cascade-superpoint+aliked-rgb,superpoint,True,False,72,11,0.1528,1.4726,0.199422,57.2634,-21.0262,-13.3871,inlier_ratio < 0.25,False,False,False,"[{""extractor"": ""superpoint"", ""elapsed_ms"": 506.91, ""error"": """", ""match_count"": 72, ""inliers"": 11, ""inlier_ratio"": 0.1528, ""rmse"": 1.4726, ""registration_reliable"": false, ""reliability_reasons"": [""inlier_ratio < 0.25""], ""poor_spatial_coverage"": false, ""bad_homography_shape"": false}, {""extractor"": ""aliked"", ""elapsed_ms"": 486.94, ""error"": """", ""match_count"": 12, ""inliers"": 5, ""inlier_ratio"": 0.4167, ""rmse"": 0.737, ""registration_reliable"": false, ""reliability_reasons"": [""inliers < 8"", ""bad_homography_shape""], ""poor_spatial_coverage"": false, ""bad_homography_shape"": true}]",2262.01,1143.17,3412.29,,C:\Users\86158\Desktop\codxRoot\workspace\diffusion_lightglue_cascade_study_100\runs\coarse\strategy_cascade-superpoint_aliked-rgb_steps_8_keypoints_2048\0085_ROIs1158_spring_53_p1286,False
coarse,86,summer,ROIs1868_summer_148_p252,E:\Data\summer\s1_148\ROIs1868_summer_s1_148_p252.png,E:\Data\summer\s2_148\ROIs1868_summer_s2_148_p252.png,8,2048,superpoint+aliked,cascade,superpoint+aliked,rgb,cascade-superpoint+aliked-rgb,superpoint,True,True,640,438,0.6844,1.8228,0.376401,62.416,-1.409,-0.2309,,False,False,False,"[{""extractor"": ""superpoint"", ""elapsed_ms"": 535.91, ""error"": """", ""match_count"": 640, ""inliers"": 438, ""inlier_ratio"": 0.6844, ""rmse"": 1.8228, ""registration_reliable"": true, ""reliability_reasons"": [], ""poor_spatial_coverage"": false, ""bad_homography_shape"": false}, {""extractor"": ""aliked"", ""elapsed_ms"": 466.91, ""error"": """", ""match_count"": 49, ""inliers"": 16, ""inlier_ratio"": 0.3265, ""rmse"": 1.7413, ""registration_reliable"": true, ""reliability_reasons"": [], ""poor_spatial_coverage"": false, ""bad_homography_shape"": false}]",2270.6,1157.45,3436.06,,C:\Users\86158\Desktop\codxRoot\workspace\diffusion_lightglue_cascade_study_100\runs\coarse\strategy_cascade-superpoint_aliked-rgb_steps_8_keypoints_2048\0086_ROIs1868_summer_148_p252,False
coarse,87,winter,ROIs2017_winter_58_p665,E:\Data\winter\s1_58\ROIs2017_winter_s1_58_p665.png,E:\Data\winter\s2_58\ROIs2017_winter_s2_58_p665.png,8,2048,superpoint+aliked,cascade,superpoint+aliked,rgb,cascade-superpoint+aliked-rgb,superpoint,True,False,66,7,0.1061,0.7658,0.234887,41.9772,49.2668,-6.3779,inliers < 8;inlier_ratio < 0.25,False,False,False,"[{""extractor"": ""superpoint"", ""elapsed_ms"": 508.67, ""error"": """", ""match_count"": 66, ""inliers"": 7, ""inlier_ratio"": 0.1061, ""rmse"": 0.7658, ""registration_reliable"": false, ""reliability_reasons"": [""inliers < 8"", ""inlier_ratio < 0.25""], ""poor_spatial_coverage"": false, ""bad_homography_shape"": false}, {""extractor"": ""aliked"", ""elapsed_ms"": 474.3, ""error"": """", ""match_count"": 17, ""inliers"": 6, ""inlier_ratio"": 0.3529, ""rmse"": 1.2479, ""registration_reliable"": false, ""reliability_reasons"": [""inliers < 8"", ""bad_homography_shape""], ""poor_spatial_coverage"": false, ""bad_homography_shape"": true}]",2286.05,1133.21,3427.63,,C:\Users\86158\Desktop\codxRoot\workspace\diffusion_lightglue_cascade_study_100\runs\coarse\strategy_cascade-superpoint_aliked-rgb_steps_8_keypoints_2048\0087_ROIs2017_winter_58_p665,False
coarse,88,fall,ROIs1970_fall_36_p894,E:\Data\fall\s1_36\ROIs1970_fall_s1_36_p894.png,E:\Data\fall\s2_36\ROIs1970_fall_s2_36_p894.png,8,2048,superpoint+aliked,cascade,superpoint+aliked,rgb,cascade-superpoint+aliked-rgb,superpoint,True,True,159,85,0.5346,1.9128,0.238018,119.9257,-13.7435,-13.3271,,False,False,False,"[{""extractor"": ""superpoint"", ""elapsed_ms"": 543.42, ""error"": """", ""match_count"": 159, ""inliers"": 85, ""inlier_ratio"": 0.5346, ""rmse"": 1.9128, ""registration_reliable"": true, ""reliability_reasons"": [], ""poor_spatial_coverage"": false, ""bad_homography_shape"": false}, {""extractor"": ""aliked"", ""elapsed_ms"": 488.43, ""error"": """", ""match_count"": 64, ""inliers"": 31, ""inlier_ratio"": 0.4844, ""rmse"": 1.9126, ""registration_reliable"": true, ""reliability_reasons"": [], ""poor_spatial_coverage"": false, ""bad_homography_shape"": false}]",2273.75,1176.89,3464.29,,C:\Users\86158\Desktop\codxRoot\workspace\diffusion_lightglue_cascade_study_100\runs\coarse\strategy_cascade-superpoint_aliked-rgb_steps_8_keypoints_2048\0088_ROIs1970_fall_36_p894,False
coarse,89,spring,ROIs1158_spring_50_p768,E:\Data\spring\s1_50\ROIs1158_spring_s1_50_p768.png,E:\Data\spring\s2_50\ROIs1158_spring_s2_50_p768.png,8,2048,superpoint+aliked,cascade,superpoint+aliked,rgb,cascade-superpoint+aliked-rgb,superpoint,True,True,277,95,0.343,1.9074,0.267712,62.9475,15.6557,11.1366,,False,False,False,"[{""extractor"": ""superpoint"", ""elapsed_ms"": 559.44, ""error"": """", ""match_count"": 277, ""inliers"": 95, ""inlier_ratio"": 0.343, ""rmse"": 1.9074, ""registration_reliable"": true, ""reliability_reasons"": [], ""poor_spatial_coverage"": false, ""bad_homography_shape"": false}, {""extractor"": ""aliked"", ""elapsed_ms"": 502.77, ""error"": """", ""match_count"": 175, ""inliers"": 80, ""inlier_ratio"": 0.4571, ""rmse"": 2.0102, ""registration_reliable"": true, ""reliability_reasons"": [], ""poor_spatial_coverage"": false, ""bad_homography_shape"": false}]",2354.28,1210.08,3571.59,,C:\Users\86158\Desktop\codxRoot\workspace\diffusion_lightglue_cascade_study_100\runs\coarse\strategy_cascade-superpoint_aliked-rgb_steps_8_keypoints_2048\0089_ROIs1158_spring_50_p768,False
coarse,90,summer,ROIs1868_summer_119_p601,E:\Data\summer\s1_119\ROIs1868_summer_s1_119_p601.png,E:\Data\summer\s2_119\ROIs1868_summer_s2_119_p601.png,8,2048,superpoint+aliked,cascade,superpoint+aliked,rgb,cascade-superpoint+aliked-rgb,aliked,True,False,39,14,0.359,1.5763,0.304983,47.3707,-7.1536,1.5134,bad_homography_shape,False,True,False,"[{""extractor"": ""superpoint"", ""elapsed_ms"": 508.85, ""error"": """", ""match_count"": 63, ""inliers"": 7, ""inlier_ratio"": 0.1111, ""rmse"": 0.9284, ""registration_reliable"": false, ""reliability_reasons"": [""inliers < 8"", ""inlier_ratio < 0.25"", ""bad_homography_shape""], ""poor_spatial_coverage"": false, ""bad_homography_shape"": true}, {""extractor"": ""aliked"", ""elapsed_ms"": 497.28, ""error"": """", ""match_count"": 39, ""inliers"": 14, ""inlier_ratio"": 0.359, ""rmse"": 1.5763, ""registration_reliable"": false, ""reliability_reasons"": [""bad_homography_shape""], ""poor_spatial_coverage"": false, ""bad_homography_shape"": true}]",2292.79,1158.49,3458.54,,C:\Users\86158\Desktop\codxRoot\workspace\diffusion_lightglue_cascade_study_100\runs\coarse\strategy_cascade-superpoint_aliked-rgb_steps_8_keypoints_2048\0090_ROIs1868_summer_119_p601,False
coarse,91,winter,ROIs2017_winter_8_p923,E:\Data\winter\s1_8\ROIs2017_winter_s1_8_p923.png,E:\Data\winter\s2_8\ROIs2017_winter_s2_8_p923.png,8,2048,superpoint+aliked,cascade,superpoint+aliked,rgb,cascade-superpoint+aliked-rgb,superpoint,True,True,229,111,0.4847,1.8637,0.237075,70.2287,-3.4,-1.5394,,False,False,False,"[{""extractor"": ""superpoint"", ""elapsed_ms"": 541.39, ""error"": """", ""match_count"": 229, ""inliers"": 111, ""inlier_ratio"": 0.4847, ""rmse"": 1.8637, ""registration_reliable"": true, ""reliability_reasons"": [], ""poor_spatial_coverage"": false, ""bad_homography_shape"": false}, {""extractor"": ""aliked"", ""elapsed_ms"": 481.43, ""error"": """", ""match_count"": 56, ""inliers"": 26, ""inlier_ratio"": 0.4643, ""rmse"": 1.9505, ""registration_reliable"": true, ""reliability_reasons"": [], ""poor_spatial_coverage"": false, ""bad_homography_shape"": false}]",2335.05,1146.31,3488.4,,C:\Users\86158\Desktop\codxRoot\workspace\diffusion_lightglue_cascade_study_100\runs\coarse\strategy_cascade-superpoint_aliked-rgb_steps_8_keypoints_2048\0091_ROIs2017_winter_8_p923,False
coarse,92,fall,ROIs1970_fall_51_p961,E:\Data\fall\s1_51\ROIs1970_fall_s1_51_p961.png,E:\Data\fall\s2_51\ROIs1970_fall_s2_51_p961.png,8,2048,superpoint+aliked,cascade,superpoint+aliked,rgb,cascade-superpoint+aliked-rgb,superpoint,True,False,85,7,0.0824,1.0728,0.20614,51.7432,19.4606,39.8838,inliers < 8;inlier_ratio < 0.25,False,False,False,"[{""extractor"": ""superpoint"", ""elapsed_ms"": 509.55, ""error"": """", ""match_count"": 85, ""inliers"": 7, ""inlier_ratio"": 0.0824, ""rmse"": 1.0728, ""registration_reliable"": false, ""reliability_reasons"": [""inliers < 8"", ""inlier_ratio < 0.25""], ""poor_spatial_coverage"": false, ""bad_homography_shape"": false}, {""extractor"": ""aliked"", ""elapsed_ms"": 466.9, ""error"": """", ""match_count"": 21, ""inliers"": 5, ""inlier_ratio"": 0.2381, ""rmse"": 1.274, ""registration_reliable"": false, ""reliability_reasons"": [""inliers < 8"", ""inlier_ratio < 0.25"", ""bad_homography_shape""], ""poor_spatial_coverage"": false, ""bad_homography_shape"": true}]",2359.29,1125.86,3491.95,,C:\Users\86158\Desktop\codxRoot\workspace\diffusion_lightglue_cascade_study_100\runs\coarse\strategy_cascade-superpoint_aliked-rgb_steps_8_keypoints_2048\0092_ROIs1970_fall_51_p961,False
coarse,93,spring,ROIs1158_spring_109_p195,E:\Data\spring\s1_109\ROIs1158_spring_s1_109_p195.png,E:\Data\spring\s2_109\ROIs1158_spring_s2_109_p195.png,8,2048,superpoint+aliked,cascade,superpoint+aliked,rgb,cascade-superpoint+aliked-rgb,superpoint,True,False,51,8,0.1569,1.1161,0.196338,99.5998,58.771,54.8696,inlier_ratio < 0.25,False,False,False,"[{""extractor"": ""superpoint"", ""elapsed_ms"": 511.03, ""error"": """", ""match_count"": 51, ""inliers"": 8, ""inlier_ratio"": 0.1569, ""rmse"": 1.1161, ""registration_reliable"": false, ""reliability_reasons"": [""inlier_ratio < 0.25""], ""poor_spatial_coverage"": false, ""bad_homography_shape"": false}, {""extractor"": ""aliked"", ""elapsed_ms"": 481.41, ""error"": """", ""match_count"": 24, ""inliers"": 5, ""inlier_ratio"": 0.2083, ""rmse"": 0.0456, ""registration_reliable"": false, ""reliability_reasons"": [""inliers < 8"", ""inlier_ratio < 0.25""], ""poor_spatial_coverage"": false, ""bad_homography_shape"": false}]",2269.53,1145.09,3423.15,,C:\Users\86158\Desktop\codxRoot\workspace\diffusion_lightglue_cascade_study_100\runs\coarse\strategy_cascade-superpoint_aliked-rgb_steps_8_keypoints_2048\0093_ROIs1158_spring_109_p195,False
coarse,94,summer,ROIs1868_summer_10_p835,E:\Data\summer\s1_10\ROIs1868_summer_s1_10_p835.png,E:\Data\summer\s2_10\ROIs1868_summer_s2_10_p835.png,8,2048,superpoint+aliked,cascade,superpoint+aliked,rgb,cascade-superpoint+aliked-rgb,aliked,True,False,21,5,0.2381,0.5118,0.273955,58.3811,146.4277,219.3869,inliers < 8;inlier_ratio < 0.25;bad_homography_shape,False,True,False,"[{""extractor"": ""superpoint"", ""elapsed_ms"": 515.58, ""error"": """", ""match_count"": 3, ""inliers"": 0, ""inlier_ratio"": 0.0, ""rmse"": null, ""registration_reliable"": false, ""reliability_reasons"": [""inliers < 8"", ""inlier_ratio < 0.25"", ""rmse unavailable"", ""poor_spatial_coverage"", ""bad_homography_shape""], ""poor_spatial_coverage"": true, ""bad_homography_shape"": true}, {""extractor"": ""aliked"", ""elapsed_ms"": 479.2, ""error"": """", ""match_count"": 21, ""inliers"": 5, ""inlier_ratio"": 0.2381, ""rmse"": 0.5118, ""registration_reliable"": false, ""reliability_reasons"": [""inliers < 8"", ""inlier_ratio < 0.25"", ""bad_homography_shape""], ""poor_spatial_coverage"": false, ""bad_homography_shape"": true}]",2288.09,1137.4,3432.57,,C:\Users\86158\Desktop\codxRoot\workspace\diffusion_lightglue_cascade_study_100\runs\coarse\strategy_cascade-superpoint_aliked-rgb_steps_8_keypoints_2048\0094_ROIs1868_summer_10_p835,False
coarse,95,winter,ROIs2017_winter_112_p628,E:\Data\winter\s1_112\ROIs2017_winter_s1_112_p628.png,E:\Data\winter\s2_112\ROIs2017_winter_s2_112_p628.png,8,2048,superpoint+aliked,cascade,superpoint+aliked,rgb,cascade-superpoint+aliked-rgb,superpoint,True,False,22,6,0.2727,0.8176,0.255391,27.5774,255.4402,173.6153,inliers < 8;bad_homography_shape,False,True,False,"[{""extractor"": ""superpoint"", ""elapsed_ms"": 509.14, ""error"": """", ""match_count"": 22, ""inliers"": 6, ""inlier_ratio"": 0.2727, ""rmse"": 0.8176, ""registration_reliable"": false, ""reliability_reasons"": [""inliers < 8"", ""bad_homography_shape""], ""poor_spatial_coverage"": false, ""bad_homography_shape"": true}, {""extractor"": ""aliked"", ""elapsed_ms"": 506.79, ""error"": """", ""match_count"": 14, ""inliers"": 5, ""inlier_ratio"": 0.3571, ""rmse"": 0.594, ""registration_reliable"": false, ""reliability_reasons"": [""inliers < 8"", ""bad_homography_shape""], ""poor_spatial_coverage"": false, ""bad_homography_shape"": true}]",2269.57,1162.59,3438.8,,C:\Users\86158\Desktop\codxRoot\workspace\diffusion_lightglue_cascade_study_100\runs\coarse\strategy_cascade-superpoint_aliked-rgb_steps_8_keypoints_2048\0095_ROIs2017_winter_112_p628,False
coarse,96,fall,ROIs1970_fall_102_p788,E:\Data\fall\s1_102\ROIs1970_fall_s1_102_p788.png,E:\Data\fall\s2_102\ROIs1970_fall_s2_102_p788.png,8,2048,superpoint+aliked,cascade,superpoint+aliked,rgb,cascade-superpoint+aliked-rgb,superpoint,True,False,47,10,0.2128,0.9388,0.245275,53.7078,40.3787,-45.8285,inlier_ratio < 0.25,False,False,False,"[{""extractor"": ""superpoint"", ""elapsed_ms"": 512.36, ""error"": """", ""match_count"": 47, ""inliers"": 10, ""inlier_ratio"": 0.2128, ""rmse"": 0.9388, ""registration_reliable"": false, ""reliability_reasons"": [""inlier_ratio < 0.25""], ""poor_spatial_coverage"": false, ""bad_homography_shape"": false}, {""extractor"": ""aliked"", ""elapsed_ms"": 474.04, ""error"": """", ""match_count"": 36, ""inliers"": 6, ""inlier_ratio"": 0.1667, ""rmse"": 0.7938, ""registration_reliable"": false, ""reliability_reasons"": [""inliers < 8"", ""inlier_ratio < 0.25"", ""bad_homography_shape""], ""poor_spatial_coverage"": false, ""bad_homography_shape"": true}]",2268.3,1140.75,3416.85,,C:\Users\86158\Desktop\codxRoot\workspace\diffusion_lightglue_cascade_study_100\runs\coarse\strategy_cascade-superpoint_aliked-rgb_steps_8_keypoints_2048\0096_ROIs1970_fall_102_p788,False
coarse,97,spring,ROIs1158_spring_14_p936,E:\Data\spring\s1_14\ROIs1158_spring_s1_14_p936.png,E:\Data\spring\s2_14\ROIs1158_spring_s2_14_p936.png,8,2048,superpoint+aliked,cascade,superpoint+aliked,rgb,cascade-superpoint+aliked-rgb,superpoint,True,True,91,31,0.3407,1.8475,0.222767,122.8415,-21.1312,-25.2302,,False,False,False,"[{""extractor"": ""superpoint"", ""elapsed_ms"": 522.43, ""error"": """", ""match_count"": 91, ""inliers"": 31, ""inlier_ratio"": 0.3407, ""rmse"": 1.8475, ""registration_reliable"": true, ""reliability_reasons"": [], ""poor_spatial_coverage"": false, ""bad_homography_shape"": false}, {""extractor"": ""aliked"", ""elapsed_ms"": 487.3, ""error"": """", ""match_count"": 47, ""inliers"": 16, ""inlier_ratio"": 0.3404, ""rmse"": 1.6304, ""registration_reliable"": true, ""reliability_reasons"": [], ""poor_spatial_coverage"": false, ""bad_homography_shape"": false}]",2269.61,1167.46,3444.01,,C:\Users\86158\Desktop\codxRoot\workspace\diffusion_lightglue_cascade_study_100\runs\coarse\strategy_cascade-superpoint_aliked-rgb_steps_8_keypoints_2048\0097_ROIs1158_spring_14_p936,False
coarse,98,summer,ROIs1868_summer_39_p789,E:\Data\summer\s1_39\ROIs1868_summer_s1_39_p789.png,E:\Data\summer\s2_39\ROIs1868_summer_s2_39_p789.png,8,2048,superpoint+aliked,cascade,superpoint+aliked,rgb,cascade-superpoint+aliked-rgb,aliked,True,True,94,36,0.383,1.7908,0.266447,82.4228,14.0953,20.0773,,False,False,True,"[{""extractor"": ""superpoint"", ""elapsed_ms"": 527.91, ""error"": """", ""match_count"": 137, ""inliers"": 31, ""inlier_ratio"": 0.2263, ""rmse"": 1.9381, ""registration_reliable"": false, ""reliability_reasons"": [""inlier_ratio < 0.25""], ""poor_spatial_coverage"": false, ""bad_homography_shape"": false}, {""extractor"": ""aliked"", ""elapsed_ms"": 495.01, ""error"": """", ""match_count"": 94, ""inliers"": 36, ""inlier_ratio"": 0.383, ""rmse"": 1.7908, ""registration_reliable"": true, ""reliability_reasons"": [], ""poor_spatial_coverage"": false, ""bad_homography_shape"": false}]",2243.04,1178.39,3428.39,,C:\Users\86158\Desktop\codxRoot\workspace\diffusion_lightglue_cascade_study_100\runs\coarse\strategy_cascade-superpoint_aliked-rgb_steps_8_keypoints_2048\0098_ROIs1868_summer_39_p789,False
coarse,99,winter,ROIs2017_winter_102_p925,E:\Data\winter\s1_102\ROIs2017_winter_s1_102_p925.png,E:\Data\winter\s2_102\ROIs2017_winter_s2_102_p925.png,8,2048,superpoint+aliked,cascade,superpoint+aliked,rgb,cascade-superpoint+aliked-rgb,superpoint,True,False,48,20,0.4167,1.512,0.189823,56.3583,-9537.2124,-2797.5324,bad_homography_shape,False,True,False,"[{""extractor"": ""superpoint"", ""elapsed_ms"": 529.25, ""error"": """", ""match_count"": 48, ""inliers"": 20, ""inlier_ratio"": 0.4167, ""rmse"": 1.512, ""registration_reliable"": false, ""reliability_reasons"": [""bad_homography_shape""], ""poor_spatial_coverage"": false, ""bad_homography_shape"": true}, {""extractor"": ""aliked"", ""elapsed_ms"": 496.07, ""error"": """", ""match_count"": 37, ""inliers"": 9, ""inlier_ratio"": 0.2432, ""rmse"": 1.4546, ""registration_reliable"": false, ""reliability_reasons"": [""inlier_ratio < 0.25""], ""poor_spatial_coverage"": false, ""bad_homography_shape"": false}]",2264.98,1181.5,3454.11,,C:\Users\86158\Desktop\codxRoot\workspace\diffusion_lightglue_cascade_study_100\runs\coarse\strategy_cascade-superpoint_aliked-rgb_steps_8_keypoints_2048\0099_ROIs2017_winter_102_p925,False
coarse,0,fall,ROIs1970_fall_114_p932,E:\Data\fall\s1_114\ROIs1970_fall_s1_114_p932.png,E:\Data\fall\s2_114\ROIs1970_fall_s2_114_p932.png,8,2048,superpoint+aliked,cascade,superpoint+aliked,structure,cascade-superpoint+aliked-structure,aliked,True,False,44,8,0.1818,1.0817,0.238819,41.4745,35.15,13.7501,inlier_ratio < 0.25;bad_homography_shape,False,True,False,"[{""extractor"": ""superpoint"", ""elapsed_ms"": 500.85, ""error"": """", ""match_count"": 68, ""inliers"": 6, ""inlier_ratio"": 0.0882, ""rmse"": 0.8604, ""registration_reliable"": false, ""reliability_reasons"": [""inliers < 8"", ""inlier_ratio < 0.25"", ""bad_homography_shape""], ""poor_spatial_coverage"": false, ""bad_homography_shape"": true}, {""extractor"": ""aliked"", ""elapsed_ms"": 480.36, ""error"": """", ""match_count"": 44, ""inliers"": 8, ""inlier_ratio"": 0.1818, ""rmse"": 1.0817, ""registration_reliable"": false, ""reliability_reasons"": [""inlier_ratio < 0.25"", ""bad_homography_shape""], ""poor_spatial_coverage"": false, ""bad_homography_shape"": true}]",2280.99,1160.36,3448.19,,C:\Users\86158\Desktop\codxRoot\workspace\diffusion_lightglue_cascade_study_100\runs\coarse\strategy_cascade-superpoint_aliked-structure_steps_8_keypoints_2048\0000_ROIs1970_fall_114_p932,False
coarse,1,spring,ROIs1158_spring_79_p103,E:\Data\spring\s1_79\ROIs1158_spring_s1_79_p103.png,E:\Data\spring\s2_79\ROIs1158_spring_s2_79_p103.png,8,2048,superpoint+aliked,cascade,superpoint+aliked,structure,cascade-superpoint+aliked-structure,aliked,True,False,51,6,0.1176,0.9307,0.257714,102.6501,-8.3842,22.6664,inliers < 8;inlier_ratio < 0.25;bad_homography_shape,False,True,False,"[{""extractor"": ""superpoint"", ""elapsed_ms"": 486.1, ""error"": """", ""match_count"": 47, ""inliers"": 5, ""inlier_ratio"": 0.1064, ""rmse"": 0.2282, ""registration_reliable"": false, ""reliability_reasons"": [""inliers < 8"", ""inlier_ratio < 0.25"", ""bad_homography_shape""], ""poor_spatial_coverage"": false, ""bad_homography_shape"": true}, {""extractor"": ""aliked"", ""elapsed_ms"": 474.7, ""error"": """", ""match_count"": 51, ""inliers"": 6, ""inlier_ratio"": 0.1176, ""rmse"": 0.9307, ""registration_reliable"": false, ""reliability_reasons"": [""inliers < 8"", ""inlier_ratio < 0.25"", ""bad_homography_shape""], ""poor_spatial_coverage"": false, ""bad_homography_shape"": true}]",2239.13,1154.35,3401.11,,C:\Users\86158\Desktop\codxRoot\workspace\diffusion_lightglue_cascade_study_100\runs\coarse\strategy_cascade-superpoint_aliked-structure_steps_8_keypoints_2048\0001_ROIs1158_spring_79_p103,False
coarse,2,summer,summer_img_temperate_p4776,E:\Data\summer\s1_160\summer_img_temperate_p4776.png,E:\Data\summer\s2_160\summer_img_temperate_p4776.png,8,2048,superpoint+aliked,cascade,superpoint+aliked,structure,cascade-superpoint+aliked-structure,superpoint,True,False,12,5,0.4167,0.6788,0.256379,46.8772,149.176,79.2008,inliers < 8;bad_homography_shape,False,True,False,"[{""extractor"": ""superpoint"", ""elapsed_ms"": 483.2, ""error"": """", ""match_count"": 12, ""inliers"": 5, ""inlier_ratio"": 0.4167, ""rmse"": 0.6788, ""registration_reliable"": false, ""reliability_reasons"": [""inliers < 8"", ""bad_homography_shape""], ""poor_spatial_coverage"": false, ""bad_homography_shape"": true}, {""extractor"": ""aliked"", ""elapsed_ms"": 469.05, ""error"": """", ""match_count"": 22, ""inliers"": 5, ""inlier_ratio"": 0.2273, ""rmse"": 0.6223, ""registration_reliable"": false, ""reliability_reasons"": [""inliers < 8"", ""inlier_ratio < 0.25"", ""bad_homography_shape""], ""poor_spatial_coverage"": false, ""bad_homography_shape"": true}]",2277.88,1109.56,3394.42,,C:\Users\86158\Desktop\codxRoot\workspace\diffusion_lightglue_cascade_study_100\runs\coarse\strategy_cascade-superpoint_aliked-structure_steps_8_keypoints_2048\0002_summer_img_temperate_p4776,False
coarse,3,winter,ROIs2017_winter_97_p18,E:\Data\winter\s1_97\ROIs2017_winter_s1_97_p18.png,E:\Data\winter\s2_97\ROIs2017_winter_s2_97_p18.png,8,2048,superpoint+aliked,cascade,superpoint+aliked,structure,cascade-superpoint+aliked-structure,superpoint,True,False,72,8,0.1111,1.3413,0.251811,104.9852,-34.8077,36.3461,inlier_ratio < 0.25,False,False,False,"[{""extractor"": ""superpoint"", ""elapsed_ms"": 494.35, ""error"": """", ""match_count"": 72, ""inliers"": 8, ""inlier_ratio"": 0.1111, ""rmse"": 1.3413, ""registration_reliable"": false, ""reliability_reasons"": [""inlier_ratio < 0.25""], ""poor_spatial_coverage"": false, ""bad_homography_shape"": false}, {""extractor"": ""aliked"", ""elapsed_ms"": 464.6, ""error"": """", ""match_count"": 36, ""inliers"": 6, ""inlier_ratio"": 0.1667, ""rmse"": 1.1855, ""registration_reliable"": false, ""reliability_reasons"": [""inliers < 8"", ""inlier_ratio < 0.25""], ""poor_spatial_coverage"": false, ""bad_homography_shape"": false}]",2240.21,1136.83,3383.85,,C:\Users\86158\Desktop\codxRoot\workspace\diffusion_lightglue_cascade_study_100\runs\coarse\strategy_cascade-superpoint_aliked-structure_steps_8_keypoints_2048\0003_ROIs2017_winter_97_p18,False
coarse,4,fall,ROIs1970_fall_35_p527,E:\Data\fall\s1_35\ROIs1970_fall_s1_35_p527.png,E:\Data\fall\s2_35\ROIs1970_fall_s2_35_p527.png,8,2048,superpoint+aliked,cascade,superpoint+aliked,structure,cascade-superpoint+aliked-structure,superpoint,True,True,102,30,0.2941,1.8751,0.252812,98.1489,10.4278,8.6299,,False,False,False,"[{""extractor"": ""superpoint"", ""elapsed_ms"": 522.04, ""error"": """", ""match_count"": 102, ""inliers"": 30, ""inlier_ratio"": 0.2941, ""rmse"": 1.8751, ""registration_reliable"": true, ""reliability_reasons"": [], ""poor_spatial_coverage"": false, ""bad_homography_shape"": false}, {""extractor"": ""aliked"", ""elapsed_ms"": 469.52, ""error"": """", ""match_count"": 79, ""inliers"": 8, ""inlier_ratio"": 0.1013, ""rmse"": 1.2637, ""registration_reliable"": false, ""reliability_reasons"": [""inlier_ratio < 0.25""], ""poor_spatial_coverage"": false, ""bad_homography_shape"": false}]",2297.89,1161.0,3466.46,,C:\Users\86158\Desktop\codxRoot\workspace\diffusion_lightglue_cascade_study_100\runs\coarse\strategy_cascade-superpoint_aliked-structure_steps_8_keypoints_2048\0004_ROIs1970_fall_35_p527,False
coarse,5,spring,ROIs1158_spring_63_p750,E:\Data\spring\s1_63\ROIs1158_spring_s1_63_p750.png,E:\Data\spring\s2_63\ROIs1158_spring_s2_63_p750.png,8,2048,superpoint+aliked,cascade,superpoint+aliked,structure,cascade-superpoint+aliked-structure,superpoint,True,True,199,99,0.4975,1.9793,0.240281,74.6063,-3.0523,0.4156,,False,False,False,"[{""extractor"": ""superpoint"", ""elapsed_ms"": 543.97, ""error"": """", ""match_count"": 199, ""inliers"": 99, ""inlier_ratio"": 0.4975, ""rmse"": 1.9793, ""registration_reliable"": true, ""reliability_reasons"": [], ""poor_spatial_coverage"": false, ""bad_homography_shape"": false}, {""extractor"": ""aliked"", ""elapsed_ms"": 469.21, ""error"": """", ""match_count"": 116, ""inliers"": 11, ""inlier_ratio"": 0.0948, ""rmse"": 1.3506, ""registration_reliable"": false, ""reliability_reasons"": [""inlier_ratio < 0.25""], ""poor_spatial_coverage"": false, ""bad_homography_shape"": false}]",2297.4,1195.79,3500.39,,C:\Users\86158\Desktop\codxRoot\workspace\diffusion_lightglue_cascade_study_100\runs\coarse\strategy_cascade-superpoint_aliked-structure_steps_8_keypoints_2048\0005_ROIs1158_spring_63_p750,False
coarse,6,summer,ROIs1868_summer_47_p745,E:\Data\summer\s1_47\ROIs1868_summer_s1_47_p745.png,E:\Data\summer\s2_47\ROIs1868_summer_s2_47_p745.png,8,2048,superpoint+aliked,cascade,superpoint+aliked,structure,cascade-superpoint+aliked-structure,aliked,True,True,196,59,0.301,1.9672,0.257632,84.8403,0.4076,0.6114,,False,False,True,"[{""extractor"": ""superpoint"", ""elapsed_ms"": 537.37, ""error"": """", ""match_count"": 147, ""inliers"": 31, ""inlier_ratio"": 0.2109, ""rmse"": 2.0078, ""registration_reliable"": false, ""reliability_reasons"": [""inlier_ratio < 0.25""], ""poor_spatial_coverage"": false, ""bad_homography_shape"": false}, {""extractor"": ""aliked"", ""elapsed_ms"": 492.79, ""error"": """", ""match_count"": 196, ""inliers"": 59, ""inlier_ratio"": 0.301, ""rmse"": 1.9672, ""registration_reliable"": true, ""reliability_reasons"": [], ""poor_spatial_coverage"": false, ""bad_homography_shape"": false}]",2281.41,1217.12,3505.57,,C:\Users\86158\Desktop\codxRoot\workspace\diffusion_lightglue_cascade_study_100\runs\coarse\strategy_cascade-superpoint_aliked-structure_steps_8_keypoints_2048\0006_ROIs1868_summer_47_p745,False
coarse,7,winter,ROIs2017_winter_35_p879,E:\Data\winter\s1_35\ROIs2017_winter_s1_35_p879.png,E:\Data\winter\s2_35\ROIs2017_winter_s2_35_p879.png,8,2048,superpoint+aliked,cascade,superpoint+aliked,structure,cascade-superpoint+aliked-structure,aliked,True,True,92,23,0.25,1.9624,0.27921,129.7939,-4.4176,-3.6051,,False,False,True,"[{""extractor"": ""superpoint"", ""elapsed_ms"": 497.65, ""error"": """", ""match_count"": 53, ""inliers"": 7, ""inlier_ratio"": 0.1321, ""rmse"": 0.8053, ""registration_reliable"": false, ""reliability_reasons"": [""inliers < 8"", ""inlier_ratio < 0.25""], ""poor_spatial_coverage"": false, ""bad_homography_shape"": false}, {""extractor"": ""aliked"", ""elapsed_ms"": 490.52, ""error"": """", ""match_count"": 92, ""inliers"": 23, ""inlier_ratio"": 0.25, ""rmse"": 1.9624, ""registration_reliable"": true, ""reliability_reasons"": [], ""poor_spatial_coverage"": false, ""bad_homography_shape"": false}]",2276.44,1171.49,3454.9,,C:\Users\86158\Desktop\codxRoot\workspace\diffusion_lightglue_cascade_study_100\runs\coarse\strategy_cascade-superpoint_aliked-structure_steps_8_keypoints_2048\0007_ROIs2017_winter_35_p879,False
coarse,8,fall,ROIs1970_fall_83_p473,E:\Data\fall\s1_83\ROIs1970_fall_s1_83_p473.png,E:\Data\fall\s2_83\ROIs1970_fall_s2_83_p473.png,8,2048,superpoint+aliked,cascade,superpoint+aliked,structure,cascade-superpoint+aliked-structure,superpoint,True,False,96,8,0.0833,1.3227,0.223066,60.2072,-23.5869,-82.6362,inlier_ratio < 0.25,False,False,False,"[{""extractor"": ""superpoint"", ""elapsed_ms"": 482.65, ""error"": """", ""match_count"": 96, ""inliers"": 8, ""inlier_ratio"": 0.0833, ""rmse"": 1.3227, ""registration_reliable"": false, ""reliability_reasons"": [""inlier_ratio < 0.25""], ""poor_spatial_coverage"": false, ""bad_homography_shape"": false}, {""extractor"": ""aliked"", ""elapsed_ms"": 474.01, ""error"": """", ""match_count"": 42, ""inliers"": 7, ""inlier_ratio"": 0.1667, ""rmse"": 1.4401, ""registration_reliable"": false, ""reliability_reasons"": [""inliers < 8"", ""inlier_ratio < 0.25""], ""poor_spatial_coverage"": false, ""bad_homography_shape"": false}]",2271.72,1144.86,3424.26,,C:\Users\86158\Desktop\codxRoot\workspace\diffusion_lightglue_cascade_study_100\runs\coarse\strategy_cascade-superpoint_aliked-structure_steps_8_keypoints_2048\0008_ROIs1970_fall_83_p473,False
coarse,9,spring,ROIs1158_spring_42_p965,E:\Data\spring\s1_42\ROIs1158_spring_s1_42_p965.png,E:\Data\spring\s2_42\ROIs1158_spring_s2_42_p965.png,8,2048,superpoint+aliked,cascade,superpoint+aliked,structure,cascade-superpoint+aliked-structure,superpoint,True,False,61,8,0.1311,1.4081,0.205651,34.228,65.9129,78.1357,inlier_ratio < 0.25,False,False,False,"[{""extractor"": ""superpoint"", ""elapsed_ms"": 521.53, ""error"": """", ""match_count"": 61, ""inliers"": 8, ""inlier_ratio"": 0.1311, ""rmse"": 1.4081, ""registration_reliable"": false, ""reliability_reasons"": [""inlier_ratio < 0.25""], ""poor_spatial_coverage"": false, ""bad_homography_shape"": false}, {""extractor"": ""aliked"", ""elapsed_ms"": 492.76, ""error"": """", ""match_count"": 77, ""inliers"": 7, ""inlier_ratio"": 0.0909, ""rmse"": 0.7958, ""registration_reliable"": false, ""reliability_reasons"": [""inliers < 8"", ""inlier_ratio < 0.25""], ""poor_spatial_coverage"": false, ""bad_homography_shape"": false}]",2499.63,1200.34,3707.75,,C:\Users\86158\Desktop\codxRoot\workspace\diffusion_lightglue_cascade_study_100\runs\coarse\strategy_cascade-superpoint_aliked-structure_steps_8_keypoints_2048\0009_ROIs1158_spring_42_p965,False
coarse,10,summer,ROIs1868_summer_32_p1033,E:\Data\summer\s1_32\ROIs1868_summer_s1_32_p1033.png,E:\Data\summer\s2_32\ROIs1868_summer_s2_32_p1033.png,8,2048,superpoint+aliked,cascade,superpoint+aliked,structure,cascade-superpoint+aliked-structure,aliked,True,True,221,74,0.3348,1.9872,0.245475,67.7753,-1.0422,-2.0406,,False,False,True,"[{""extractor"": ""superpoint"", ""elapsed_ms"": 550.39, ""error"": """", ""match_count"": 161, ""inliers"": 28, ""inlier_ratio"": 0.1739, ""rmse"": 1.9144, ""registration_reliable"": false, ""reliability_reasons"": [""inlier_ratio < 0.25""], ""poor_spatial_coverage"": false, ""bad_homography_shape"": false}, {""extractor"": ""aliked"", ""elapsed_ms"": 535.87, ""error"": """", ""match_count"": 221, ""inliers"": 74, ""inlier_ratio"": 0.3348, ""rmse"": 1.9872, ""registration_reliable"": true, ""reliability_reasons"": [], ""poor_spatial_coverage"": false, ""bad_homography_shape"": false}]",2490.62,1283.05,3780.67,,C:\Users\86158\Desktop\codxRoot\workspace\diffusion_lightglue_cascade_study_100\runs\coarse\strategy_cascade-superpoint_aliked-structure_steps_8_keypoints_2048\0010_ROIs1868_summer_32_p1033,False
coarse,11,winter,ROIs2017_winter_63_p843,E:\Data\winter\s1_63\ROIs2017_winter_s1_63_p843.png,E:\Data\winter\s2_63\ROIs2017_winter_s2_63_p843.png,8,2048,superpoint+aliked,cascade,superpoint+aliked,structure,cascade-superpoint+aliked-structure,superpoint,True,True,315,116,0.3683,1.9945,0.322111,59.0445,0.0792,-0.3777,,False,False,False,"[{""extractor"": ""superpoint"", ""elapsed_ms"": 562.4, ""error"": """", ""match_count"": 315, ""inliers"": 116, ""inlier_ratio"": 0.3683, ""rmse"": 1.9945, ""registration_reliable"": true, ""reliability_reasons"": [], ""poor_spatial_coverage"": false, ""bad_homography_shape"": false}, {""extractor"": ""aliked"", ""elapsed_ms"": 493.67, ""error"": """", ""match_count"": 115, ""inliers"": 16, ""inlier_ratio"": 0.1391, ""rmse"": 1.5769, ""registration_reliable"": false, ""reliability_reasons"": [""inlier_ratio < 0.25""], ""poor_spatial_coverage"": false, ""bad_homography_shape"": false}]",2382.71,1218.83,3609.49,,C:\Users\86158\Desktop\codxRoot\workspace\diffusion_lightglue_cascade_study_100\runs\coarse\strategy_cascade-superpoint_aliked-structure_steps_8_keypoints_2048\0011_ROIs2017_winter_63_p843,False
coarse,12,fall,ROIs1970_fall_29_p33,E:\Data\fall\s1_29\ROIs1970_fall_s1_29_p33.png,E:\Data\fall\s2_29\ROIs1970_fall_s2_29_p33.png,8,2048,superpoint+aliked,cascade,superpoint+aliked,structure,cascade-superpoint+aliked-structure,aliked,True,True,36,11,0.3056,1.6051,0.19539,78.2176,1.671,6.5447,,False,False,True,"[{""extractor"": ""superpoint"", ""elapsed_ms"": 517.31, ""error"": """", ""match_count"": 60, ""inliers"": 11, ""inlier_ratio"": 0.1833, ""rmse"": 1.4463, ""registration_reliable"": false, ""reliability_reasons"": [""inlier_ratio < 0.25"", ""bad_homography_shape""], ""poor_spatial_coverage"": false, ""bad_homography_shape"": true}, {""extractor"": ""aliked"", ""elapsed_ms"": 501.72, ""error"": """", ""match_count"": 36, ""inliers"": 11, ""inlier_ratio"": 0.3056, ""rmse"": 1.6051, ""registration_reliable"": true, ""reliability_reasons"": [], ""poor_spatial_coverage"": false, ""bad_homography_shape"": false}]",2370.32,1186.57,3564.44,,C:\Users\86158\Desktop\codxRoot\workspace\diffusion_lightglue_cascade_study_100\runs\coarse\strategy_cascade-superpoint_aliked-structure_steps_8_keypoints_2048\0012_ROIs1970_fall_29_p33,False
coarse,13,spring,ROIs1158_spring_80_p718,E:\Data\spring\s1_80\ROIs1158_spring_s1_80_p718.png,E:\Data\spring\s2_80\ROIs1158_spring_s2_80_p718.png,8,2048,superpoint+aliked,cascade,superpoint+aliked,structure,cascade-superpoint+aliked-structure,aliked,True,False,60,7,0.1167,0.8852,0.229686,158.8243,28.868,33.4822,inliers < 8;inlier_ratio < 0.25;bad_homography_shape,False,True,False,"[{""extractor"": ""superpoint"", ""elapsed_ms"": 521.79, ""error"": """", ""match_count"": 77, ""inliers"": 7, ""inlier_ratio"": 0.0909, ""rmse"": 1.3545, ""registration_reliable"": false, ""reliability_reasons"": [""inliers < 8"", ""inlier_ratio < 0.25"", ""bad_homography_shape""], ""poor_spatial_coverage"": false, ""bad_homography_shape"": true}, {""extractor"": ""aliked"", ""elapsed_ms"": 486.41, ""error"": """", ""match_count"": 60, ""inliers"": 7, ""inlier_ratio"": 0.1167, ""rmse"": 0.8852, ""registration_reliable"": false, ""reliability_reasons"": [""inliers < 8"", ""inlier_ratio < 0.25"", ""bad_homography_shape""], ""poor_spatial_coverage"": false, ""bad_homography_shape"": true}]",2329.46,1178.25,3515.53,,C:\Users\86158\Desktop\codxRoot\workspace\diffusion_lightglue_cascade_study_100\runs\coarse\strategy_cascade-superpoint_aliked-structure_steps_8_keypoints_2048\0013_ROIs1158_spring_80_p718,False
coarse,14,summer,ROIs1868_summer_0_p457,E:\Data\summer\s1_0\ROIs1868_summer_s1_0_p457.png,E:\Data\summer\s2_0\ROIs1868_summer_s2_0_p457.png,8,2048,superpoint+aliked,cascade,superpoint+aliked,structure,cascade-superpoint+aliked-structure,superpoint,True,False,51,10,0.1961,1.2773,0.215156,141.2305,1.5837,-0.8855,inlier_ratio < 0.25,False,False,False,"[{""extractor"": ""superpoint"", ""elapsed_ms"": 483.42, ""error"": """", ""match_count"": 51, ""inliers"": 10, ""inlier_ratio"": 0.1961, ""rmse"": 1.2773, ""registration_reliable"": false, ""reliability_reasons"": [""inlier_ratio < 0.25""], ""poor_spatial_coverage"": false, ""bad_homography_shape"": false}, {""extractor"": ""aliked"", ""elapsed_ms"": 459.1, ""error"": """", ""match_count"": 60, ""inliers"": 6, ""inlier_ratio"": 0.1, ""rmse"": 0.9226, ""registration_reliable"": false, ""reliability_reasons"": [""inliers < 8"", ""inlier_ratio < 0.25"", ""bad_homography_shape""], ""poor_spatial_coverage"": false, ""bad_homography_shape"": true}]",2270.81,1128.49,3403.96,,C:\Users\86158\Desktop\codxRoot\workspace\diffusion_lightglue_cascade_study_100\runs\coarse\strategy_cascade-superpoint_aliked-structure_steps_8_keypoints_2048\0014_ROIs1868_summer_0_p457,False
coarse,15,winter,ROIs2017_winter_29_p511,E:\Data\winter\s1_29\ROIs2017_winter_s1_29_p511.png,E:\Data\winter\s2_29\ROIs2017_winter_s2_29_p511.png,8,2048,superpoint+aliked,cascade,superpoint+aliked,structure,cascade-superpoint+aliked-structure,superpoint,True,False,74,11,0.1486,1.8605,0.235275,81.2091,-16.9412,-13.5248,inlier_ratio < 0.25,False,False,False,"[{""extractor"": ""superpoint"", ""elapsed_ms"": 491.0, ""error"": """", ""match_count"": 74, ""inliers"": 11, ""inlier_ratio"": 0.1486, ""rmse"": 1.8605, ""registration_reliable"": false, ""reliability_reasons"": [""inlier_ratio < 0.25""], ""poor_spatial_coverage"": false, ""bad_homography_shape"": false}, {""extractor"": ""aliked"", ""elapsed_ms"": 472.35, ""error"": """", ""match_count"": 62, ""inliers"": 5, ""inlier_ratio"": 0.0806, ""rmse"": 0.6313, ""registration_reliable"": false, ""reliability_reasons"": [""inliers < 8"", ""inlier_ratio < 0.25""], ""poor_spatial_coverage"": false, ""bad_homography_shape"": false}]",2294.83,1126.77,3431.56,,C:\Users\86158\Desktop\codxRoot\workspace\diffusion_lightglue_cascade_study_100\runs\coarse\strategy_cascade-superpoint_aliked-structure_steps_8_keypoints_2048\0015_ROIs2017_winter_29_p511,False
coarse,16,fall,ROIs1970_fall_52_p762,E:\Data\fall\s1_52\ROIs1970_fall_s1_52_p762.png,E:\Data\fall\s2_52\ROIs1970_fall_s2_52_p762.png,8,2048,superpoint+aliked,cascade,superpoint+aliked,structure,cascade-superpoint+aliked-structure,superpoint,True,True,195,70,0.359,2.0925,0.305252,86.9396,-9.1551,-0.119,,False,False,False,"[{""extractor"": ""superpoint"", ""elapsed_ms"": 557.22, ""error"": """", ""match_count"": 195, ""inliers"": 70, ""inlier_ratio"": 0.359, ""rmse"": 2.0925, ""registration_reliable"": true, ""reliability_reasons"": [], ""poor_spatial_coverage"": false, ""bad_homography_shape"": false}, {""extractor"": ""aliked"", ""elapsed_ms"": 474.47, ""error"": """", ""match_count"": 186, ""inliers"": 24, ""inlier_ratio"": 0.129, ""rmse"": 1.9105, ""registration_reliable"": false, ""reliability_reasons"": [""inlier_ratio < 0.25""], ""poor_spatial_coverage"": false, ""bad_homography_shape"": false}]",2288.05,1212.09,3507.21,,C:\Users\86158\Desktop\codxRoot\workspace\diffusion_lightglue_cascade_study_100\runs\coarse\strategy_cascade-superpoint_aliked-structure_steps_8_keypoints_2048\0016_ROIs1970_fall_52_p762,False
coarse,17,spring,ROIs1158_spring_127_p361,E:\Data\spring\s1_127\ROIs1158_spring_s1_127_p361.png,E:\Data\spring\s2_127\ROIs1158_spring_s2_127_p361.png,8,2048,superpoint+aliked,cascade,superpoint+aliked,structure,cascade-superpoint+aliked-structure,aliked,True,False,70,11,0.1571,1.5246,0.319927,80.2936,43.736,124.3897,inlier_ratio < 0.25;bad_homography_shape,False,True,False,"[{""extractor"": ""superpoint"", ""elapsed_ms"": 531.75, ""error"": """", ""match_count"": 43, ""inliers"": 8, ""inlier_ratio"": 0.186, ""rmse"": 1.5774, ""registration_reliable"": false, ""reliability_reasons"": [""inlier_ratio < 0.25""], ""poor_spatial_coverage"": false, ""bad_homography_shape"": false}, {""extractor"": ""aliked"", ""elapsed_ms"": 477.15, ""error"": """", ""match_count"": 70, ""inliers"": 11, ""inlier_ratio"": 0.1571, ""rmse"": 1.5246, ""registration_reliable"": false, ""reliability_reasons"": [""inlier_ratio < 0.25"", ""bad_homography_shape""], ""poor_spatial_coverage"": false, ""bad_homography_shape"": true}]",2341.52,1197.29,3546.85,,C:\Users\86158\Desktop\codxRoot\workspace\diffusion_lightglue_cascade_study_100\runs\coarse\strategy_cascade-superpoint_aliked-structure_steps_8_keypoints_2048\0017_ROIs1158_spring_127_p361,False
coarse,18,summer,ROIs1868_summer_120_p533,E:\Data\summer\s1_120\ROIs1868_summer_s1_120_p533.png,E:\Data\summer\s2_120\ROIs1868_summer_s2_120_p533.png,8,2048,superpoint+aliked,cascade,superpoint+aliked,structure,cascade-superpoint+aliked-structure,superpoint,True,False,46,6,0.1304,0.4485,0.210865,68.9954,171.2756,15.5234,inliers < 8;inlier_ratio < 0.25;bad_homography_shape,False,True,False,"[{""extractor"": ""superpoint"", ""elapsed_ms"": 514.96, ""error"": """", ""match_count"": 46, ""inliers"": 6, ""inlier_ratio"": 0.1304, ""rmse"": 0.4485, ""registration_reliable"": false, ""reliability_reasons"": [""inliers < 8"", ""inlier_ratio < 0.25"", ""bad_homography_shape""], ""poor_spatial_coverage"": false, ""bad_homography_shape"": true}, {""extractor"": ""aliked"", ""elapsed_ms"": 485.22, ""error"": """", ""match_count"": 73, ""inliers"": 6, ""inlier_ratio"": 0.0822, ""rmse"": 0.8969, ""registration_reliable"": false, ""reliability_reasons"": [""inliers < 8"", ""inlier_ratio < 0.25"", ""bad_homography_shape""], ""poor_spatial_coverage"": false, ""bad_homography_shape"": true}]",2348.24,1179.18,3532.84,,C:\Users\86158\Desktop\codxRoot\workspace\diffusion_lightglue_cascade_study_100\runs\coarse\strategy_cascade-superpoint_aliked-structure_steps_8_keypoints_2048\0018_ROIs1868_summer_120_p533,False
coarse,19,winter,winter_img_temperate_p616,E:\Data\winter\s1_171\winter_img_temperate_p616.png,E:\Data\winter\s2_171\winter_img_temperate_p616.png,8,2048,superpoint+aliked,cascade,superpoint+aliked,structure,cascade-superpoint+aliked-structure,aliked,True,False,44,5,0.1136,1.0341,0.218631,52.2487,150.1663,39.633,inliers < 8;inlier_ratio < 0.25;bad_homography_shape,False,True,False,"[{""extractor"": ""superpoint"", ""elapsed_ms"": 480.68, ""error"": """", ""match_count"": 10, ""inliers"": 4, ""inlier_ratio"": 0.4, ""rmse"": 0.0, ""registration_reliable"": false, ""reliability_reasons"": [""inliers < 8"", ""bad_homography_shape""], ""poor_spatial_coverage"": false, ""bad_homography_shape"": true}, {""extractor"": ""aliked"", ""elapsed_ms"": 465.06, ""error"": """", ""match_count"": 44, ""inliers"": 5, ""inlier_ratio"": 0.1136, ""rmse"": 1.0341, ""registration_reliable"": false, ""reliability_reasons"": [""inliers < 8"", ""inlier_ratio < 0.25"", ""bad_homography_shape""], ""poor_spatial_coverage"": false, ""bad_homography_shape"": true}]",2309.08,1115.36,3431.55,,C:\Users\86158\Desktop\codxRoot\workspace\diffusion_lightglue_cascade_study_100\runs\coarse\strategy_cascade-superpoint_aliked-structure_steps_8_keypoints_2048\0019_winter_img_temperate_p616,False
coarse,20,fall,ROIs1970_fall_32_p908,E:\Data\fall\s1_32\ROIs1970_fall_s1_32_p908.png,E:\Data\fall\s2_32\ROIs1970_fall_s2_32_p908.png,8,2048,superpoint+aliked,cascade,superpoint+aliked,structure,cascade-superpoint+aliked-structure,aliked,True,False,68,7,0.1029,1.1003,0.220755,74.09,-268.3196,31.8491,inliers < 8;inlier_ratio < 0.25,False,False,False,"[{""extractor"": ""superpoint"", ""elapsed_ms"": 502.12, ""error"": """", ""match_count"": 24, ""inliers"": 6, ""inlier_ratio"": 0.25, ""rmse"": 0.5272, ""registration_reliable"": false, ""reliability_reasons"": [""inliers < 8""], ""poor_spatial_coverage"": false, ""bad_homography_shape"": false}, {""extractor"": ""aliked"", ""elapsed_ms"": 468.16, ""error"": """", ""match_count"": 68, ""inliers"": 7, ""inlier_ratio"": 0.1029, ""rmse"": 1.1003, ""registration_reliable"": false, ""reliability_reasons"": [""inliers < 8"", ""inlier_ratio < 0.25""], ""poor_spatial_coverage"": false, ""bad_homography_shape"": false}]",2282.92,1141.76,3432.52,,C:\Users\86158\Desktop\codxRoot\workspace\diffusion_lightglue_cascade_study_100\runs\coarse\strategy_cascade-superpoint_aliked-structure_steps_8_keypoints_2048\0020_ROIs1970_fall_32_p908,False
coarse,21,spring,ROIs1158_spring_40_p799,E:\Data\spring\s1_40\ROIs1158_spring_s1_40_p799.png,E:\Data\spring\s2_40\ROIs1158_spring_s2_40_p799.png,8,2048,superpoint+aliked,cascade,superpoint+aliked,structure,cascade-superpoint+aliked-structure,superpoint,True,False,61,13,0.2131,1.5244,0.179577,50.9913,12.8339,-188.3617,inlier_ratio < 0.25,False,False,False,"[{""extractor"": ""superpoint"", ""elapsed_ms"": 523.81, ""error"": """", ""match_count"": 61, ""inliers"": 13, ""inlier_ratio"": 0.2131, ""rmse"": 1.5244, ""registration_reliable"": false, ""reliability_reasons"": [""inlier_ratio < 0.25""], ""poor_spatial_coverage"": false, ""bad_homography_shape"": false}, {""extractor"": ""aliked"", ""elapsed_ms"": 491.31, ""error"": """", ""match_count"": 34, ""inliers"": 7, ""inlier_ratio"": 0.2059, ""rmse"": 0.7114, ""registration_reliable"": false, ""reliability_reasons"": [""inliers < 8"", ""inlier_ratio < 0.25""], ""poor_spatial_coverage"": false, ""bad_homography_shape"": false}]",2291.01,1190.18,3489.32,,C:\Users\86158\Desktop\codxRoot\workspace\diffusion_lightglue_cascade_study_100\runs\coarse\strategy_cascade-superpoint_aliked-structure_steps_8_keypoints_2048\0021_ROIs1158_spring_40_p799,False
coarse,22,summer,ROIs1868_summer_18_p368,E:\Data\summer\s1_18\ROIs1868_summer_s1_18_p368.png,E:\Data\summer\s2_18\ROIs1868_summer_s2_18_p368.png,8,2048,superpoint+aliked,cascade,superpoint+aliked,structure,cascade-superpoint+aliked-structure,superpoint,True,False,54,8,0.1481,1.002,0.189456,84.3607,77.6656,4.1253,inlier_ratio < 0.25;bad_homography_shape,False,True,False,"[{""extractor"": ""superpoint"", ""elapsed_ms"": 526.15, ""error"": """", ""match_count"": 54, ""inliers"": 8, ""inlier_ratio"": 0.1481, ""rmse"": 1.002, ""registration_reliable"": false, ""reliability_reasons"": [""inlier_ratio < 0.25"", ""bad_homography_shape""], ""poor_spatial_coverage"": false, ""bad_homography_shape"": true}, {""extractor"": ""aliked"", ""elapsed_ms"": 474.81, ""error"": """", ""match_count"": 85, ""inliers"": 7, ""inlier_ratio"": 0.0824, ""rmse"": 0.8155, ""registration_reliable"": false, ""reliability_reasons"": [""inliers < 8"", ""inlier_ratio < 0.25""], ""poor_spatial_coverage"": false, ""bad_homography_shape"": false}]",2298.46,1182.11,3487.76,,C:\Users\86158\Desktop\codxRoot\workspace\diffusion_lightglue_cascade_study_100\runs\coarse\strategy_cascade-superpoint_aliked-structure_steps_8_keypoints_2048\0022_ROIs1868_summer_18_p368,False
coarse,23,winter,ROIs2017_winter_16_p63,E:\Data\winter\s1_16\ROIs2017_winter_s1_16_p63.png,E:\Data\winter\s2_16\ROIs2017_winter_s2_16_p63.png,8,2048,superpoint+aliked,cascade,superpoint+aliked,structure,cascade-superpoint+aliked-structure,superpoint,True,False,78,22,0.2821,1.6181,0.248072,76.0321,-470.1145,-184.7181,bad_homography_shape,False,True,False,"[{""extractor"": ""superpoint"", ""elapsed_ms"": 526.51, ""error"": """", ""match_count"": 78, ""inliers"": 22, ""inlier_ratio"": 0.2821, ""rmse"": 1.6181, ""registration_reliable"": false, ""reliability_reasons"": [""bad_homography_shape""], ""poor_spatial_coverage"": false, ""bad_homography_shape"": true}, {""extractor"": ""aliked"", ""elapsed_ms"": 483.29, ""error"": """", ""match_count"": 127, ""inliers"": 14, ""inlier_ratio"": 0.1102, ""rmse"": 1.6964, ""registration_reliable"": false, ""reliability_reasons"": [""inlier_ratio < 0.25""], ""poor_spatial_coverage"": false, ""bad_homography_shape"": false}]",2283.42,1186.54,3476.75,,C:\Users\86158\Desktop\codxRoot\workspace\diffusion_lightglue_cascade_study_100\runs\coarse\strategy_cascade-superpoint_aliked-structure_steps_8_keypoints_2048\0023_ROIs2017_winter_16_p63,False
coarse,24,fall,ROIs1970_fall_102_p1432,E:\Data\fall\s1_102\ROIs1970_fall_s1_102_p1432.png,E:\Data\fall\s2_102\ROIs1970_fall_s2_102_p1432.png,8,2048,superpoint+aliked,cascade,superpoint+aliked,structure,cascade-superpoint+aliked-structure,aliked,True,False,53,8,0.1509,1.7323,0.261928,66.3355,69.4624,22.1038,inlier_ratio < 0.25,False,False,False,"[{""extractor"": ""superpoint"", ""elapsed_ms"": 486.38, ""error"": """", ""match_count"": 40, ""inliers"": 6, ""inlier_ratio"": 0.15, ""rmse"": 1.159, ""registration_reliable"": false, ""reliability_reasons"": [""inliers < 8"", ""inlier_ratio < 0.25"", ""bad_homography_shape""], ""poor_spatial_coverage"": false, ""bad_homography_shape"": true}, {""extractor"": ""aliked"", ""elapsed_ms"": 477.7, ""error"": """", ""match_count"": 53, ""inliers"": 8, ""inlier_ratio"": 0.1509, ""rmse"": 1.7323, ""registration_reliable"": false, ""reliability_reasons"": [""inlier_ratio < 0.25""], ""poor_spatial_coverage"": false, ""bad_homography_shape"": false}]",2303.41,1158.27,3468.92,,C:\Users\86158\Desktop\codxRoot\workspace\diffusion_lightglue_cascade_study_100\runs\coarse\strategy_cascade-superpoint_aliked-structure_steps_8_keypoints_2048\0024_ROIs1970_fall_102_p1432,False
coarse,25,spring,ROIs1158_spring_5_p429,E:\Data\spring\s1_5\ROIs1158_spring_s1_5_p429.png,E:\Data\spring\s2_5\ROIs1158_spring_s2_5_p429.png,8,2048,superpoint+aliked,cascade,superpoint+aliked,structure,cascade-superpoint+aliked-structure,superpoint,True,False,111,19,0.1712,1.6808,0.233941,69.7171,-62.4643,-65.8994,inlier_ratio < 0.25,False,False,False,"[{""extractor"": ""superpoint"", ""elapsed_ms"": 550.56, ""error"": """", ""match_count"": 111, ""inliers"": 19, ""inlier_ratio"": 0.1712, ""rmse"": 1.6808, ""registration_reliable"": false, ""reliability_reasons"": [""inlier_ratio < 0.25""], ""poor_spatial_coverage"": false, ""bad_homography_shape"": false}, {""extractor"": ""aliked"", ""elapsed_ms"": 499.87, ""error"": """", ""match_count"": 81, ""inliers"": 17, ""inlier_ratio"": 0.2099, ""rmse"": 1.7163, ""registration_reliable"": false, ""reliability_reasons"": [""inlier_ratio < 0.25""], ""poor_spatial_coverage"": false, ""bad_homography_shape"": false}]",2267.14,1232.3,3506.83,,C:\Users\86158\Desktop\codxRoot\workspace\diffusion_lightglue_cascade_study_100\runs\coarse\strategy_cascade-superpoint_aliked-structure_steps_8_keypoints_2048\0025_ROIs1158_spring_5_p429,False
coarse,26,summer,ROIs1868_summer_41_p1071,E:\Data\summer\s1_41\ROIs1868_summer_s1_41_p1071.png,E:\Data\summer\s2_41\ROIs1868_summer_s2_41_p1071.png,8,2048,superpoint+aliked,cascade,superpoint+aliked,structure,cascade-superpoint+aliked-structure,superpoint,True,True,546,352,0.6447,1.8395,0.284731,94.2847,-0.2688,-1.0214,,False,False,False,"[{""extractor"": ""superpoint"", ""elapsed_ms"": 531.33, ""error"": """", ""match_count"": 546, ""inliers"": 352, ""inlier_ratio"": 0.6447, ""rmse"": 1.8395, ""registration_reliable"": true, ""reliability_reasons"": [], ""poor_spatial_coverage"": false, ""bad_homography_shape"": false}, {""extractor"": ""aliked"", ""elapsed_ms"": 493.09, ""error"": """", ""match_count"": 209, ""inliers"": 70, ""inlier_ratio"": 0.3349, ""rmse"": 1.9276, ""registration_reliable"": true, ""reliability_reasons"": [], ""poor_spatial_coverage"": false, ""bad_homography_shape"": false}]",2257.33,1201.36,3469.25,,C:\Users\86158\Desktop\codxRoot\workspace\diffusion_lightglue_cascade_study_100\runs\coarse\strategy_cascade-superpoint_aliked-structure_steps_8_keypoints_2048\0026_ROIs1868_summer_41_p1071,False
coarse,27,winter,ROIs2017_winter_51_p391,E:\Data\winter\s1_51\ROIs2017_winter_s1_51_p391.png,E:\Data\winter\s2_51\ROIs2017_winter_s2_51_p391.png,8,2048,superpoint+aliked,cascade,superpoint+aliked,structure,cascade-superpoint+aliked-structure,superpoint,True,False,75,11,0.1467,1.7431,0.215754,97.9497,30.1155,167.1874,inlier_ratio < 0.25,False,False,False,"[{""extractor"": ""superpoint"", ""elapsed_ms"": 771.97, ""error"": """", ""match_count"": 75, ""inliers"": 11, ""inlier_ratio"": 0.1467, ""rmse"": 1.7431, ""registration_reliable"": false, ""reliability_reasons"": [""inlier_ratio < 0.25""], ""poor_spatial_coverage"": false, ""bad_homography_shape"": false}, {""extractor"": ""aliked"", ""elapsed_ms"": 598.48, ""error"": """", ""match_count"": 100, ""inliers"": 10, ""inlier_ratio"": 0.1, ""rmse"": 1.596, ""registration_reliable"": false, ""reliability_reasons"": [""inlier_ratio < 0.25"", ""bad_homography_shape""], ""poor_spatial_coverage"": false, ""bad_homography_shape"": true}]",2597.08,1570.03,4175.11,,C:\Users\86158\Desktop\codxRoot\workspace\diffusion_lightglue_cascade_study_100\runs\coarse\strategy_cascade-superpoint_aliked-structure_steps_8_keypoints_2048\0027_ROIs2017_winter_51_p391,False
coarse,28,fall,ROIs1970_fall_143_p169,E:\Data\fall\s1_143\ROIs1970_fall_s1_143_p169.png,E:\Data\fall\s2_143\ROIs1970_fall_s2_143_p169.png,8,2048,superpoint+aliked,cascade,superpoint+aliked,structure,cascade-superpoint+aliked-structure,aliked,True,False,129,14,0.1085,1.2887,0.311172,118.0965,10.7987,-39.0213,inlier_ratio < 0.25,False,False,False,"[{""extractor"": ""superpoint"", ""elapsed_ms"": 506.91, ""error"": """", ""match_count"": 74, ""inliers"": 8, ""inlier_ratio"": 0.1081, ""rmse"": 1.0607, ""registration_reliable"": false, ""reliability_reasons"": [""inlier_ratio < 0.25""], ""poor_spatial_coverage"": false, ""bad_homography_shape"": false}, {""extractor"": ""aliked"", ""elapsed_ms"": 494.21, ""error"": """", ""match_count"": 129, ""inliers"": 14, ""inlier_ratio"": 0.1085, ""rmse"": 1.2887, ""registration_reliable"": false, ""reliability_reasons"": [""inlier_ratio < 0.25""], ""poor_spatial_coverage"": false, ""bad_homography_shape"": false}]",2327.52,1185.2,3519.77,,C:\Users\86158\Desktop\codxRoot\workspace\diffusion_lightglue_cascade_study_100\runs\coarse\strategy_cascade-superpoint_aliked-structure_steps_8_keypoints_2048\0028_ROIs1970_fall_143_p169,False
coarse,29,spring,ROIs1158_spring_47_p850,E:\Data\spring\s1_47\ROIs1158_spring_s1_47_p850.png,E:\Data\spring\s2_47\ROIs1158_spring_s2_47_p850.png,8,2048,superpoint+aliked,cascade,superpoint+aliked,structure,cascade-superpoint+aliked-structure,aliked,True,False,71,13,0.1831,1.3455,0.363445,71.6364,80.2609,-43.4756,inlier_ratio < 0.25,False,False,False,"[{""extractor"": ""superpoint"", ""elapsed_ms"": 506.16, ""error"": """", ""match_count"": 80, ""inliers"": 11, ""inlier_ratio"": 0.1375, ""rmse"": 2.0227, ""registration_reliable"": false, ""reliability_reasons"": [""inlier_ratio < 0.25"", ""bad_homography_shape""], ""poor_spatial_coverage"": false, ""bad_homography_shape"": true}, {""extractor"": ""aliked"", ""elapsed_ms"": 501.92, ""error"": """", ""match_count"": 71, ""inliers"": 13, ""inlier_ratio"": 0.1831, ""rmse"": 1.3455, ""registration_reliable"": false, ""reliability_reasons"": [""inlier_ratio < 0.25""], ""poor_spatial_coverage"": false, ""bad_homography_shape"": false}]",2247.93,1190.94,3445.85,,C:\Users\86158\Desktop\codxRoot\workspace\diffusion_lightglue_cascade_study_100\runs\coarse\strategy_cascade-superpoint_aliked-structure_steps_8_keypoints_2048\0029_ROIs1158_spring_47_p850,False
coarse,30,summer,ROIs1868_summer_128_p934,E:\Data\summer\s1_128\ROIs1868_summer_s1_128_p934.png,E:\Data\summer\s2_128\ROIs1868_summer_s2_128_p934.png,8,2048,superpoint+aliked,cascade,superpoint+aliked,structure,cascade-superpoint+aliked-structure,aliked,True,False,35,6,0.1714,0.9494,0.319955,103.3322,41.8681,183.0429,inliers < 8;inlier_ratio < 0.25;bad_homography_shape,False,True,False,"[{""extractor"": ""superpoint"", ""elapsed_ms"": 504.46, ""error"": """", ""match_count"": 36, ""inliers"": 6, ""inlier_ratio"": 0.1667, ""rmse"": 0.927, ""registration_reliable"": false, ""reliability_reasons"": [""inliers < 8"", ""inlier_ratio < 0.25"", ""bad_homography_shape""], ""poor_spatial_coverage"": false, ""bad_homography_shape"": true}, {""extractor"": ""aliked"", ""elapsed_ms"": 468.72, ""error"": """", ""match_count"": 35, ""inliers"": 6, ""inlier_ratio"": 0.1714, ""rmse"": 0.9494, ""registration_reliable"": false, ""reliability_reasons"": [""inliers < 8"", ""inlier_ratio < 0.25"", ""bad_homography_shape""], ""poor_spatial_coverage"": false, ""bad_homography_shape"": true}]",2396.55,1151.12,3554.83,,C:\Users\86158\Desktop\codxRoot\workspace\diffusion_lightglue_cascade_study_100\runs\coarse\strategy_cascade-superpoint_aliked-structure_steps_8_keypoints_2048\0030_ROIs1868_summer_128_p934,False
coarse,31,winter,ROIs2017_winter_112_p60,E:\Data\winter\s1_112\ROIs2017_winter_s1_112_p60.png,E:\Data\winter\s2_112\ROIs2017_winter_s2_112_p60.png,8,2048,superpoint+aliked,cascade,superpoint+aliked,structure,cascade-superpoint+aliked-structure,superpoint,True,False,85,18,0.2118,1.8805,0.31129,48.1745,47.0553,42.5166,inlier_ratio < 0.25;bad_homography_shape,False,True,False,"[{""extractor"": ""superpoint"", ""elapsed_ms"": 517.1, ""error"": """", ""match_count"": 85, ""inliers"": 18, ""inlier_ratio"": 0.2118, ""rmse"": 1.8805, ""registration_reliable"": false, ""reliability_reasons"": [""inlier_ratio < 0.25"", ""bad_homography_shape""], ""poor_spatial_coverage"": false, ""bad_homography_shape"": true}, {""extractor"": ""aliked"", ""elapsed_ms"": 476.03, ""error"": """", ""match_count"": 80, ""inliers"": 8, ""inlier_ratio"": 0.1, ""rmse"": 1.3912, ""registration_reliable"": false, ""reliability_reasons"": [""inlier_ratio < 0.25"", ""bad_homography_shape""], ""poor_spatial_coverage"": false, ""bad_homography_shape"": true}]",2242.12,1165.91,3415.07,,C:\Users\86158\Desktop\codxRoot\workspace\diffusion_lightglue_cascade_study_100\runs\coarse\strategy_cascade-superpoint_aliked-structure_steps_8_keypoints_2048\0031_ROIs2017_winter_112_p60,False
coarse,32,fall,ROIs1970_fall_29_p868,E:\Data\fall\s1_29\ROIs1970_fall_s1_29_p868.png,E:\Data\fall\s2_29\ROIs1970_fall_s2_29_p868.png,8,2048,superpoint+aliked,cascade,superpoint+aliked,structure,cascade-superpoint+aliked-structure,aliked,True,False,145,27,0.1862,1.6697,0.302062,68.7762,5.6102,-1.3078,inlier_ratio < 0.25,False,False,False,"[{""extractor"": ""superpoint"", ""elapsed_ms"": 513.36, ""error"": """", ""match_count"": 99, ""inliers"": 23, ""inlier_ratio"": 0.2323, ""rmse"": 1.5128, ""registration_reliable"": false, ""reliability_reasons"": [""inlier_ratio < 0.25""], ""poor_spatial_coverage"": false, ""bad_homography_shape"": false}, {""extractor"": ""aliked"", ""elapsed_ms"": 488.16, ""error"": """", ""match_count"": 145, ""inliers"": 27, ""inlier_ratio"": 0.1862, ""rmse"": 1.6697, ""registration_reliable"": false, ""reliability_reasons"": [""inlier_ratio < 0.25""], ""poor_spatial_coverage"": false, ""bad_homography_shape"": false}]",2298.73,1179.94,3485.92,,C:\Users\86158\Desktop\codxRoot\workspace\diffusion_lightglue_cascade_study_100\runs\coarse\strategy_cascade-superpoint_aliked-structure_steps_8_keypoints_2048\0032_ROIs1970_fall_29_p868,False
coarse,33,spring,ROIs1158_spring_137_p652,E:\Data\spring\s1_137\ROIs1158_spring_s1_137_p652.png,E:\Data\spring\s2_137\ROIs1158_spring_s2_137_p652.png,8,2048,superpoint+aliked,cascade,superpoint+aliked,structure,cascade-superpoint+aliked-structure,superpoint,True,False,254,16,0.063,1.8503,0.242487,55.7177,40.7097,-117.4449,inlier_ratio < 0.25,False,False,False,"[{""extractor"": ""superpoint"", ""elapsed_ms"": 508.22, ""error"": """", ""match_count"": 254, ""inliers"": 16, ""inlier_ratio"": 0.063, ""rmse"": 1.8503, ""registration_reliable"": false, ""reliability_reasons"": [""inlier_ratio < 0.25""], ""poor_spatial_coverage"": false, ""bad_homography_shape"": false}, {""extractor"": ""aliked"", ""elapsed_ms"": 489.98, ""error"": """", ""match_count"": 53, ""inliers"": 9, ""inlier_ratio"": 0.1698, ""rmse"": 1.4607, ""registration_reliable"": false, ""reliability_reasons"": [""inlier_ratio < 0.25""], ""poor_spatial_coverage"": false, ""bad_homography_shape"": false}]",2289.69,1180.71,3477.78,,C:\Users\86158\Desktop\codxRoot\workspace\diffusion_lightglue_cascade_study_100\runs\coarse\strategy_cascade-superpoint_aliked-structure_steps_8_keypoints_2048\0033_ROIs1158_spring_137_p652,False
coarse,34,summer,ROIs1868_summer_32_p922,E:\Data\summer\s1_32\ROIs1868_summer_s1_32_p922.png,E:\Data\summer\s2_32\ROIs1868_summer_s2_32_p922.png,8,2048,superpoint+aliked,cascade,superpoint+aliked,structure,cascade-superpoint+aliked-structure,aliked,True,False,73,9,0.1233,1.3912,0.311926,53.1043,31.0762,3.1238,inlier_ratio < 0.25,False,False,False,"[{""extractor"": ""superpoint"", ""elapsed_ms"": 515.9, ""error"": """", ""match_count"": 134, ""inliers"": 7, ""inlier_ratio"": 0.0522, ""rmse"": 0.8634, ""registration_reliable"": false, ""reliability_reasons"": [""inliers < 8"", ""inlier_ratio < 0.25""], ""poor_spatial_coverage"": false, ""bad_homography_shape"": false}, {""extractor"": ""aliked"", ""elapsed_ms"": 468.43, ""error"": """", ""match_count"": 73, ""inliers"": 9, ""inlier_ratio"": 0.1233, ""rmse"": 1.3912, ""registration_reliable"": false, ""reliability_reasons"": [""inlier_ratio < 0.25""], ""poor_spatial_coverage"": false, ""bad_homography_shape"": false}]",2284.28,1165.4,3457.07,,C:\Users\86158\Desktop\codxRoot\workspace\diffusion_lightglue_cascade_study_100\runs\coarse\strategy_cascade-superpoint_aliked-structure_steps_8_keypoints_2048\0034_ROIs1868_summer_32_p922,False
coarse,35,winter,ROIs2017_winter_19_p550,E:\Data\winter\s1_19\ROIs2017_winter_s1_19_p550.png,E:\Data\winter\s2_19\ROIs2017_winter_s2_19_p550.png,8,2048,superpoint+aliked,cascade,superpoint+aliked,structure,cascade-superpoint+aliked-structure,aliked,True,False,72,14,0.1944,1.5486,0.23905,40.0112,49.3955,24.4666,inlier_ratio < 0.25,False,False,False,"[{""extractor"": ""superpoint"", ""elapsed_ms"": 520.74, ""error"": """", ""match_count"": 67, ""inliers"": 13, ""inlier_ratio"": 0.194, ""rmse"": 1.6083, ""registration_reliable"": false, ""reliability_reasons"": [""inlier_ratio < 0.25""], ""poor_spatial_coverage"": false, ""bad_homography_shape"": false}, {""extractor"": ""aliked"", ""elapsed_ms"": 485.03, ""error"": """", ""match_count"": 72, ""inliers"": 14, ""inlier_ratio"": 0.1944, ""rmse"": 1.5486, ""registration_reliable"": false, ""reliability_reasons"": [""inlier_ratio < 0.25""], ""poor_spatial_coverage"": false, ""bad_homography_shape"": false}]",2287.44,1158.37,3452.65,,C:\Users\86158\Desktop\codxRoot\workspace\diffusion_lightglue_cascade_study_100\runs\coarse\strategy_cascade-superpoint_aliked-structure_steps_8_keypoints_2048\0035_ROIs2017_winter_19_p550,False
coarse,36,fall,ROIs1970_fall_143_p1286,E:\Data\fall\s1_143\ROIs1970_fall_s1_143_p1286.png,E:\Data\fall\s2_143\ROIs1970_fall_s2_143_p1286.png,8,2048,superpoint+aliked,cascade,superpoint+aliked,structure,cascade-superpoint+aliked-structure,superpoint,True,False,99,21,0.2121,1.4568,0.260538,64.6712,-25.0429,5.31,inlier_ratio < 0.25,False,False,False,"[{""extractor"": ""superpoint"", ""elapsed_ms"": 527.93, ""error"": """", ""match_count"": 99, ""inliers"": 21, ""inlier_ratio"": 0.2121, ""rmse"": 1.4568, ""registration_reliable"": false, ""reliability_reasons"": [""inlier_ratio < 0.25""], ""poor_spatial_coverage"": false, ""bad_homography_shape"": false}, {""extractor"": ""aliked"", ""elapsed_ms"": 473.83, ""error"": """", ""match_count"": 52, ""inliers"": 9, ""inlier_ratio"": 0.1731, ""rmse"": 1.5124, ""registration_reliable"": false, ""reliability_reasons"": [""inlier_ratio < 0.25"", ""bad_homography_shape""], ""poor_spatial_coverage"": false, ""bad_homography_shape"": true}]",2282.12,1182.32,3471.8,,C:\Users\86158\Desktop\codxRoot\workspace\diffusion_lightglue_cascade_study_100\runs\coarse\strategy_cascade-superpoint_aliked-structure_steps_8_keypoints_2048\0036_ROIs1970_fall_143_p1286,False
coarse,37,spring,ROIs1158_spring_27_p756,E:\Data\spring\s1_27\ROIs1158_spring_s1_27_p756.png,E:\Data\spring\s2_27\ROIs1158_spring_s2_27_p756.png,8,2048,superpoint+aliked,cascade,superpoint+aliked,structure,cascade-superpoint+aliked-structure,superpoint,True,True,492,291,0.5915,1.8343,0.29574,81.7507,0.9718,0.4911,,False,False,False,"[{""extractor"": ""superpoint"", ""elapsed_ms"": 536.95, ""error"": """", ""match_count"": 492, ""inliers"": 291, ""inlier_ratio"": 0.5915, ""rmse"": 1.8343, ""registration_reliable"": true, ""reliability_reasons"": [], ""poor_spatial_coverage"": false, ""bad_homography_shape"": false}, {""extractor"": ""aliked"", ""elapsed_ms"": 507.49, ""error"": """", ""match_count"": 300, ""inliers"": 117, ""inlier_ratio"": 0.39, ""rmse"": 1.8725, ""registration_reliable"": true, ""reliability_reasons"": [], ""poor_spatial_coverage"": false, ""bad_homography_shape"": false}]",2291.85,1214.88,3513.77,,C:\Users\86158\Desktop\codxRoot\workspace\diffusion_lightglue_cascade_study_100\runs\coarse\strategy_cascade-superpoint_aliked-structure_steps_8_keypoints_2048\0037_ROIs1158_spring_27_p756,False
coarse,38,summer,ROIs1868_summer_20_p1016,E:\Data\summer\s1_20\ROIs1868_summer_s1_20_p1016.png,E:\Data\summer\s2_20\ROIs1868_summer_s2_20_p1016.png,8,2048,superpoint+aliked,cascade,superpoint+aliked,structure,cascade-superpoint+aliked-structure,aliked,True,False,72,7,0.0972,1.0618,0.322136,61.1057,-1795.4634,-1654.612,inliers < 8;inlier_ratio < 0.25;bad_homography_shape,False,True,False,"[{""extractor"": ""superpoint"", ""elapsed_ms"": 512.07, ""error"": """", ""match_count"": 67, ""inliers"": 6, ""inlier_ratio"": 0.0896, ""rmse"": 0.5443, ""registration_reliable"": false, ""reliability_reasons"": [""inliers < 8"", ""inlier_ratio < 0.25"", ""bad_homography_shape""], ""poor_spatial_coverage"": false, ""bad_homography_shape"": true}, {""extractor"": ""aliked"", ""elapsed_ms"": 492.36, ""error"": """", ""match_count"": 72, ""inliers"": 7, ""inlier_ratio"": 0.0972, ""rmse"": 1.0618, ""registration_reliable"": false, ""reliability_reasons"": [""inliers < 8"", ""inlier_ratio < 0.25"", ""bad_homography_shape""], ""poor_spatial_coverage"": false, ""bad_homography_shape"": true}]",2279.78,1184.17,3471.66,,C:\Users\86158\Desktop\codxRoot\workspace\diffusion_lightglue_cascade_study_100\runs\coarse\strategy_cascade-superpoint_aliked-structure_steps_8_keypoints_2048\0038_ROIs1868_summer_20_p1016,False
coarse,39,winter,ROIs2017_winter_33_p1737,E:\Data\winter\s1_33\ROIs2017_winter_s1_33_p1737.png,E:\Data\winter\s2_33\ROIs2017_winter_s2_33_p1737.png,8,2048,superpoint+aliked,cascade,superpoint+aliked,structure,cascade-superpoint+aliked-structure,superpoint,True,True,176,63,0.358,1.877,0.262815,140.7426,0.422,-0.6043,,False,False,False,"[{""extractor"": ""superpoint"", ""elapsed_ms"": 541.4, ""error"": """", ""match_count"": 176, ""inliers"": 63, ""inlier_ratio"": 0.358, ""rmse"": 1.877, ""registration_reliable"": true, ""reliability_reasons"": [], ""poor_spatial_coverage"": false, ""bad_homography_shape"": false}, {""extractor"": ""aliked"", ""elapsed_ms"": 472.96, ""error"": """", ""match_count"": 86, ""inliers"": 19, ""inlier_ratio"": 0.2209, ""rmse"": 1.7904, ""registration_reliable"": false, ""reliability_reasons"": [""inlier_ratio < 0.25"", ""bad_homography_shape""], ""poor_spatial_coverage"": false, ""bad_homography_shape"": true}]",2281.02,1185.25,3474.06,,C:\Users\86158\Desktop\codxRoot\workspace\diffusion_lightglue_cascade_study_100\runs\coarse\strategy_cascade-superpoint_aliked-structure_steps_8_keypoints_2048\0039_ROIs2017_winter_33_p1737,False
coarse,40,fall,ROIs1970_fall_37_p971,E:\Data\fall\s1_37\ROIs1970_fall_s1_37_p971.png,E:\Data\fall\s2_37\ROIs1970_fall_s2_37_p971.png,8,2048,superpoint+aliked,cascade,superpoint+aliked,structure,cascade-superpoint+aliked-structure,superpoint,True,True,291,203,0.6976,1.7672,0.244862,93.0906,2.5383,4.3398,,False,False,False,"[{""extractor"": ""superpoint"", ""elapsed_ms"": 568.57, ""error"": """", ""match_count"": 291, ""inliers"": 203, ""inlier_ratio"": 0.6976, ""rmse"": 1.7672, ""registration_reliable"": true, ""reliability_reasons"": [], ""poor_spatial_coverage"": false, ""bad_homography_shape"": false}, {""extractor"": ""aliked"", ""elapsed_ms"": 499.2, ""error"": """", ""match_count"": 168, ""inliers"": 41, ""inlier_ratio"": 0.244, ""rmse"": 1.8561, ""registration_reliable"": false, ""reliability_reasons"": [""inlier_ratio < 0.25""], ""poor_spatial_coverage"": false, ""bad_homography_shape"": false}]",2268.35,1233.44,3508.55,,C:\Users\86158\Desktop\codxRoot\workspace\diffusion_lightglue_cascade_study_100\runs\coarse\strategy_cascade-superpoint_aliked-structure_steps_8_keypoints_2048\0040_ROIs1970_fall_37_p971,False
coarse,41,spring,ROIs1158_spring_78_p520,E:\Data\spring\s1_78\ROIs1158_spring_s1_78_p520.png,E:\Data\spring\s2_78\ROIs1158_spring_s2_78_p520.png,8,2048,superpoint+aliked,cascade,superpoint+aliked,structure,cascade-superpoint+aliked-structure,superpoint,True,False,102,11,0.1078,1.3715,0.203439,59.2838,23.8196,14.6683,inlier_ratio < 0.25,False,False,False,"[{""extractor"": ""superpoint"", ""elapsed_ms"": 512.81, ""error"": """", ""match_count"": 102, ""inliers"": 11, ""inlier_ratio"": 0.1078, ""rmse"": 1.3715, ""registration_reliable"": false, ""reliability_reasons"": [""inlier_ratio < 0.25""], ""poor_spatial_coverage"": false, ""bad_homography_shape"": false}, {""extractor"": ""aliked"", ""elapsed_ms"": 475.75, ""error"": """", ""match_count"": 40, ""inliers"": 5, ""inlier_ratio"": 0.125, ""rmse"": 0.2337, ""registration_reliable"": false, ""reliability_reasons"": [""inliers < 8"", ""inlier_ratio < 0.25"", ""bad_homography_shape""], ""poor_spatial_coverage"": false, ""bad_homography_shape"": true}]",2286.26,1171.28,3464.93,,C:\Users\86158\Desktop\codxRoot\workspace\diffusion_lightglue_cascade_study_100\runs\coarse\strategy_cascade-superpoint_aliked-structure_steps_8_keypoints_2048\0041_ROIs1158_spring_78_p520,False
coarse,42,summer,ROIs1868_summer_136_p1003,E:\Data\summer\s1_136\ROIs1868_summer_s1_136_p1003.png,E:\Data\summer\s2_136\ROIs1868_summer_s2_136_p1003.png,8,2048,superpoint+aliked,cascade,superpoint+aliked,structure,cascade-superpoint+aliked-structure,aliked,True,False,105,12,0.1143,1.4046,0.308677,80.1317,-14.2097,9.9787,inlier_ratio < 0.25,False,False,False,"[{""extractor"": ""superpoint"", ""elapsed_ms"": 508.29, ""error"": """", ""match_count"": 51, ""inliers"": 8, ""inlier_ratio"": 0.1569, ""rmse"": 1.2796, ""registration_reliable"": false, ""reliability_reasons"": [""inlier_ratio < 0.25""], ""poor_spatial_coverage"": false, ""bad_homography_shape"": false}, {""extractor"": ""aliked"", ""elapsed_ms"": 487.52, ""error"": """", ""match_count"": 105, ""inliers"": 12, ""inlier_ratio"": 0.1143, ""rmse"": 1.4046, ""registration_reliable"": false, ""reliability_reasons"": [""inlier_ratio < 0.25""], ""poor_spatial_coverage"": false, ""bad_homography_shape"": false}]",2275.4,1177.86,3460.47,,C:\Users\86158\Desktop\codxRoot\workspace\diffusion_lightglue_cascade_study_100\runs\coarse\strategy_cascade-superpoint_aliked-structure_steps_8_keypoints_2048\0042_ROIs1868_summer_136_p1003,False
coarse,43,winter,ROIs2017_winter_117_p23,E:\Data\winter\s1_117\ROIs2017_winter_s1_117_p23.png,E:\Data\winter\s2_117\ROIs2017_winter_s2_117_p23.png,8,2048,superpoint+aliked,cascade,superpoint+aliked,structure,cascade-superpoint+aliked-structure,superpoint,True,True,584,423,0.7243,1.7626,0.280629,54.206,-2.9887,-0.9084,,False,False,False,"[{""extractor"": ""superpoint"", ""elapsed_ms"": 552.15, ""error"": """", ""match_count"": 584, ""inliers"": 423, ""inlier_ratio"": 0.7243, ""rmse"": 1.7626, ""registration_reliable"": true, ""reliability_reasons"": [], ""poor_spatial_coverage"": false, ""bad_homography_shape"": false}, {""extractor"": ""aliked"", ""elapsed_ms"": 491.16, ""error"": """", ""match_count"": 367, ""inliers"": 222, ""inlier_ratio"": 0.6049, ""rmse"": 1.8753, ""registration_reliable"": true, ""reliability_reasons"": [], ""poor_spatial_coverage"": false, ""bad_homography_shape"": false}]",2252.64,1215.15,3475.08,,C:\Users\86158\Desktop\codxRoot\workspace\diffusion_lightglue_cascade_study_100\runs\coarse\strategy_cascade-superpoint_aliked-structure_steps_8_keypoints_2048\0043_ROIs2017_winter_117_p23,False
coarse,44,fall,ROIs1970_fall_114_p580,E:\Data\fall\s1_114\ROIs1970_fall_s1_114_p580.png,E:\Data\fall\s2_114\ROIs1970_fall_s2_114_p580.png,8,2048,superpoint+aliked,cascade,superpoint+aliked,structure,cascade-superpoint+aliked-structure,superpoint,True,True,488,379,0.7766,1.7461,0.265331,48.9108,-0.7523,0.1292,,False,False,False,"[{""extractor"": ""superpoint"", ""elapsed_ms"": 547.96, ""error"": """", ""match_count"": 488, ""inliers"": 379, ""inlier_ratio"": 0.7766, ""rmse"": 1.7461, ""registration_reliable"": true, ""reliability_reasons"": [], ""poor_spatial_coverage"": false, ""bad_homography_shape"": false}, {""extractor"": ""aliked"", ""elapsed_ms"": 525.18, ""error"": """", ""match_count"": 482, ""inliers"": 319, ""inlier_ratio"": 0.6618, ""rmse"": 1.8354, ""registration_reliable"": true, ""reliability_reasons"": [], ""poor_spatial_coverage"": false, ""bad_homography_shape"": false}]",2276.22,1252.0,3535.09,,C:\Users\86158\Desktop\codxRoot\workspace\diffusion_lightglue_cascade_study_100\runs\coarse\strategy_cascade-superpoint_aliked-structure_steps_8_keypoints_2048\0044_ROIs1970_fall_114_p580,False
coarse,45,spring,ROIs1158_spring_115_p718,E:\Data\spring\s1_115\ROIs1158_spring_s1_115_p718.png,E:\Data\spring\s2_115\ROIs1158_spring_s2_115_p718.png,8,2048,superpoint+aliked,cascade,superpoint+aliked,structure,cascade-superpoint+aliked-structure,aliked,True,True,345,116,0.3362,1.895,0.314667,58.3453,1.1109,0.806,,False,False,True,"[{""extractor"": ""superpoint"", ""elapsed_ms"": 549.43, ""error"": """", ""match_count"": 117, ""inliers"": 36, ""inlier_ratio"": 0.3077, ""rmse"": 1.9866, ""registration_reliable"": true, ""reliability_reasons"": [], ""poor_spatial_coverage"": false, ""bad_homography_shape"": false}, {""extractor"": ""aliked"", ""elapsed_ms"": 528.65, ""error"": """", ""match_count"": 345, ""inliers"": 116, ""inlier_ratio"": 0.3362, ""rmse"": 1.895, ""registration_reliable"": true, ""reliability_reasons"": [], ""poor_spatial_coverage"": false, ""bad_homography_shape"": false}]",2291.53,1269.81,3568.42,,C:\Users\86158\Desktop\codxRoot\workspace\diffusion_lightglue_cascade_study_100\runs\coarse\strategy_cascade-superpoint_aliked-structure_steps_8_keypoints_2048\0045_ROIs1158_spring_115_p718,False
coarse,46,summer,ROIs1868_summer_142_p561,E:\Data\summer\s1_142\ROIs1868_summer_s1_142_p561.png,E:\Data\summer\s2_142\ROIs1868_summer_s2_142_p561.png,8,2048,superpoint+aliked,cascade,superpoint+aliked,structure,cascade-superpoint+aliked-structure,superpoint,True,True,641,488,0.7613,1.737,0.39678,62.493,1.8636,1.0513,,False,False,False,"[{""extractor"": ""superpoint"", ""elapsed_ms"": 560.45, ""error"": """", ""match_count"": 641, ""inliers"": 488, ""inlier_ratio"": 0.7613, ""rmse"": 1.737, ""registration_reliable"": true, ""reliability_reasons"": [], ""poor_spatial_coverage"": false, ""bad_homography_shape"": false}, {""extractor"": ""aliked"", ""elapsed_ms"": 534.07, ""error"": """", ""match_count"": 490, ""inliers"": 323, ""inlier_ratio"": 0.6592, ""rmse"": 1.8764, ""registration_reliable"": true, ""reliability_reasons"": [], ""poor_spatial_coverage"": false, ""bad_homography_shape"": false}]",2288.82,1286.76,3582.88,,C:\Users\86158\Desktop\codxRoot\workspace\diffusion_lightglue_cascade_study_100\runs\coarse\strategy_cascade-superpoint_aliked-structure_steps_8_keypoints_2048\0046_ROIs1868_summer_142_p561,False
coarse,47,winter,ROIs2017_winter_107_p328,E:\Data\winter\s1_107\ROIs2017_winter_s1_107_p328.png,E:\Data\winter\s2_107\ROIs2017_winter_s2_107_p328.png,8,2048,superpoint+aliked,cascade,superpoint+aliked,structure,cascade-superpoint+aliked-structure,superpoint,True,False,150,20,0.1333,2.1365,0.237051,95.3944,1.0145,4.9336,inlier_ratio < 0.25,False,False,False,"[{""extractor"": ""superpoint"", ""elapsed_ms"": 518.96, ""error"": """", ""match_count"": 150, ""inliers"": 20, ""inlier_ratio"": 0.1333, ""rmse"": 2.1365, ""registration_reliable"": false, ""reliability_reasons"": [""inlier_ratio < 0.25""], ""poor_spatial_coverage"": false, ""bad_homography_shape"": false}, {""extractor"": ""aliked"", ""elapsed_ms"": 498.43, ""error"": """", ""match_count"": 130, ""inliers"": 18, ""inlier_ratio"": 0.1385, ""rmse"": 1.8682, ""registration_reliable"": false, ""reliability_reasons"": [""inlier_ratio < 0.25"", ""bad_homography_shape""], ""poor_spatial_coverage"": false, ""bad_homography_shape"": true}]",2282.84,1209.94,3500.28,,C:\Users\86158\Desktop\codxRoot\workspace\diffusion_lightglue_cascade_study_100\runs\coarse\strategy_cascade-superpoint_aliked-structure_steps_8_keypoints_2048\0047_ROIs2017_winter_107_p328,False
coarse,48,fall,ROIs1970_fall_38_p321,E:\Data\fall\s1_38\ROIs1970_fall_s1_38_p321.png,E:\Data\fall\s2_38\ROIs1970_fall_s2_38_p321.png,8,2048,superpoint+aliked,cascade,superpoint+aliked,structure,cascade-superpoint+aliked-structure,aliked,True,False,38,7,0.1842,0.7998,0.208923,134.8432,-94.3888,28.407,inliers < 8;inlier_ratio < 0.25,False,False,False,"[{""extractor"": ""superpoint"", ""elapsed_ms"": 523.21, ""error"": """", ""match_count"": 54, ""inliers"": 7, ""inlier_ratio"": 0.1296, ""rmse"": 0.8012, ""registration_reliable"": false, ""reliability_reasons"": [""inliers < 8"", ""inlier_ratio < 0.25"", ""bad_homography_shape""], ""poor_spatial_coverage"": false, ""bad_homography_shape"": true}, {""extractor"": ""aliked"", ""elapsed_ms"": 513.1, ""error"": """", ""match_count"": 38, ""inliers"": 7, ""inlier_ratio"": 0.1842, ""rmse"": 0.7998, ""registration_reliable"": false, ""reliability_reasons"": [""inliers < 8"", ""inlier_ratio < 0.25""], ""poor_spatial_coverage"": false, ""bad_homography_shape"": false}]",2329.53,1219.49,3556.71,,C:\Users\86158\Desktop\codxRoot\workspace\diffusion_lightglue_cascade_study_100\runs\coarse\strategy_cascade-superpoint_aliked-structure_steps_8_keypoints_2048\0048_ROIs1970_fall_38_p321,False
coarse,49,spring,ROIs1158_spring_111_p210,E:\Data\spring\s1_111\ROIs1158_spring_s1_111_p210.png,E:\Data\spring\s2_111\ROIs1158_spring_s2_111_p210.png,8,2048,superpoint+aliked,cascade,superpoint+aliked,structure,cascade-superpoint+aliked-structure,aliked,True,False,116,17,0.1466,1.91,0.306793,60.1569,-1.9247,16.3316,inlier_ratio < 0.25,False,False,False,"[{""extractor"": ""superpoint"", ""elapsed_ms"": 542.56, ""error"": """", ""match_count"": 84, ""inliers"": 13, ""inlier_ratio"": 0.1548, ""rmse"": 1.4966, ""registration_reliable"": false, ""reliability_reasons"": [""inlier_ratio < 0.25""], ""poor_spatial_coverage"": false, ""bad_homography_shape"": false}, {""extractor"": ""aliked"", ""elapsed_ms"": 507.63, ""error"": """", ""match_count"": 116, ""inliers"": 17, ""inlier_ratio"": 0.1466, ""rmse"": 1.91, ""registration_reliable"": false, ""reliability_reasons"": [""inlier_ratio < 0.25""], ""poor_spatial_coverage"": false, ""bad_homography_shape"": false}]",2269.81,1239.05,3516.04,,C:\Users\86158\Desktop\codxRoot\workspace\diffusion_lightglue_cascade_study_100\runs\coarse\strategy_cascade-superpoint_aliked-structure_steps_8_keypoints_2048\0049_ROIs1158_spring_111_p210,False
coarse,50,summer,ROIs1868_summer_49_p21,E:\Data\summer\s1_49\ROIs1868_summer_s1_49_p21.png,E:\Data\summer\s2_49\ROIs1868_summer_s2_49_p21.png,8,2048,superpoint+aliked,cascade,superpoint+aliked,structure,cascade-superpoint+aliked-structure,superpoint,True,False,75,8,0.1067,1.2495,0.207864,47.8397,34.4509,-190.1056,inlier_ratio < 0.25,False,False,False,"[{""extractor"": ""superpoint"", ""elapsed_ms"": 508.94, ""error"": """", ""match_count"": 75, ""inliers"": 8, ""inlier_ratio"": 0.1067, ""rmse"": 1.2495, ""registration_reliable"": false, ""reliability_reasons"": [""inlier_ratio < 0.25""], ""poor_spatial_coverage"": false, ""bad_homography_shape"": false}, {""extractor"": ""aliked"", ""elapsed_ms"": 478.05, ""error"": """", ""match_count"": 35, ""inliers"": 5, ""inlier_ratio"": 0.1429, ""rmse"": 0.3476, ""registration_reliable"": false, ""reliability_reasons"": [""inliers < 8"", ""inlier_ratio < 0.25"", ""bad_homography_shape""], ""poor_spatial_coverage"": false, ""bad_homography_shape"": true}]",2289.36,1172.86,3469.33,,C:\Users\86158\Desktop\codxRoot\workspace\diffusion_lightglue_cascade_study_100\runs\coarse\strategy_cascade-superpoint_aliked-structure_steps_8_keypoints_2048\0050_ROIs1868_summer_49_p21,False
coarse,51,winter,ROIs2017_winter_36_p235,E:\Data\winter\s1_36\ROIs2017_winter_s1_36_p235.png,E:\Data\winter\s2_36\ROIs2017_winter_s2_36_p235.png,8,2048,superpoint+aliked,cascade,superpoint+aliked,structure,cascade-superpoint+aliked-structure,aliked,True,False,59,7,0.1186,1.0876,0.322579,74.7141,9.5607,79.5577,inliers < 8;inlier_ratio < 0.25;bad_homography_shape,False,True,False,"[{""extractor"": ""superpoint"", ""elapsed_ms"": 510.24, ""error"": """", ""match_count"": 24, ""inliers"": 6, ""inlier_ratio"": 0.25, ""rmse"": 0.3726, ""registration_reliable"": false, ""reliability_reasons"": [""inliers < 8""], ""poor_spatial_coverage"": false, ""bad_homography_shape"": false}, {""extractor"": ""aliked"", ""elapsed_ms"": 476.63, ""error"": """", ""match_count"": 59, ""inliers"": 7, ""inlier_ratio"": 0.1186, ""rmse"": 1.0876, ""registration_reliable"": false, ""reliability_reasons"": [""inliers < 8"", ""inlier_ratio < 0.25"", ""bad_homography_shape""], ""poor_spatial_coverage"": false, ""bad_homography_shape"": true}]",2290.79,1168.1,3466.26,,C:\Users\86158\Desktop\codxRoot\workspace\diffusion_lightglue_cascade_study_100\runs\coarse\strategy_cascade-superpoint_aliked-structure_steps_8_keypoints_2048\0051_ROIs2017_winter_36_p235,False
coarse,52,fall,ROIs1970_fall_35_p888,E:\Data\fall\s1_35\ROIs1970_fall_s1_35_p888.png,E:\Data\fall\s2_35\ROIs1970_fall_s2_35_p888.png,8,2048,superpoint+aliked,cascade,superpoint+aliked,structure,cascade-superpoint+aliked-structure,aliked,True,False,52,6,0.1154,0.5747,0.219492,48.8336,102.4237,83.6059,inliers < 8;inlier_ratio < 0.25;bad_homography_shape,False,True,False,"[{""extractor"": ""superpoint"", ""elapsed_ms"": 514.36, ""error"": """", ""match_count"": 13, ""inliers"": 5, ""inlier_ratio"": 0.3846, ""rmse"": 0.1891, ""registration_reliable"": false, ""reliability_reasons"": [""inliers < 8"", ""bad_homography_shape""], ""poor_spatial_coverage"": false, ""bad_homography_shape"": true}, {""extractor"": ""aliked"", ""elapsed_ms"": 486.08, ""error"": """", ""match_count"": 52, ""inliers"": 6, ""inlier_ratio"": 0.1154, ""rmse"": 0.5747, ""registration_reliable"": false, ""reliability_reasons"": [""inliers < 8"", ""inlier_ratio < 0.25"", ""bad_homography_shape""], ""poor_spatial_coverage"": false, ""bad_homography_shape"": true}]",2281.08,1162.33,3451.84,,C:\Users\86158\Desktop\codxRoot\workspace\diffusion_lightglue_cascade_study_100\runs\coarse\strategy_cascade-superpoint_aliked-structure_steps_8_keypoints_2048\0052_ROIs1970_fall_35_p888,False
coarse,53,spring,ROIs1158_spring_42_p829,E:\Data\spring\s1_42\ROIs1158_spring_s1_42_p829.png,E:\Data\spring\s2_42\ROIs1158_spring_s2_42_p829.png,8,2048,superpoint+aliked,cascade,superpoint+aliked,structure,cascade-superpoint+aliked-structure,aliked,True,False,87,8,0.092,1.1282,0.259414,39.3271,71.8265,-1.6608,inlier_ratio < 0.25,False,False,False,"[{""extractor"": ""superpoint"", ""elapsed_ms"": 512.04, ""error"": """", ""match_count"": 76, ""inliers"": 6, ""inlier_ratio"": 0.0789, ""rmse"": 0.7297, ""registration_reliable"": false, ""reliability_reasons"": [""inliers < 8"", ""inlier_ratio < 0.25"", ""bad_homography_shape""], ""poor_spatial_coverage"": false, ""bad_homography_shape"": true}, {""extractor"": ""aliked"", ""elapsed_ms"": 475.45, ""error"": """", ""match_count"": 87, ""inliers"": 8, ""inlier_ratio"": 0.092, ""rmse"": 1.1282, ""registration_reliable"": false, ""reliability_reasons"": [""inlier_ratio < 0.25""], ""poor_spatial_coverage"": false, ""bad_homography_shape"": false}]",2264.9,1156.96,3428.66,,C:\Users\86158\Desktop\codxRoot\workspace\diffusion_lightglue_cascade_study_100\runs\coarse\strategy_cascade-superpoint_aliked-structure_steps_8_keypoints_2048\0053_ROIs1158_spring_42_p829,False
coarse,54,summer,ROIs1868_summer_4_p420,E:\Data\summer\s1_4\ROIs1868_summer_s1_4_p420.png,E:\Data\summer\s2_4\ROIs1868_summer_s2_4_p420.png,8,2048,superpoint+aliked,cascade,superpoint+aliked,structure,cascade-superpoint+aliked-structure,superpoint,True,True,405,169,0.4173,1.9971,0.319947,90.6851,-1.4505,-0.3488,,False,False,False,"[{""extractor"": ""superpoint"", ""elapsed_ms"": 544.15, ""error"": """", ""match_count"": 405, ""inliers"": 169, ""inlier_ratio"": 0.4173, ""rmse"": 1.9971, ""registration_reliable"": true, ""reliability_reasons"": [], ""poor_spatial_coverage"": false, ""bad_homography_shape"": false}, {""extractor"": ""aliked"", ""elapsed_ms"": 495.08, ""error"": """", ""match_count"": 107, ""inliers"": 15, ""inlier_ratio"": 0.1402, ""rmse"": 1.2029, ""registration_reliable"": false, ""reliability_reasons"": [""inlier_ratio < 0.25""], ""poor_spatial_coverage"": false, ""bad_homography_shape"": false}]",2261.46,1211.77,3480.2,,C:\Users\86158\Desktop\codxRoot\workspace\diffusion_lightglue_cascade_study_100\runs\coarse\strategy_cascade-superpoint_aliked-structure_steps_8_keypoints_2048\0054_ROIs1868_summer_4_p420,False
coarse,55,winter,ROIs2017_winter_56_p451,E:\Data\winter\s1_56\ROIs2017_winter_s1_56_p451.png,E:\Data\winter\s2_56\ROIs2017_winter_s2_56_p451.png,8,2048,superpoint+aliked,cascade,superpoint+aliked,structure,cascade-superpoint+aliked-structure,superpoint,True,True,37,10,0.2703,1.3433,0.216008,103.0771,-136.4608,-109.7909,,False,False,False,"[{""extractor"": ""superpoint"", ""elapsed_ms"": 531.78, ""error"": """", ""match_count"": 37, ""inliers"": 10, ""inlier_ratio"": 0.2703, ""rmse"": 1.3433, ""registration_reliable"": true, ""reliability_reasons"": [], ""poor_spatial_coverage"": false, ""bad_homography_shape"": false}, {""extractor"": ""aliked"", ""elapsed_ms"": 483.8, ""error"": """", ""match_count"": 48, ""inliers"": 10, ""inlier_ratio"": 0.2083, ""rmse"": 1.3782, ""registration_reliable"": false, ""reliability_reasons"": [""inlier_ratio < 0.25""], ""poor_spatial_coverage"": false, ""bad_homography_shape"": false}]",2273.08,1196.96,3477.41,,C:\Users\86158\Desktop\codxRoot\workspace\diffusion_lightglue_cascade_study_100\runs\coarse\strategy_cascade-superpoint_aliked-structure_steps_8_keypoints_2048\0055_ROIs2017_winter_56_p451,False
coarse,56,fall,ROIs1970_fall_2_p627,E:\Data\fall\s1_2\ROIs1970_fall_s1_2_p627.png,E:\Data\fall\s2_2\ROIs1970_fall_s2_2_p627.png,8,2048,superpoint+aliked,cascade,superpoint+aliked,structure,cascade-superpoint+aliked-structure,aliked,True,True,52,13,0.25,1.5292,0.353475,92.3458,-7.2255,87.9484,,False,False,True,"[{""extractor"": ""superpoint"", ""elapsed_ms"": 510.62, ""error"": """", ""match_count"": 96, ""inliers"": 9, ""inlier_ratio"": 0.0938, ""rmse"": 1.3004, ""registration_reliable"": false, ""reliability_reasons"": [""inlier_ratio < 0.25""], ""poor_spatial_coverage"": false, ""bad_homography_shape"": false}, {""extractor"": ""aliked"", ""elapsed_ms"": 489.74, ""error"": """", ""match_count"": 52, ""inliers"": 13, ""inlier_ratio"": 0.25, ""rmse"": 1.5292, ""registration_reliable"": true, ""reliability_reasons"": [], ""poor_spatial_coverage"": false, ""bad_homography_shape"": false}]",2267.11,1185.29,3459.85,,C:\Users\86158\Desktop\codxRoot\workspace\diffusion_lightglue_cascade_study_100\runs\coarse\strategy_cascade-superpoint_aliked-structure_steps_8_keypoints_2048\0056_ROIs1970_fall_2_p627,False
coarse,57,spring,ROIs1158_spring_70_p579,E:\Data\spring\s1_70\ROIs1158_spring_s1_70_p579.png,E:\Data\spring\s2_70\ROIs1158_spring_s2_70_p579.png,8,2048,superpoint+aliked,cascade,superpoint+aliked,structure,cascade-superpoint+aliked-structure,superpoint,True,False,27,6,0.2222,0.3707,0.199251,94.4162,-189.4957,-278.0305,inliers < 8;inlier_ratio < 0.25,False,False,False,"[{""extractor"": ""superpoint"", ""elapsed_ms"": 499.22, ""error"": """", ""match_count"": 27, ""inliers"": 6, ""inlier_ratio"": 0.2222, ""rmse"": 0.3707, ""registration_reliable"": false, ""reliability_reasons"": [""inliers < 8"", ""inlier_ratio < 0.25""], ""poor_spatial_coverage"": false, ""bad_homography_shape"": false}, {""extractor"": ""aliked"", ""elapsed_ms"": 490.17, ""error"": """", ""match_count"": 17, ""inliers"": 5, ""inlier_ratio"": 0.2941, ""rmse"": 0.8243, ""registration_reliable"": false, ""reliability_reasons"": [""inliers < 8"", ""bad_homography_shape""], ""poor_spatial_coverage"": false, ""bad_homography_shape"": true}]",2276.88,1166.72,3450.81,,C:\Users\86158\Desktop\codxRoot\workspace\diffusion_lightglue_cascade_study_100\runs\coarse\strategy_cascade-superpoint_aliked-structure_steps_8_keypoints_2048\0057_ROIs1158_spring_70_p579,False
coarse,58,summer,ROIs1868_summer_38_p1011,E:\Data\summer\s1_38\ROIs1868_summer_s1_38_p1011.png,E:\Data\summer\s2_38\ROIs1868_summer_s2_38_p1011.png,8,2048,superpoint+aliked,cascade,superpoint+aliked,structure,cascade-superpoint+aliked-structure,superpoint,True,True,166,58,0.3494,1.9413,0.271459,104.5702,2.283,-6.2051,,False,False,False,"[{""extractor"": ""superpoint"", ""elapsed_ms"": 537.86, ""error"": """", ""match_count"": 166, ""inliers"": 58, ""inlier_ratio"": 0.3494, ""rmse"": 1.9413, ""registration_reliable"": true, ""reliability_reasons"": [], ""poor_spatial_coverage"": false, ""bad_homography_shape"": false}, {""extractor"": ""aliked"", ""elapsed_ms"": 493.91, ""error"": """", ""match_count"": 85, ""inliers"": 11, ""inlier_ratio"": 0.1294, ""rmse"": 1.0614, ""registration_reliable"": false, ""reliability_reasons"": [""inlier_ratio < 0.25""], ""poor_spatial_coverage"": false, ""bad_homography_shape"": false}]",2294.22,1202.1,3503.81,,C:\Users\86158\Desktop\codxRoot\workspace\diffusion_lightglue_cascade_study_100\runs\coarse\strategy_cascade-superpoint_aliked-structure_steps_8_keypoints_2048\0058_ROIs1868_summer_38_p1011,False
coarse,59,winter,winter_img_temperate_p4662,E:\Data\winter\s1_170\winter_img_temperate_p4662.png,E:\Data\winter\s2_170\winter_img_temperate_p4662.png,8,2048,superpoint+aliked,cascade,superpoint+aliked,structure,cascade-superpoint+aliked-structure,aliked,True,False,31,5,0.1613,0.2451,0.227871,89.468,126.2613,-37.5408,inliers < 8;inlier_ratio < 0.25;bad_homography_shape,False,True,False,"[{""extractor"": ""superpoint"", ""elapsed_ms"": 485.14, ""error"": """", ""match_count"": 4, ""inliers"": 4, ""inlier_ratio"": 1.0, ""rmse"": 0.0, ""registration_reliable"": false, ""reliability_reasons"": [""inliers < 8"", ""bad_homography_shape""], ""poor_spatial_coverage"": false, ""bad_homography_shape"": true}, {""extractor"": ""aliked"", ""elapsed_ms"": 458.35, ""error"": """", ""match_count"": 31, ""inliers"": 5, ""inlier_ratio"": 0.1613, ""rmse"": 0.2451, ""registration_reliable"": false, ""reliability_reasons"": [""inliers < 8"", ""inlier_ratio < 0.25"", ""bad_homography_shape""], ""poor_spatial_coverage"": false, ""bad_homography_shape"": true}]",2273.83,1117.44,3398.36,,C:\Users\86158\Desktop\codxRoot\workspace\diffusion_lightglue_cascade_study_100\runs\coarse\strategy_cascade-superpoint_aliked-structure_steps_8_keypoints_2048\0059_winter_img_temperate_p4662,False
coarse,60,fall,ROIs1970_fall_16_p295,E:\Data\fall\s1_16\ROIs1970_fall_s1_16_p295.png,E:\Data\fall\s2_16\ROIs1970_fall_s2_16_p295.png,8,2048,superpoint+aliked,cascade,superpoint+aliked,structure,cascade-superpoint+aliked-structure,aliked,True,True,142,49,0.3451,1.9877,0.29079,84.3228,2.3568,3.4843,,False,False,True,"[{""extractor"": ""superpoint"", ""elapsed_ms"": 498.09, ""error"": """", ""match_count"": 65, ""inliers"": 10, ""inlier_ratio"": 0.1538, ""rmse"": 1.5458, ""registration_reliable"": false, ""reliability_reasons"": [""inlier_ratio < 0.25""], ""poor_spatial_coverage"": false, ""bad_homography_shape"": false}, {""extractor"": ""aliked"", ""elapsed_ms"": 502.31, ""error"": """", ""match_count"": 142, ""inliers"": 49, ""inlier_ratio"": 0.3451, ""rmse"": 1.9877, ""registration_reliable"": true, ""reliability_reasons"": [], ""poor_spatial_coverage"": false, ""bad_homography_shape"": false}]",2263.38,1174.65,3444.9,,C:\Users\86158\Desktop\codxRoot\workspace\diffusion_lightglue_cascade_study_100\runs\coarse\strategy_cascade-superpoint_aliked-structure_steps_8_keypoints_2048\0060_ROIs1970_fall_16_p295,False
coarse,61,spring,ROIs1158_spring_47_p434,E:\Data\spring\s1_47\ROIs1158_spring_s1_47_p434.png,E:\Data\spring\s2_47\ROIs1158_spring_s2_47_p434.png,8,2048,superpoint+aliked,cascade,superpoint+aliked,structure,cascade-superpoint+aliked-structure,superpoint,True,True,261,82,0.3142,1.9218,0.278651,51.5467,-18.2789,-17.9087,,False,False,False,"[{""extractor"": ""superpoint"", ""elapsed_ms"": 526.55, ""error"": """", ""match_count"": 261, ""inliers"": 82, ""inlier_ratio"": 0.3142, ""rmse"": 1.9218, ""registration_reliable"": true, ""reliability_reasons"": [], ""poor_spatial_coverage"": false, ""bad_homography_shape"": false}, {""extractor"": ""aliked"", ""elapsed_ms"": 487.23, ""error"": """", ""match_count"": 81, ""inliers"": 10, ""inlier_ratio"": 0.1235, ""rmse"": 1.4356, ""registration_reliable"": false, ""reliability_reasons"": [""inlier_ratio < 0.25"", ""bad_homography_shape""], ""poor_spatial_coverage"": false, ""bad_homography_shape"": true}]",2276.31,1192.87,3476.45,,C:\Users\86158\Desktop\codxRoot\workspace\diffusion_lightglue_cascade_study_100\runs\coarse\strategy_cascade-superpoint_aliked-structure_steps_8_keypoints_2048\0061_ROIs1158_spring_47_p434,False
coarse,62,summer,ROIs1868_summer_134_p911,E:\Data\summer\s1_134\ROIs1868_summer_s1_134_p911.png,E:\Data\summer\s2_134\ROIs1868_summer_s2_134_p911.png,8,2048,superpoint+aliked,cascade,superpoint+aliked,structure,cascade-superpoint+aliked-structure,superpoint,True,False,47,7,0.1489,1.1762,0.214642,41.0022,-148.2621,-30.797,inliers < 8;inlier_ratio < 0.25,False,False,False,"[{""extractor"": ""superpoint"", ""elapsed_ms"": 494.75, ""error"": """", ""match_count"": 47, ""inliers"": 7, ""inlier_ratio"": 0.1489, ""rmse"": 1.1762, ""registration_reliable"": false, ""reliability_reasons"": [""inliers < 8"", ""inlier_ratio < 0.25""], ""poor_spatial_coverage"": false, ""bad_homography_shape"": false}, {""extractor"": ""aliked"", ""elapsed_ms"": 470.67, ""error"": """", ""match_count"": 63, ""inliers"": 7, ""inlier_ratio"": 0.1111, ""rmse"": 0.7576, ""registration_reliable"": false, ""reliability_reasons"": [""inliers < 8"", ""inlier_ratio < 0.25"", ""bad_homography_shape""], ""poor_spatial_coverage"": false, ""bad_homography_shape"": true}]",2251.59,1144.89,3403.61,,C:\Users\86158\Desktop\codxRoot\workspace\diffusion_lightglue_cascade_study_100\runs\coarse\strategy_cascade-superpoint_aliked-structure_steps_8_keypoints_2048\0062_ROIs1868_summer_134_p911,False
coarse,63,winter,winter_img_temperate_p1394,E:\Data\winter\s1_171\winter_img_temperate_p1394.png,E:\Data\winter\s2_171\winter_img_temperate_p1394.png,8,2048,superpoint+aliked,cascade,superpoint+aliked,structure,cascade-superpoint+aliked-structure,aliked,True,False,17,5,0.2941,0.4408,0.241438,181.1537,57.9684,38.9448,inliers < 8;bad_homography_shape,False,True,False,"[{""extractor"": ""superpoint"", ""elapsed_ms"": 472.36, ""error"": """", ""match_count"": 4, ""inliers"": 4, ""inlier_ratio"": 1.0, ""rmse"": 0.0, ""registration_reliable"": false, ""reliability_reasons"": [""inliers < 8"", ""bad_homography_shape""], ""poor_spatial_coverage"": false, ""bad_homography_shape"": true}, {""extractor"": ""aliked"", ""elapsed_ms"": 470.96, ""error"": """", ""match_count"": 17, ""inliers"": 5, ""inlier_ratio"": 0.2941, ""rmse"": 0.4408, ""registration_reliable"": false, ""reliability_reasons"": [""inliers < 8"", ""bad_homography_shape""], ""poor_spatial_coverage"": false, ""bad_homography_shape"": true}]",2253.53,1084.66,3345.22,,C:\Users\86158\Desktop\codxRoot\workspace\diffusion_lightglue_cascade_study_100\runs\coarse\strategy_cascade-superpoint_aliked-structure_steps_8_keypoints_2048\0063_winter_img_temperate_p1394,False
coarse,64,fall,ROIs1970_fall_124_p517,E:\Data\fall\s1_124\ROIs1970_fall_s1_124_p517.png,E:\Data\fall\s2_124\ROIs1970_fall_s2_124_p517.png,8,2048,superpoint+aliked,cascade,superpoint+aliked,structure,cascade-superpoint+aliked-structure,superpoint,True,False,55,11,0.2,1.1002,0.244437,40.8111,4.2668,-28.4279,inlier_ratio < 0.25;bad_homography_shape,False,True,False,"[{""extractor"": ""superpoint"", ""elapsed_ms"": 508.3, ""error"": """", ""match_count"": 55, ""inliers"": 11, ""inlier_ratio"": 0.2, ""rmse"": 1.1002, ""registration_reliable"": false, ""reliability_reasons"": [""inlier_ratio < 0.25"", ""bad_homography_shape""], ""poor_spatial_coverage"": false, ""bad_homography_shape"": true}, {""extractor"": ""aliked"", ""elapsed_ms"": 471.2, ""error"": """", ""match_count"": 41, ""inliers"": 5, ""inlier_ratio"": 0.122, ""rmse"": 0.212, ""registration_reliable"": false, ""reliability_reasons"": [""inliers < 8"", ""inlier_ratio < 0.25"", ""bad_homography_shape""], ""poor_spatial_coverage"": false, ""bad_homography_shape"": true}]",2316.26,1158.69,3482.8,,C:\Users\86158\Desktop\codxRoot\workspace\diffusion_lightglue_cascade_study_100\runs\coarse\strategy_cascade-superpoint_aliked-structure_steps_8_keypoints_2048\0064_ROIs1970_fall_124_p517,False
coarse,65,spring,ROIs1158_spring_63_p826,E:\Data\spring\s1_63\ROIs1158_spring_s1_63_p826.png,E:\Data\spring\s2_63\ROIs1158_spring_s2_63_p826.png,8,2048,superpoint+aliked,cascade,superpoint+aliked,structure,cascade-superpoint+aliked-structure,superpoint,True,True,323,194,0.6006,1.84,0.251349,112.72,0.7649,1.009,,False,False,False,"[{""extractor"": ""superpoint"", ""elapsed_ms"": 557.16, ""error"": """", ""match_count"": 323, ""inliers"": 194, ""inlier_ratio"": 0.6006, ""rmse"": 1.84, ""registration_reliable"": true, ""reliability_reasons"": [], ""poor_spatial_coverage"": false, ""bad_homography_shape"": false}, {""extractor"": ""aliked"", ""elapsed_ms"": 487.71, ""error"": """", ""match_count"": 193, ""inliers"": 56, ""inlier_ratio"": 0.2902, ""rmse"": 2.1154, ""registration_reliable"": true, ""reliability_reasons"": [], ""poor_spatial_coverage"": false, ""bad_homography_shape"": false}]",2251.27,1202.22,3460.64,,C:\Users\86158\Desktop\codxRoot\workspace\diffusion_lightglue_cascade_study_100\runs\coarse\strategy_cascade-superpoint_aliked-structure_steps_8_keypoints_2048\0065_ROIs1158_spring_63_p826,False
coarse,66,summer,ROIs1868_summer_88_p558,E:\Data\summer\s1_88\ROIs1868_summer_s1_88_p558.png,E:\Data\summer\s2_88\ROIs1868_summer_s2_88_p558.png,8,2048,superpoint+aliked,cascade,superpoint+aliked,structure,cascade-superpoint+aliked-structure,superpoint,True,False,50,8,0.16,1.2884,0.22629,102.2306,-474.4668,19.4935,inlier_ratio < 0.25;bad_homography_shape,False,True,False,"[{""extractor"": ""superpoint"", ""elapsed_ms"": 512.7, ""error"": """", ""match_count"": 50, ""inliers"": 8, ""inlier_ratio"": 0.16, ""rmse"": 1.2884, ""registration_reliable"": false, ""reliability_reasons"": [""inlier_ratio < 0.25"", ""bad_homography_shape""], ""poor_spatial_coverage"": false, ""bad_homography_shape"": true}, {""extractor"": ""aliked"", ""elapsed_ms"": 470.54, ""error"": """", ""match_count"": 47, ""inliers"": 6, ""inlier_ratio"": 0.1277, ""rmse"": 0.1505, ""registration_reliable"": false, ""reliability_reasons"": [""inliers < 8"", ""inlier_ratio < 0.25"", ""bad_homography_shape""], ""poor_spatial_coverage"": false, ""bad_homography_shape"": true}]",2288.4,1159.53,3454.86,,C:\Users\86158\Desktop\codxRoot\workspace\diffusion_lightglue_cascade_study_100\runs\coarse\strategy_cascade-superpoint_aliked-structure_steps_8_keypoints_2048\0066_ROIs1868_summer_88_p558,False
coarse,67,winter,ROIs2017_winter_85_p162,E:\Data\winter\s1_85\ROIs2017_winter_s1_85_p162.png,E:\Data\winter\s2_85\ROIs2017_winter_s2_85_p162.png,8,2048,superpoint+aliked,cascade,superpoint+aliked,structure,cascade-superpoint+aliked-structure,aliked,True,False,74,6,0.0811,1.0234,0.290524,134.277,135.3448,99.0654,inliers < 8;inlier_ratio < 0.25,False,False,False,"[{""extractor"": ""superpoint"", ""elapsed_ms"": 480.63, ""error"": """", ""match_count"": 65, ""inliers"": 5, ""inlier_ratio"": 0.0769, ""rmse"": 0.1831, ""registration_reliable"": false, ""reliability_reasons"": [""inliers < 8"", ""inlier_ratio < 0.25"", ""bad_homography_shape""], ""poor_spatial_coverage"": false, ""bad_homography_shape"": true}, {""extractor"": ""aliked"", ""elapsed_ms"": 475.56, ""error"": """", ""match_count"": 74, ""inliers"": 6, ""inlier_ratio"": 0.0811, ""rmse"": 1.0234, ""registration_reliable"": false, ""reliability_reasons"": [""inliers < 8"", ""inlier_ratio < 0.25""], ""poor_spatial_coverage"": false, ""bad_homography_shape"": false}]",2298.73,1143.1,3449.54,,C:\Users\86158\Desktop\codxRoot\workspace\diffusion_lightglue_cascade_study_100\runs\coarse\strategy_cascade-superpoint_aliked-structure_steps_8_keypoints_2048\0067_ROIs2017_winter_85_p162,False
coarse,68,fall,ROIs1970_fall_2_p858,E:\Data\fall\s1_2\ROIs1970_fall_s1_2_p858.png,E:\Data\fall\s2_2\ROIs1970_fall_s2_2_p858.png,8,2048,superpoint+aliked,cascade,superpoint+aliked,structure,cascade-superpoint+aliked-structure,superpoint,True,False,110,25,0.2273,1.935,0.270148,100.1189,-59.655,4.8131,inlier_ratio < 0.25,False,False,False,"[{""extractor"": ""superpoint"", ""elapsed_ms"": 512.62, ""error"": """", ""match_count"": 110, ""inliers"": 25, ""inlier_ratio"": 0.2273, ""rmse"": 1.935, ""registration_reliable"": false, ""reliability_reasons"": [""inlier_ratio < 0.25""], ""poor_spatial_coverage"": false, ""bad_homography_shape"": false}, {""extractor"": ""aliked"", ""elapsed_ms"": 476.51, ""error"": """", ""match_count"": 118, ""inliers"": 12, ""inlier_ratio"": 0.1017, ""rmse"": 1.9023, ""registration_reliable"": false, ""reliability_reasons"": [""inlier_ratio < 0.25""], ""poor_spatial_coverage"": false, ""bad_homography_shape"": false}]",2279.01,1171.46,3458.61,,C:\Users\86158\Desktop\codxRoot\workspace\diffusion_lightglue_cascade_study_100\runs\coarse\strategy_cascade-superpoint_aliked-structure_steps_8_keypoints_2048\0068_ROIs1970_fall_2_p858,False
coarse,69,spring,ROIs1158_spring_59_p866,E:\Data\spring\s1_59\ROIs1158_spring_s1_59_p866.png,E:\Data\spring\s2_59\ROIs1158_spring_s2_59_p866.png,8,2048,superpoint+aliked,cascade,superpoint+aliked,structure,cascade-superpoint+aliked-structure,superpoint,True,False,55,12,0.2182,1.7034,0.22059,138.1927,-17.8577,34.4282,inlier_ratio < 0.25,False,False,False,"[{""extractor"": ""superpoint"", ""elapsed_ms"": 485.55, ""error"": """", ""match_count"": 55, ""inliers"": 12, ""inlier_ratio"": 0.2182, ""rmse"": 1.7034, ""registration_reliable"": false, ""reliability_reasons"": [""inlier_ratio < 0.25""], ""poor_spatial_coverage"": false, ""bad_homography_shape"": false}, {""extractor"": ""aliked"", ""elapsed_ms"": 473.54, ""error"": """", ""match_count"": 55, ""inliers"": 8, ""inlier_ratio"": 0.1455, ""rmse"": 1.2831, ""registration_reliable"": false, ""reliability_reasons"": [""inlier_ratio < 0.25""], ""poor_spatial_coverage"": false, ""bad_homography_shape"": false}]",2271.9,1134.09,3413.51,,C:\Users\86158\Desktop\codxRoot\workspace\diffusion_lightglue_cascade_study_100\runs\coarse\strategy_cascade-superpoint_aliked-structure_steps_8_keypoints_2048\0069_ROIs1158_spring_59_p866,False
coarse,70,summer,ROIs1868_summer_20_p122,E:\Data\summer\s1_20\ROIs1868_summer_s1_20_p122.png,E:\Data\summer\s2_20\ROIs1868_summer_s2_20_p122.png,8,2048,superpoint+aliked,cascade,superpoint+aliked,structure,cascade-superpoint+aliked-structure,superpoint,True,False,65,11,0.1692,1.3213,0.256744,57.041,49.9702,54.9368,inlier_ratio < 0.25;bad_homography_shape,False,True,False,"[{""extractor"": ""superpoint"", ""elapsed_ms"": 517.33, ""error"": """", ""match_count"": 65, ""inliers"": 11, ""inlier_ratio"": 0.1692, ""rmse"": 1.3213, ""registration_reliable"": false, ""reliability_reasons"": [""inlier_ratio < 0.25"", ""bad_homography_shape""], ""poor_spatial_coverage"": false, ""bad_homography_shape"": true}, {""extractor"": ""aliked"", ""elapsed_ms"": 471.05, ""error"": """", ""match_count"": 68, ""inliers"": 6, ""inlier_ratio"": 0.0882, ""rmse"": 0.9264, ""registration_reliable"": false, ""reliability_reasons"": [""inliers < 8"", ""inlier_ratio < 0.25""], ""poor_spatial_coverage"": false, ""bad_homography_shape"": false}]",2270.36,1174.55,3452.64,,C:\Users\86158\Desktop\codxRoot\workspace\diffusion_lightglue_cascade_study_100\runs\coarse\strategy_cascade-superpoint_aliked-structure_steps_8_keypoints_2048\0070_ROIs1868_summer_20_p122,False
coarse,71,winter,ROIs2017_winter_90_p620,E:\Data\winter\s1_90\ROIs2017_winter_s1_90_p620.png,E:\Data\winter\s2_90\ROIs2017_winter_s2_90_p620.png,8,2048,superpoint+aliked,cascade,superpoint+aliked,structure,cascade-superpoint+aliked-structure,superpoint,True,False,58,8,0.1379,1.3132,0.222505,43.544,221.7707,212.4166,inlier_ratio < 0.25;bad_homography_shape,False,True,False,"[{""extractor"": ""superpoint"", ""elapsed_ms"": 481.09, ""error"": """", ""match_count"": 58, ""inliers"": 8, ""inlier_ratio"": 0.1379, ""rmse"": 1.3132, ""registration_reliable"": false, ""reliability_reasons"": [""inlier_ratio < 0.25"", ""bad_homography_shape""], ""poor_spatial_coverage"": false, ""bad_homography_shape"": true}, {""extractor"": ""aliked"", ""elapsed_ms"": 478.17, ""error"": """", ""match_count"": 40, ""inliers"": 6, ""inlier_ratio"": 0.15, ""rmse"": 1.3172, ""registration_reliable"": false, ""reliability_reasons"": [""inliers < 8"", ""inlier_ratio < 0.25"", ""bad_homography_shape""], ""poor_spatial_coverage"": false, ""bad_homography_shape"": true}]",2259.48,1146.96,3413.2,,C:\Users\86158\Desktop\codxRoot\workspace\diffusion_lightglue_cascade_study_100\runs\coarse\strategy_cascade-superpoint_aliked-structure_steps_8_keypoints_2048\0071_ROIs2017_winter_90_p620,False
coarse,72,fall,ROIs1970_fall_113_p590,E:\Data\fall\s1_113\ROIs1970_fall_s1_113_p590.png,E:\Data\fall\s2_113\ROIs1970_fall_s2_113_p590.png,8,2048,superpoint+aliked,cascade,superpoint+aliked,structure,cascade-superpoint+aliked-structure,superpoint,True,False,108,10,0.0926,1.6374,0.251456,57.871,25.5148,48.7534,inlier_ratio < 0.25;bad_homography_shape,False,True,False,"[{""extractor"": ""superpoint"", ""elapsed_ms"": 483.84, ""error"": """", ""match_count"": 108, ""inliers"": 10, ""inlier_ratio"": 0.0926, ""rmse"": 1.6374, ""registration_reliable"": false, ""reliability_reasons"": [""inlier_ratio < 0.25"", ""bad_homography_shape""], ""poor_spatial_coverage"": false, ""bad_homography_shape"": true}, {""extractor"": ""aliked"", ""elapsed_ms"": 470.8, ""error"": """", ""match_count"": 67, ""inliers"": 8, ""inlier_ratio"": 0.1194, ""rmse"": 1.2934, ""registration_reliable"": false, ""reliability_reasons"": [""inlier_ratio < 0.25""], ""poor_spatial_coverage"": false, ""bad_homography_shape"": false}]",2268.5,1143.07,3418.76,,C:\Users\86158\Desktop\codxRoot\workspace\diffusion_lightglue_cascade_study_100\runs\coarse\strategy_cascade-superpoint_aliked-structure_steps_8_keypoints_2048\0072_ROIs1970_fall_113_p590,False
coarse,73,spring,ROIs1158_spring_53_p716,E:\Data\spring\s1_53\ROIs1158_spring_s1_53_p716.png,E:\Data\spring\s2_53\ROIs1158_spring_s2_53_p716.png,8,2048,superpoint+aliked,cascade,superpoint+aliked,structure,cascade-superpoint+aliked-structure,superpoint,True,False,44,15,0.3409,1.427,0.21562,76.86,830.7821,844.1829,bad_homography_shape,False,True,False,"[{""extractor"": ""superpoint"", ""elapsed_ms"": 529.91, ""error"": """", ""match_count"": 44, ""inliers"": 15, ""inlier_ratio"": 0.3409, ""rmse"": 1.427, ""registration_reliable"": false, ""reliability_reasons"": [""bad_homography_shape""], ""poor_spatial_coverage"": false, ""bad_homography_shape"": true}, {""extractor"": ""aliked"", ""elapsed_ms"": 478.49, ""error"": """", ""match_count"": 94, ""inliers"": 11, ""inlier_ratio"": 0.117, ""rmse"": 1.0283, ""registration_reliable"": false, ""reliability_reasons"": [""inlier_ratio < 0.25""], ""poor_spatial_coverage"": false, ""bad_homography_shape"": false}]",2261.19,1179.84,3448.42,,C:\Users\86158\Desktop\codxRoot\workspace\diffusion_lightglue_cascade_study_100\runs\coarse\strategy_cascade-superpoint_aliked-structure_steps_8_keypoints_2048\0073_ROIs1158_spring_53_p716,False
coarse,74,summer,ROIs1868_summer_51_p49,E:\Data\summer\s1_51\ROIs1868_summer_s1_51_p49.png,E:\Data\summer\s2_51\ROIs1868_summer_s2_51_p49.png,8,2048,superpoint+aliked,cascade,superpoint+aliked,structure,cascade-superpoint+aliked-structure,superpoint,True,False,84,10,0.119,1.5966,0.21447,53.2442,-115.249,-44.0914,inlier_ratio < 0.25,False,False,False,"[{""extractor"": ""superpoint"", ""elapsed_ms"": 511.93, ""error"": """", ""match_count"": 84, ""inliers"": 10, ""inlier_ratio"": 0.119, ""rmse"": 1.5966, ""registration_reliable"": false, ""reliability_reasons"": [""inlier_ratio < 0.25""], ""poor_spatial_coverage"": false, ""bad_homography_shape"": false}, {""extractor"": ""aliked"", ""elapsed_ms"": 480.61, ""error"": """", ""match_count"": 53, ""inliers"": 8, ""inlier_ratio"": 0.1509, ""rmse"": 0.835, ""registration_reliable"": false, ""reliability_reasons"": [""inlier_ratio < 0.25""], ""poor_spatial_coverage"": false, ""bad_homography_shape"": false}]",2246.46,1175.48,3429.28,,C:\Users\86158\Desktop\codxRoot\workspace\diffusion_lightglue_cascade_study_100\runs\coarse\strategy_cascade-superpoint_aliked-structure_steps_8_keypoints_2048\0074_ROIs1868_summer_51_p49,False
coarse,75,winter,ROIs2017_winter_22_p495,E:\Data\winter\s1_22\ROIs2017_winter_s1_22_p495.png,E:\Data\winter\s2_22\ROIs2017_winter_s2_22_p495.png,8,2048,superpoint+aliked,cascade,superpoint+aliked,structure,cascade-superpoint+aliked-structure,superpoint,True,False,71,6,0.0845,0.837,0.242433,64.7597,79.2783,134.2206,inliers < 8;inlier_ratio < 0.25;bad_homography_shape,False,True,False,"[{""extractor"": ""superpoint"", ""elapsed_ms"": 502.12, ""error"": """", ""match_count"": 71, ""inliers"": 6, ""inlier_ratio"": 0.0845, ""rmse"": 0.837, ""registration_reliable"": false, ""reliability_reasons"": [""inliers < 8"", ""inlier_ratio < 0.25"", ""bad_homography_shape""], ""poor_spatial_coverage"": false, ""bad_homography_shape"": true}, {""extractor"": ""aliked"", ""elapsed_ms"": 472.3, ""error"": """", ""match_count"": 33, ""inliers"": 5, ""inlier_ratio"": 0.1515, ""rmse"": 0.2002, ""registration_reliable"": false, ""reliability_reasons"": [""inliers < 8"", ""inlier_ratio < 0.25"", ""bad_homography_shape""], ""poor_spatial_coverage"": false, ""bad_homography_shape"": true}]",2232.27,1170.86,3410.19,,C:\Users\86158\Desktop\codxRoot\workspace\diffusion_lightglue_cascade_study_100\runs\coarse\strategy_cascade-superpoint_aliked-structure_steps_8_keypoints_2048\0075_ROIs2017_winter_22_p495,False
coarse,76,fall,ROIs1970_fall_144_p522,E:\Data\fall\s1_144\ROIs1970_fall_s1_144_p522.png,E:\Data\fall\s2_144\ROIs1970_fall_s2_144_p522.png,8,2048,superpoint+aliked,cascade,superpoint+aliked,structure,cascade-superpoint+aliked-structure,superpoint,True,False,96,9,0.0938,0.8893,0.229904,117.5679,12.9394,-90.6778,inlier_ratio < 0.25,False,False,False,"[{""extractor"": ""superpoint"", ""elapsed_ms"": 494.78, ""error"": """", ""match_count"": 96, ""inliers"": 9, ""inlier_ratio"": 0.0938, ""rmse"": 0.8893, ""registration_reliable"": false, ""reliability_reasons"": [""inlier_ratio < 0.25""], ""poor_spatial_coverage"": false, ""bad_homography_shape"": false}, {""extractor"": ""aliked"", ""elapsed_ms"": 468.25, ""error"": """", ""match_count"": 58, ""inliers"": 5, ""inlier_ratio"": 0.0862, ""rmse"": 0.3189, ""registration_reliable"": false, ""reliability_reasons"": [""inliers < 8"", ""inlier_ratio < 0.25"", ""bad_homography_shape""], ""poor_spatial_coverage"": false, ""bad_homography_shape"": true}]",2248.5,1137.66,3394.18,,C:\Users\86158\Desktop\codxRoot\workspace\diffusion_lightglue_cascade_study_100\runs\coarse\strategy_cascade-superpoint_aliked-structure_steps_8_keypoints_2048\0076_ROIs1970_fall_144_p522,False
coarse,77,spring,ROIs1158_spring_9_p378,E:\Data\spring\s1_9\ROIs1158_spring_s1_9_p378.png,E:\Data\spring\s2_9\ROIs1158_spring_s2_9_p378.png,8,2048,superpoint+aliked,cascade,superpoint+aliked,structure,cascade-superpoint+aliked-structure,aliked,True,True,560,319,0.5696,1.9128,0.368101,57.9272,0.8235,-0.4662,,False,False,True,"[{""extractor"": ""superpoint"", ""elapsed_ms"": 536.53, ""error"": """", ""match_count"": 520, ""inliers"": 287, ""inlier_ratio"": 0.5519, ""rmse"": 1.9584, ""registration_reliable"": true, ""reliability_reasons"": [], ""poor_spatial_coverage"": false, ""bad_homography_shape"": false}, {""extractor"": ""aliked"", ""elapsed_ms"": 509.26, ""error"": """", ""match_count"": 560, ""inliers"": 319, ""inlier_ratio"": 0.5696, ""rmse"": 1.9128, ""registration_reliable"": true, ""reliability_reasons"": [], ""poor_spatial_coverage"": false, ""bad_homography_shape"": false}]",2271.86,1236.31,3515.44,,C:\Users\86158\Desktop\codxRoot\workspace\diffusion_lightglue_cascade_study_100\runs\coarse\strategy_cascade-superpoint_aliked-structure_steps_8_keypoints_2048\0077_ROIs1158_spring_9_p378,False
coarse,78,summer,ROIs1868_summer_142_p396,E:\Data\summer\s1_142\ROIs1868_summer_s1_142_p396.png,E:\Data\summer\s2_142\ROIs1868_summer_s2_142_p396.png,8,2048,superpoint+aliked,cascade,superpoint+aliked,structure,cascade-superpoint+aliked-structure,superpoint,True,False,119,9,0.0756,1.3714,0.230823,52.7699,12.277,-4.7245,inlier_ratio < 0.25,False,False,False,"[{""extractor"": ""superpoint"", ""elapsed_ms"": 505.32, ""error"": """", ""match_count"": 119, ""inliers"": 9, ""inlier_ratio"": 0.0756, ""rmse"": 1.3714, ""registration_reliable"": false, ""reliability_reasons"": [""inlier_ratio < 0.25""], ""poor_spatial_coverage"": false, ""bad_homography_shape"": false}, {""extractor"": ""aliked"", ""elapsed_ms"": 479.11, ""error"": """", ""match_count"": 55, ""inliers"": 6, ""inlier_ratio"": 0.1091, ""rmse"": 0.9965, ""registration_reliable"": false, ""reliability_reasons"": [""inliers < 8"", ""inlier_ratio < 0.25"", ""poor_spatial_coverage""], ""poor_spatial_coverage"": true, ""bad_homography_shape"": false}]",2276.24,1162.52,3446.28,,C:\Users\86158\Desktop\codxRoot\workspace\diffusion_lightglue_cascade_study_100\runs\coarse\strategy_cascade-superpoint_aliked-structure_steps_8_keypoints_2048\0078_ROIs1868_summer_142_p396,False
coarse,79,winter,ROIs2017_winter_130_p28,E:\Data\winter\s1_130\ROIs2017_winter_s1_130_p28.png,E:\Data\winter\s2_130\ROIs2017_winter_s2_130_p28.png,8,2048,superpoint+aliked,cascade,superpoint+aliked,structure,cascade-superpoint+aliked-structure,superpoint,True,False,110,11,0.1,1.3052,0.212888,105.5537,-606.3615,-351.1186,inlier_ratio < 0.25;bad_homography_shape,False,True,False,"[{""extractor"": ""superpoint"", ""elapsed_ms"": 486.05, ""error"": """", ""match_count"": 110, ""inliers"": 11, ""inlier_ratio"": 0.1, ""rmse"": 1.3052, ""registration_reliable"": false, ""reliability_reasons"": [""inlier_ratio < 0.25"", ""bad_homography_shape""], ""poor_spatial_coverage"": false, ""bad_homography_shape"": true}, {""extractor"": ""aliked"", ""elapsed_ms"": 481.36, ""error"": """", ""match_count"": 82, ""inliers"": 8, ""inlier_ratio"": 0.0976, ""rmse"": 1.066, ""registration_reliable"": false, ""reliability_reasons"": [""inlier_ratio < 0.25""], ""poor_spatial_coverage"": false, ""bad_homography_shape"": false}]",2249.87,1146.78,3403.45,,C:\Users\86158\Desktop\codxRoot\workspace\diffusion_lightglue_cascade_study_100\runs\coarse\strategy_cascade-superpoint_aliked-structure_steps_8_keypoints_2048\0079_ROIs2017_winter_130_p28,False
coarse,80,fall,ROIs1970_fall_73_p974,E:\Data\fall\s1_73\ROIs1970_fall_s1_73_p974.png,E:\Data\fall\s2_73\ROIs1970_fall_s2_73_p974.png,8,2048,superpoint+aliked,cascade,superpoint+aliked,structure,cascade-superpoint+aliked-structure,superpoint,True,False,60,11,0.1833,1.7958,0.196761,66.0684,9.1766,43.0787,inlier_ratio < 0.25,False,False,False,"[{""extractor"": ""superpoint"", ""elapsed_ms"": 504.52, ""error"": """", ""match_count"": 60, ""inliers"": 11, ""inlier_ratio"": 0.1833, ""rmse"": 1.7958, ""registration_reliable"": false, ""reliability_reasons"": [""inlier_ratio < 0.25""], ""poor_spatial_coverage"": false, ""bad_homography_shape"": false}, {""extractor"": ""aliked"", ""elapsed_ms"": 483.99, ""error"": """", ""match_count"": 34, ""inliers"": 7, ""inlier_ratio"": 0.2059, ""rmse"": 0.6415, ""registration_reliable"": false, ""reliability_reasons"": [""inliers < 8"", ""inlier_ratio < 0.25"", ""bad_homography_shape""], ""poor_spatial_coverage"": false, ""bad_homography_shape"": true}]",2254.45,1152.66,3414.46,,C:\Users\86158\Desktop\codxRoot\workspace\diffusion_lightglue_cascade_study_100\runs\coarse\strategy_cascade-superpoint_aliked-structure_steps_8_keypoints_2048\0080_ROIs1970_fall_73_p974,False
coarse,81,spring,ROIs1158_spring_2_p374,E:\Data\spring\s1_2\ROIs1158_spring_s1_2_p374.png,E:\Data\spring\s2_2\ROIs1158_spring_s2_2_p374.png,8,2048,superpoint+aliked,cascade,superpoint+aliked,structure,cascade-superpoint+aliked-structure,aliked,True,True,608,405,0.6661,1.7133,0.456029,100.9494,-0.8081,2.8911,,False,False,True,"[{""extractor"": ""superpoint"", ""elapsed_ms"": 540.78, ""error"": """", ""match_count"": 428, ""inliers"": 252, ""inlier_ratio"": 0.5888, ""rmse"": 1.8208, ""registration_reliable"": true, ""reliability_reasons"": [], ""poor_spatial_coverage"": false, ""bad_homography_shape"": false}, {""extractor"": ""aliked"", ""elapsed_ms"": 507.14, ""error"": """", ""match_count"": 608, ""inliers"": 405, ""inlier_ratio"": 0.6661, ""rmse"": 1.7133, ""registration_reliable"": true, ""reliability_reasons"": [], ""poor_spatial_coverage"": false, ""bad_homography_shape"": false}]",2250.78,1238.32,3495.9,,C:\Users\86158\Desktop\codxRoot\workspace\diffusion_lightglue_cascade_study_100\runs\coarse\strategy_cascade-superpoint_aliked-structure_steps_8_keypoints_2048\0081_ROIs1158_spring_2_p374,False
coarse,82,summer,ROIs1868_summer_49_p529,E:\Data\summer\s1_49\ROIs1868_summer_s1_49_p529.png,E:\Data\summer\s2_49\ROIs1868_summer_s2_49_p529.png,8,2048,superpoint+aliked,cascade,superpoint+aliked,structure,cascade-superpoint+aliked-structure,aliked,True,False,69,10,0.1449,1.5372,0.233568,50.8859,148.0036,105.9961,inlier_ratio < 0.25;bad_homography_shape,False,True,False,"[{""extractor"": ""superpoint"", ""elapsed_ms"": 502.89, ""error"": """", ""match_count"": 56, ""inliers"": 9, ""inlier_ratio"": 0.1607, ""rmse"": 1.4106, ""registration_reliable"": false, ""reliability_reasons"": [""inlier_ratio < 0.25""], ""poor_spatial_coverage"": false, ""bad_homography_shape"": false}, {""extractor"": ""aliked"", ""elapsed_ms"": 483.08, ""error"": """", ""match_count"": 69, ""inliers"": 10, ""inlier_ratio"": 0.1449, ""rmse"": 1.5372, ""registration_reliable"": false, ""reliability_reasons"": [""inlier_ratio < 0.25"", ""bad_homography_shape""], ""poor_spatial_coverage"": false, ""bad_homography_shape"": true}]",2249.7,1167.3,3423.78,,C:\Users\86158\Desktop\codxRoot\workspace\diffusion_lightglue_cascade_study_100\runs\coarse\strategy_cascade-superpoint_aliked-structure_steps_8_keypoints_2048\0082_ROIs1868_summer_49_p529,False
coarse,83,winter,ROIs2017_winter_117_p334,E:\Data\winter\s1_117\ROIs2017_winter_s1_117_p334.png,E:\Data\winter\s2_117\ROIs2017_winter_s2_117_p334.png,8,2048,superpoint+aliked,cascade,superpoint+aliked,structure,cascade-superpoint+aliked-structure,superpoint,True,True,383,253,0.6606,1.7625,0.291942,81.2973,-0.3377,0.1524,,False,False,False,"[{""extractor"": ""superpoint"", ""elapsed_ms"": 558.72, ""error"": """", ""match_count"": 383, ""inliers"": 253, ""inlier_ratio"": 0.6606, ""rmse"": 1.7625, ""registration_reliable"": true, ""reliability_reasons"": [], ""poor_spatial_coverage"": false, ""bad_homography_shape"": false}, {""extractor"": ""aliked"", ""elapsed_ms"": 499.41, ""error"": """", ""match_count"": 189, ""inliers"": 62, ""inlier_ratio"": 0.328, ""rmse"": 1.763, ""registration_reliable"": true, ""reliability_reasons"": [], ""poor_spatial_coverage"": false, ""bad_homography_shape"": false}]",2295.47,1241.32,3545.13,,C:\Users\86158\Desktop\codxRoot\workspace\diffusion_lightglue_cascade_study_100\runs\coarse\strategy_cascade-superpoint_aliked-structure_steps_8_keypoints_2048\0083_ROIs2017_winter_117_p334,False
coarse,84,fall,ROIs1970_fall_72_p415,E:\Data\fall\s1_72\ROIs1970_fall_s1_72_p415.png,E:\Data\fall\s2_72\ROIs1970_fall_s2_72_p415.png,8,2048,superpoint+aliked,cascade,superpoint+aliked,structure,cascade-superpoint+aliked-structure,superpoint,True,False,32,6,0.1875,0.6489,0.18705,73.7133,30.1942,6.601,inliers < 8;inlier_ratio < 0.25;bad_homography_shape,False,True,False,"[{""extractor"": ""superpoint"", ""elapsed_ms"": 508.84, ""error"": """", ""match_count"": 32, ""inliers"": 6, ""inlier_ratio"": 0.1875, ""rmse"": 0.6489, ""registration_reliable"": false, ""reliability_reasons"": [""inliers < 8"", ""inlier_ratio < 0.25"", ""bad_homography_shape""], ""poor_spatial_coverage"": false, ""bad_homography_shape"": true}, {""extractor"": ""aliked"", ""elapsed_ms"": 474.5, ""error"": """", ""match_count"": 76, ""inliers"": 6, ""inlier_ratio"": 0.0789, ""rmse"": 1.0148, ""registration_reliable"": false, ""reliability_reasons"": [""inliers < 8"", ""inlier_ratio < 0.25"", ""bad_homography_shape""], ""poor_spatial_coverage"": false, ""bad_homography_shape"": true}]",2289.19,1152.62,3449.23,,C:\Users\86158\Desktop\codxRoot\workspace\diffusion_lightglue_cascade_study_100\runs\coarse\strategy_cascade-superpoint_aliked-structure_steps_8_keypoints_2048\0084_ROIs1970_fall_72_p415,False
coarse,85,spring,ROIs1158_spring_53_p1286,E:\Data\spring\s1_53\ROIs1158_spring_s1_53_p1286.png,E:\Data\spring\s2_53\ROIs1158_spring_s2_53_p1286.png,8,2048,superpoint+aliked,cascade,superpoint+aliked,structure,cascade-superpoint+aliked-structure,superpoint,True,True,117,51,0.4359,1.9678,0.236542,56.2582,-9.4725,0.843,,False,False,False,"[{""extractor"": ""superpoint"", ""elapsed_ms"": 522.9, ""error"": """", ""match_count"": 117, ""inliers"": 51, ""inlier_ratio"": 0.4359, ""rmse"": 1.9678, ""registration_reliable"": true, ""reliability_reasons"": [], ""poor_spatial_coverage"": false, ""bad_homography_shape"": false}, {""extractor"": ""aliked"", ""elapsed_ms"": 467.26, ""error"": """", ""match_count"": 27, ""inliers"": 6, ""inlier_ratio"": 0.2222, ""rmse"": 0.7083, ""registration_reliable"": false, ""reliability_reasons"": [""inliers < 8"", ""inlier_ratio < 0.25"", ""bad_homography_shape""], ""poor_spatial_coverage"": false, ""bad_homography_shape"": true}]",2243.91,1164.43,3415.85,,C:\Users\86158\Desktop\codxRoot\workspace\diffusion_lightglue_cascade_study_100\runs\coarse\strategy_cascade-superpoint_aliked-structure_steps_8_keypoints_2048\0085_ROIs1158_spring_53_p1286,False
coarse,86,summer,ROIs1868_summer_148_p252,E:\Data\summer\s1_148\ROIs1868_summer_s1_148_p252.png,E:\Data\summer\s2_148\ROIs1868_summer_s2_148_p252.png,8,2048,superpoint+aliked,cascade,superpoint+aliked,structure,cascade-superpoint+aliked-structure,superpoint,True,True,636,499,0.7846,1.7704,0.327728,62.925,-1.3236,-0.5111,,False,False,False,"[{""extractor"": ""superpoint"", ""elapsed_ms"": 532.93, ""error"": """", ""match_count"": 636, ""inliers"": 499, ""inlier_ratio"": 0.7846, ""rmse"": 1.7704, ""registration_reliable"": true, ""reliability_reasons"": [], ""poor_spatial_coverage"": false, ""bad_homography_shape"": false}, {""extractor"": ""aliked"", ""elapsed_ms"": 492.65, ""error"": """", ""match_count"": 254, ""inliers"": 120, ""inlier_ratio"": 0.4724, ""rmse"": 2.011, ""registration_reliable"": true, ""reliability_reasons"": [], ""poor_spatial_coverage"": false, ""bad_homography_shape"": false}]",2294.01,1205.54,3506.9,,C:\Users\86158\Desktop\codxRoot\workspace\diffusion_lightglue_cascade_study_100\runs\coarse\strategy_cascade-superpoint_aliked-structure_steps_8_keypoints_2048\0086_ROIs1868_summer_148_p252,False
coarse,87,winter,ROIs2017_winter_58_p665,E:\Data\winter\s1_58\ROIs2017_winter_s1_58_p665.png,E:\Data\winter\s2_58\ROIs2017_winter_s2_58_p665.png,8,2048,superpoint+aliked,cascade,superpoint+aliked,structure,cascade-superpoint+aliked-structure,superpoint,True,False,91,8,0.0879,1.3131,0.252685,41.7962,-133.1661,-82.8239,inlier_ratio < 0.25,False,False,False,"[{""extractor"": ""superpoint"", ""elapsed_ms"": 494.61, ""error"": """", ""match_count"": 91, ""inliers"": 8, ""inlier_ratio"": 0.0879, ""rmse"": 1.3131, ""registration_reliable"": false, ""reliability_reasons"": [""inlier_ratio < 0.25""], ""poor_spatial_coverage"": false, ""bad_homography_shape"": false}, {""extractor"": ""aliked"", ""elapsed_ms"": 473.9, ""error"": """", ""match_count"": 27, ""inliers"": 5, ""inlier_ratio"": 0.1852, ""rmse"": 0.0891, ""registration_reliable"": false, ""reliability_reasons"": [""inliers < 8"", ""inlier_ratio < 0.25"", ""bad_homography_shape""], ""poor_spatial_coverage"": false, ""bad_homography_shape"": true}]",2259.88,1155.69,3422.77,,C:\Users\86158\Desktop\codxRoot\workspace\diffusion_lightglue_cascade_study_100\runs\coarse\strategy_cascade-superpoint_aliked-structure_steps_8_keypoints_2048\0087_ROIs2017_winter_58_p665,False
coarse,88,fall,ROIs1970_fall_36_p894,E:\Data\fall\s1_36\ROIs1970_fall_s1_36_p894.png,E:\Data\fall\s2_36\ROIs1970_fall_s2_36_p894.png,8,2048,superpoint+aliked,cascade,superpoint+aliked,structure,cascade-superpoint+aliked-structure,superpoint,True,True,115,69,0.6,1.765,0.220092,120.1271,21.649,22.8045,,False,False,False,"[{""extractor"": ""superpoint"", ""elapsed_ms"": 550.98, ""error"": """", ""match_count"": 115, ""inliers"": 69, ""inlier_ratio"": 0.6, ""rmse"": 1.765, ""registration_reliable"": true, ""reliability_reasons"": [], ""poor_spatial_coverage"": false, ""bad_homography_shape"": false}, {""extractor"": ""aliked"", ""elapsed_ms"": 529.05, ""error"": """", ""match_count"": 174, ""inliers"": 50, ""inlier_ratio"": 0.2874, ""rmse"": 1.935, ""registration_reliable"": true, ""reliability_reasons"": [], ""poor_spatial_coverage"": false, ""bad_homography_shape"": false}]",2278.92,1271.1,3557.19,,C:\Users\86158\Desktop\codxRoot\workspace\diffusion_lightglue_cascade_study_100\runs\coarse\strategy_cascade-superpoint_aliked-structure_steps_8_keypoints_2048\0088_ROIs1970_fall_36_p894,False
coarse,89,spring,ROIs1158_spring_50_p768,E:\Data\spring\s1_50\ROIs1158_spring_s1_50_p768.png,E:\Data\spring\s2_50\ROIs1158_spring_s2_50_p768.png,8,2048,superpoint+aliked,cascade,superpoint+aliked,structure,cascade-superpoint+aliked-structure,aliked,True,False,118,28,0.2373,1.8118,0.312314,62.9847,28.4456,-11.8401,inlier_ratio < 0.25,False,False,False,"[{""extractor"": ""superpoint"", ""elapsed_ms"": 425.99, ""error"": """", ""match_count"": 80, ""inliers"": 6, ""inlier_ratio"": 0.075, ""rmse"": 0.7179, ""registration_reliable"": false, ""reliability_reasons"": [""inliers < 8"", ""inlier_ratio < 0.25"", ""bad_homography_shape""], ""poor_spatial_coverage"": false, ""bad_homography_shape"": true}, {""extractor"": ""aliked"", ""elapsed_ms"": 415.69, ""error"": """", ""match_count"": 118, ""inliers"": 28, ""inlier_ratio"": 0.2373, ""rmse"": 1.8118, ""registration_reliable"": false, ""reliability_reasons"": [""inlier_ratio < 0.25""], ""poor_spatial_coverage"": false, ""bad_homography_shape"": false}]",1851.23,964.5,2821.51,,C:\Users\86158\Desktop\codxRoot\workspace\diffusion_lightglue_cascade_study_100\runs\coarse\strategy_cascade-superpoint_aliked-structure_steps_8_keypoints_2048\0089_ROIs1158_spring_50_p768,False
coarse,90,summer,ROIs1868_summer_119_p601,E:\Data\summer\s1_119\ROIs1868_summer_s1_119_p601.png,E:\Data\summer\s2_119\ROIs1868_summer_s2_119_p601.png,8,2048,superpoint+aliked,cascade,superpoint+aliked,structure,cascade-superpoint+aliked-structure,superpoint,True,False,127,13,0.1024,1.2869,0.229073,44.8968,15.2814,-43.5048,inlier_ratio < 0.25,False,False,False,"[{""extractor"": ""superpoint"", ""elapsed_ms"": 422.78, ""error"": """", ""match_count"": 127, ""inliers"": 13, ""inlier_ratio"": 0.1024, ""rmse"": 1.2869, ""registration_reliable"": false, ""reliability_reasons"": [""inlier_ratio < 0.25""], ""poor_spatial_coverage"": false, ""bad_homography_shape"": false}, {""extractor"": ""aliked"", ""elapsed_ms"": 397.15, ""error"": """", ""match_count"": 56, ""inliers"": 7, ""inlier_ratio"": 0.125, ""rmse"": 1.3699, ""registration_reliable"": false, ""reliability_reasons"": [""inliers < 8"", ""inlier_ratio < 0.25"", ""bad_homography_shape""], ""poor_spatial_coverage"": false, ""bad_homography_shape"": true}]",1712.86,944.21,2662.75,,C:\Users\86158\Desktop\codxRoot\workspace\diffusion_lightglue_cascade_study_100\runs\coarse\strategy_cascade-superpoint_aliked-structure_steps_8_keypoints_2048\0090_ROIs1868_summer_119_p601,False
coarse,91,winter,ROIs2017_winter_8_p923,E:\Data\winter\s1_8\ROIs2017_winter_s1_8_p923.png,E:\Data\winter\s2_8\ROIs2017_winter_s2_8_p923.png,8,2048,superpoint+aliked,cascade,superpoint+aliked,structure,cascade-superpoint+aliked-structure,superpoint,True,True,267,148,0.5543,1.8723,0.22778,75.509,-0.5471,-0.008,,False,False,False,"[{""extractor"": ""superpoint"", ""elapsed_ms"": 467.06, ""error"": """", ""match_count"": 267, ""inliers"": 148, ""inlier_ratio"": 0.5543, ""rmse"": 1.8723, ""registration_reliable"": true, ""reliability_reasons"": [], ""poor_spatial_coverage"": false, ""bad_homography_shape"": false}, {""extractor"": ""aliked"", ""elapsed_ms"": 503.42, ""error"": """", ""match_count"": 150, ""inliers"": 34, ""inlier_ratio"": 0.2267, ""rmse"": 1.9956, ""registration_reliable"": false, ""reliability_reasons"": [""inlier_ratio < 0.25""], ""poor_spatial_coverage"": false, ""bad_homography_shape"": false}]",1733.48,1100.5,2839.88,,C:\Users\86158\Desktop\codxRoot\workspace\diffusion_lightglue_cascade_study_100\runs\coarse\strategy_cascade-superpoint_aliked-structure_steps_8_keypoints_2048\0091_ROIs2017_winter_8_p923,False
coarse,92,fall,ROIs1970_fall_51_p961,E:\Data\fall\s1_51\ROIs1970_fall_s1_51_p961.png,E:\Data\fall\s2_51\ROIs1970_fall_s2_51_p961.png,8,2048,superpoint+aliked,cascade,superpoint+aliked,structure,cascade-superpoint+aliked-structure,superpoint,True,False,79,11,0.1392,1.6294,0.214682,52.4204,399.7812,259.716,inlier_ratio < 0.25;bad_homography_shape,False,True,False,"[{""extractor"": ""superpoint"", ""elapsed_ms"": 410.88, ""error"": """", ""match_count"": 79, ""inliers"": 11, ""inlier_ratio"": 0.1392, ""rmse"": 1.6294, ""registration_reliable"": false, ""reliability_reasons"": [""inlier_ratio < 0.25"", ""bad_homography_shape""], ""poor_spatial_coverage"": false, ""bad_homography_shape"": true}, {""extractor"": ""aliked"", ""elapsed_ms"": 415.28, ""error"": """", ""match_count"": 60, ""inliers"": 7, ""inlier_ratio"": 0.1167, ""rmse"": 0.7329, ""registration_reliable"": false, ""reliability_reasons"": [""inliers < 8"", ""inlier_ratio < 0.25"", ""bad_homography_shape""], ""poor_spatial_coverage"": false, ""bad_homography_shape"": true}]",1715.88,959.16,2682.15,,C:\Users\86158\Desktop\codxRoot\workspace\diffusion_lightglue_cascade_study_100\runs\coarse\strategy_cascade-superpoint_aliked-structure_steps_8_keypoints_2048\0092_ROIs1970_fall_51_p961,False
coarse,93,spring,ROIs1158_spring_109_p195,E:\Data\spring\s1_109\ROIs1158_spring_s1_109_p195.png,E:\Data\spring\s2_109\ROIs1158_spring_s2_109_p195.png,8,2048,superpoint+aliked,cascade,superpoint+aliked,structure,cascade-superpoint+aliked-structure,superpoint,True,True,81,26,0.321,1.7481,0.31557,89.9311,-41.0419,-58.3624,,False,False,False,"[{""extractor"": ""superpoint"", ""elapsed_ms"": 422.76, ""error"": """", ""match_count"": 81, ""inliers"": 26, ""inlier_ratio"": 0.321, ""rmse"": 1.7481, ""registration_reliable"": true, ""reliability_reasons"": [], ""poor_spatial_coverage"": false, ""bad_homography_shape"": false}, {""extractor"": ""aliked"", ""elapsed_ms"": 401.52, ""error"": """", ""match_count"": 44, ""inliers"": 5, ""inlier_ratio"": 0.1136, ""rmse"": 0.4942, ""registration_reliable"": false, ""reliability_reasons"": [""inliers < 8"", ""inlier_ratio < 0.25"", ""bad_homography_shape""], ""poor_spatial_coverage"": false, ""bad_homography_shape"": true}]",1680.46,947.27,2633.81,,C:\Users\86158\Desktop\codxRoot\workspace\diffusion_lightglue_cascade_study_100\runs\coarse\strategy_cascade-superpoint_aliked-structure_steps_8_keypoints_2048\0093_ROIs1158_spring_109_p195,False
coarse,94,summer,ROIs1868_summer_10_p835,E:\Data\summer\s1_10\ROIs1868_summer_s1_10_p835.png,E:\Data\summer\s2_10\ROIs1868_summer_s2_10_p835.png,8,2048,superpoint+aliked,cascade,superpoint+aliked,structure,cascade-superpoint+aliked-structure,aliked,True,False,19,6,0.3158,1.457,0.293055,61.1674,73.6825,36.4114,inliers < 8;bad_homography_shape,False,True,False,"[{""extractor"": ""superpoint"", ""elapsed_ms"": 405.06, ""error"": """", ""match_count"": 6, ""inliers"": 4, ""inlier_ratio"": 0.6667, ""rmse"": 0.0, ""registration_reliable"": false, ""reliability_reasons"": [""inliers < 8"", ""bad_homography_shape""], ""poor_spatial_coverage"": false, ""bad_homography_shape"": true}, {""extractor"": ""aliked"", ""elapsed_ms"": 359.36, ""error"": """", ""match_count"": 19, ""inliers"": 6, ""inlier_ratio"": 0.3158, ""rmse"": 1.457, ""registration_reliable"": false, ""reliability_reasons"": [""inliers < 8"", ""bad_homography_shape""], ""poor_spatial_coverage"": false, ""bad_homography_shape"": true}]",1698.04,875.41,2579.83,,C:\Users\86158\Desktop\codxRoot\workspace\diffusion_lightglue_cascade_study_100\runs\coarse\strategy_cascade-superpoint_aliked-structure_steps_8_keypoints_2048\0094_ROIs1868_summer_10_p835,False
coarse,95,winter,ROIs2017_winter_112_p628,E:\Data\winter\s1_112\ROIs2017_winter_s1_112_p628.png,E:\Data\winter\s2_112\ROIs2017_winter_s2_112_p628.png,8,2048,superpoint+aliked,cascade,superpoint+aliked,structure,cascade-superpoint+aliked-structure,superpoint,True,False,32,7,0.2188,1.3265,0.166712,31.0554,161.4259,279.4762,inliers < 8;inlier_ratio < 0.25;bad_homography_shape,False,True,False,"[{""extractor"": ""superpoint"", ""elapsed_ms"": 530.1, ""error"": """", ""match_count"": 32, ""inliers"": 7, ""inlier_ratio"": 0.2188, ""rmse"": 1.3265, ""registration_reliable"": false, ""reliability_reasons"": [""inliers < 8"", ""inlier_ratio < 0.25"", ""bad_homography_shape""], ""poor_spatial_coverage"": false, ""bad_homography_shape"": true}, {""extractor"": ""aliked"", ""elapsed_ms"": 484.85, ""error"": """", ""match_count"": 65, ""inliers"": 6, ""inlier_ratio"": 0.0923, ""rmse"": 0.6371, ""registration_reliable"": false, ""reliability_reasons"": [""inliers < 8"", ""inlier_ratio < 0.25"", ""bad_homography_shape""], ""poor_spatial_coverage"": false, ""bad_homography_shape"": true}]",1772.07,1206.36,2984.83,,C:\Users\86158\Desktop\codxRoot\workspace\diffusion_lightglue_cascade_study_100\runs\coarse\strategy_cascade-superpoint_aliked-structure_steps_8_keypoints_2048\0095_ROIs2017_winter_112_p628,False
coarse,96,fall,ROIs1970_fall_102_p788,E:\Data\fall\s1_102\ROIs1970_fall_s1_102_p788.png,E:\Data\fall\s2_102\ROIs1970_fall_s2_102_p788.png,8,2048,superpoint+aliked,cascade,superpoint+aliked,structure,cascade-superpoint+aliked-structure,aliked,True,False,47,9,0.1915,1.43,0.338722,53.1703,5.63,55.2097,inlier_ratio < 0.25,False,False,False,"[{""extractor"": ""superpoint"", ""elapsed_ms"": 519.37, ""error"": """", ""match_count"": 73, ""inliers"": 8, ""inlier_ratio"": 0.1096, ""rmse"": 1.5934, ""registration_reliable"": false, ""reliability_reasons"": [""inlier_ratio < 0.25""], ""poor_spatial_coverage"": false, ""bad_homography_shape"": false}, {""extractor"": ""aliked"", ""elapsed_ms"": 513.12, ""error"": """", ""match_count"": 47, ""inliers"": 9, ""inlier_ratio"": 0.1915, ""rmse"": 1.43, ""registration_reliable"": false, ""reliability_reasons"": [""inlier_ratio < 0.25""], ""poor_spatial_coverage"": false, ""bad_homography_shape"": false}]",2353.25,1211.78,3573.56,,C:\Users\86158\Desktop\codxRoot\workspace\diffusion_lightglue_cascade_study_100\runs\coarse\strategy_cascade-superpoint_aliked-structure_steps_8_keypoints_2048\0096_ROIs1970_fall_102_p788,False
coarse,97,spring,ROIs1158_spring_14_p936,E:\Data\spring\s1_14\ROIs1158_spring_s1_14_p936.png,E:\Data\spring\s2_14\ROIs1158_spring_s2_14_p936.png,8,2048,superpoint+aliked,cascade,superpoint+aliked,structure,cascade-superpoint+aliked-structure,superpoint,True,False,65,26,0.4,1.9,0.203369,119.4825,41.5111,58.7635,poor_spatial_coverage,True,False,False,"[{""extractor"": ""superpoint"", ""elapsed_ms"": 548.52, ""error"": """", ""match_count"": 65, ""inliers"": 26, ""inlier_ratio"": 0.4, ""rmse"": 1.9, ""registration_reliable"": false, ""reliability_reasons"": [""poor_spatial_coverage""], ""poor_spatial_coverage"": true, ""bad_homography_shape"": false}, {""extractor"": ""aliked"", ""elapsed_ms"": 499.81, ""error"": """", ""match_count"": 83, ""inliers"": 9, ""inlier_ratio"": 0.1084, ""rmse"": 0.9059, ""registration_reliable"": false, ""reliability_reasons"": [""inlier_ratio < 0.25""], ""poor_spatial_coverage"": false, ""bad_homography_shape"": false}]",2370.05,1214.49,3592.85,,C:\Users\86158\Desktop\codxRoot\workspace\diffusion_lightglue_cascade_study_100\runs\coarse\strategy_cascade-superpoint_aliked-structure_steps_8_keypoints_2048\0097_ROIs1158_spring_14_p936,False
coarse,98,summer,ROIs1868_summer_39_p789,E:\Data\summer\s1_39\ROIs1868_summer_s1_39_p789.png,E:\Data\summer\s2_39\ROIs1868_summer_s2_39_p789.png,8,2048,superpoint+aliked,cascade,superpoint+aliked,structure,cascade-superpoint+aliked-structure,superpoint,True,False,100,17,0.17,1.4971,0.203376,83.8315,0.8671,7.4691,inlier_ratio < 0.25,False,False,False,"[{""extractor"": ""superpoint"", ""elapsed_ms"": 535.52, ""error"": """", ""match_count"": 100, ""inliers"": 17, ""inlier_ratio"": 0.17, ""rmse"": 1.4971, ""registration_reliable"": false, ""reliability_reasons"": [""inlier_ratio < 0.25""], ""poor_spatial_coverage"": false, ""bad_homography_shape"": false}, {""extractor"": ""aliked"", ""elapsed_ms"": 493.2, ""error"": """", ""match_count"": 87, ""inliers"": 8, ""inlier_ratio"": 0.092, ""rmse"": 1.2236, ""registration_reliable"": false, ""reliability_reasons"": [""inlier_ratio < 0.25""], ""poor_spatial_coverage"": false, ""bad_homography_shape"": false}]",2365.25,1219.15,3591.68,,C:\Users\86158\Desktop\codxRoot\workspace\diffusion_lightglue_cascade_study_100\runs\coarse\strategy_cascade-superpoint_aliked-structure_steps_8_keypoints_2048\0098_ROIs1868_summer_39_p789,False
coarse,99,winter,ROIs2017_winter_102_p925,E:\Data\winter\s1_102\ROIs2017_winter_s1_102_p925.png,E:\Data\winter\s2_102\ROIs2017_winter_s2_102_p925.png,8,2048,superpoint+aliked,cascade,superpoint+aliked,structure,cascade-superpoint+aliked-structure,superpoint,True,True,105,37,0.3524,1.8848,0.285762,54.3088,44.9899,1.3661,,False,False,False,"[{""extractor"": ""superpoint"", ""elapsed_ms"": 548.21, ""error"": """", ""match_count"": 105, ""inliers"": 37, ""inlier_ratio"": 0.3524, ""rmse"": 1.8848, ""registration_reliable"": true, ""reliability_reasons"": [], ""poor_spatial_coverage"": false, ""bad_homography_shape"": false}, {""extractor"": ""aliked"", ""elapsed_ms"": 495.03, ""error"": """", ""match_count"": 74, ""inliers"": 12, ""inlier_ratio"": 0.1622, ""rmse"": 1.516, ""registration_reliable"": false, ""reliability_reasons"": [""inlier_ratio < 0.25""], ""poor_spatial_coverage"": false, ""bad_homography_shape"": false}]",2361.42,1199.21,3568.43,,C:\Users\86158\Desktop\codxRoot\workspace\diffusion_lightglue_cascade_study_100\runs\coarse\strategy_cascade-superpoint_aliked-structure_steps_8_keypoints_2048\0099_ROIs2017_winter_102_p925,False
