season,stem,sar_path,opt_path,quality_pass,reject_reasons,opt_edge_mean,opt_gray_std,opt_water_ratio,sar_edge_mean,sar_gray_std,sar_resolved_path,opt_resolved_path
spring,ROIs1158_spring_10_p73,E:\Data\spring\s1_10\ROIs1158_spring_s1_10_p73.png,E:\Data\spring\s2_10\ROIs1158_spring_s2_10_p73.png,False,low_texture,12.919739,31.930526,0.029948,27.788513,75.939117,E:\Data\spring\s1_10\ROIs1158_spring_s1_10_p73.png,E:\Data\spring\s2_10\ROIs1158_spring_s2_10_p73.png
winter,ROIs2017_winter_97_p1314,E:\Data\winter\s1_97\ROIs2017_winter_s1_97_p1314.png,E:\Data\winter\s2_97\ROIs2017_winter_s2_97_p1314.png,False,low_texture,7.804291,18.471337,0.0,65.125763,46.663299,E:\Data\winter\s1_97\ROIs2017_winter_s1_97_p1314.png,E:\Data\winter\s2_97\ROIs2017_winter_s2_97_p1314.png
winter,winter_img_temperate_p9683,E:\Data\winter\s1_170\winter_img_temperate_p9683.png,E:\Data\winter\s2_170\winter_img_temperate_p9683.png,False,low_texture,11.18454,12.442095,0.0,20.493149,15.75372,E:\Data\winter\s1_170\winter_img_temperate_p9683.png,E:\Data\winter\s2_170\winter_img_temperate_p9683.png
winter,winter_img_temperate_p4861,E:\Data\winter\s1_170\winter_img_temperate_p4861.png,E:\Data\winter\s2_170\winter_img_temperate_p4861.png,False,low_texture,27.738174,15.870749,0.0,10.893951,15.314365,E:\Data\winter\s1_170\winter_img_temperate_p4861.png,E:\Data\winter\s2_170\winter_img_temperate_p4861.png
fall,ROIs1970_fall_109_p1649,E:\Data\fall\s1_109\ROIs1970_fall_s1_109_p1649.png,E:\Data\fall\s2_109\ROIs1970_fall_s2_109_p1649.png,False,low_texture,10.726349,24.499263,0.083333,52.878647,40.679231,E:\Data\fall\s1_109\ROIs1970_fall_s1_109_p1649.png,E:\Data\fall\s2_109\ROIs1970_fall_s2_109_p1649.png
summer,ROIs1868_summer_90_p893,E:\Data\summer\s1_90\ROIs1868_summer_s1_90_p893.png,E:\Data\summer\s2_90\ROIs1868_summer_s2_90_p893.png,False,low_texture,11.718475,34.940876,0.010417,20.620316,56.717839,E:\Data\summer\s1_90\ROIs1868_summer_s1_90_p893.png,E:\Data\summer\s2_90\ROIs1868_summer_s2_90_p893.png
summer,ROIs1868_summer_54_p1282,E:\Data\summer\s1_54\ROIs1868_summer_s1_54_p1282.png,E:\Data\summer\s2_54\ROIs1868_summer_s2_54_p1282.png,False,water_like,24.822647,36.108028,0.980469,39.257217,51.002424,E:\Data\summer\s1_54\ROIs1868_summer_s1_54_p1282.png,E:\Data\summer\s2_54\ROIs1868_summer_s2_54_p1282.png
winter,winter_img_temperate_p8204,E:\Data\winter\s1_170\winter_img_temperate_p8204.png,E:\Data\winter\s2_170\winter_img_temperate_p8204.png,False,low_texture,12.695557,13.851941,0.0,18.08963,17.096337,E:\Data\winter\s1_170\winter_img_temperate_p8204.png,E:\Data\winter\s2_170\winter_img_temperate_p8204.png
spring,ROIs1158_spring_0_p979,E:\Data\spring\s1_0\ROIs1158_spring_s1_0_p979.png,E:\Data\spring\s2_0\ROIs1158_spring_s2_0_p979.png,False,low_texture,9.107895,9.398742,0.0,38.625427,37.245933,E:\Data\spring\s1_0\ROIs1158_spring_s1_0_p979.png,E:\Data\spring\s2_0\ROIs1158_spring_s2_0_p979.png
winter,ROIs2017_winter_140_p889,E:\Data\winter\s1_140\ROIs2017_winter_s1_140_p889.png,E:\Data\winter\s2_140\ROIs2017_winter_s2_140_p889.png,False,water_like,43.740128,49.498894,0.766059,22.62709,20.509069,E:\Data\winter\s1_140\ROIs2017_winter_s1_140_p889.png,E:\Data\winter\s2_140\ROIs2017_winter_s2_140_p889.png
winter,ROIs2017_winter_93_p522,E:\Data\winter\s1_93\ROIs2017_winter_s1_93_p522.png,E:\Data\winter\s2_93\ROIs2017_winter_s2_93_p522.png,False,water_like,18.099228,37.681479,0.843316,58.564407,50.094277,E:\Data\winter\s1_93\ROIs2017_winter_s1_93_p522.png,E:\Data\winter\s2_93\ROIs2017_winter_s2_93_p522.png
fall,ROIs1970_fall_144_p580,E:\Data\fall\s1_144\ROIs1970_fall_s1_144_p580.png,E:\Data\fall\s2_144\ROIs1970_fall_s2_144_p580.png,False,low_texture,15.148315,14.015937,0.0,55.874664,39.156889,E:\Data\fall\s1_144\ROIs1970_fall_s1_144_p580.png,E:\Data\fall\s2_144\ROIs1970_fall_s2_144_p580.png
winter,winter_img_temperate_p9986,E:\Data\winter\s1_170\winter_img_temperate_p9986.png,E:\Data\winter\s2_170\winter_img_temperate_p9986.png,False,low_texture,21.592575,13.138465,0.0,6.07869,4.956162,E:\Data\winter\s1_170\winter_img_temperate_p9986.png,E:\Data\winter\s2_170\winter_img_temperate_p9986.png
summer,ROIs1868_summer_88_p1440,E:\Data\summer\s1_88\ROIs1868_summer_s1_88_p1440.png,E:\Data\summer\s2_88\ROIs1868_summer_s2_88_p1440.png,False,low_texture,5.654205,6.34761,0.0,40.194168,27.490537,E:\Data\summer\s1_88\ROIs1868_summer_s1_88_p1440.png,E:\Data\summer\s2_88\ROIs1868_summer_s2_88_p1440.png
fall,ROIs1970_fall_71_p6,E:\Data\fall\s1_71\ROIs1970_fall_s1_71_p6.png,E:\Data\fall\s2_71\ROIs1970_fall_s2_71_p6.png,False,water_like,26.797455,32.785494,0.576389,46.675858,56.096065,E:\Data\fall\s1_71\ROIs1970_fall_s1_71_p6.png,E:\Data\fall\s2_71\ROIs1970_fall_s2_71_p6.png
spring,ROIs1158_spring_100_p59,E:\Data\spring\s1_100\ROIs1158_spring_s1_100_p59.png,E:\Data\spring\s2_100\ROIs1158_spring_s2_100_p59.png,False,water_like,15.30513,21.782142,0.996094,42.14389,50.103588,E:\Data\spring\s1_100\ROIs1158_spring_s1_100_p59.png,E:\Data\spring\s2_100\ROIs1158_spring_s2_100_p59.png
summer,ROIs1868_summer_88_p84,E:\Data\summer\s1_88\ROIs1868_summer_s1_88_p84.png,E:\Data\summer\s2_88\ROIs1868_summer_s2_88_p84.png,False,low_texture,6.604645,20.033493,0.0,41.335434,58.084457,E:\Data\summer\s1_88\ROIs1868_summer_s1_88_p84.png,E:\Data\summer\s2_88\ROIs1868_summer_s2_88_p84.png
fall,ROIs1970_fall_109_p566,E:\Data\fall\s1_109\ROIs1970_fall_s1_109_p566.png,E:\Data\fall\s2_109\ROIs1970_fall_s2_109_p566.png,False,water_like,19.894302,52.560207,0.590712,54.365265,43.847951,E:\Data\fall\s1_109\ROIs1970_fall_s1_109_p566.png,E:\Data\fall\s2_109\ROIs1970_fall_s2_109_p566.png
winter,ROIs2017_winter_13_p635,E:\Data\winter\s1_13\ROIs2017_winter_s1_13_p635.png,E:\Data\winter\s2_13\ROIs2017_winter_s2_13_p635.png,False,water_like,30.3349,36.445481,0.884115,49.343063,55.786382,E:\Data\winter\s1_13\ROIs2017_winter_s1_13_p635.png,E:\Data\winter\s2_13\ROIs2017_winter_s2_13_p635.png
winter,ROIs2017_winter_111_p363,E:\Data\winter\s1_111\ROIs2017_winter_s1_111_p363.png,E:\Data\winter\s2_111\ROIs2017_winter_s2_111_p363.png,False,water_like,27.892014,47.94258,0.701389,49.041458,49.421463,E:\Data\winter\s1_111\ROIs2017_winter_s1_111_p363.png,E:\Data\winter\s2_111\ROIs2017_winter_s2_111_p363.png
fall,ROIs1970_fall_116_p1553,E:\Data\fall\s1_116\ROIs1970_fall_s1_116_p1553.png,E:\Data\fall\s2_116\ROIs1970_fall_s2_116_p1553.png,False,water_like,14.008499,57.407766,0.501736,36.106216,57.37149,E:\Data\fall\s1_116\ROIs1970_fall_s1_116_p1553.png,E:\Data\fall\s2_116\ROIs1970_fall_s2_116_p1553.png
summer,summer_img_temperate_p6213,E:\Data\summer\s1_160\summer_img_temperate_p6213.png,E:\Data\summer\s2_160\summer_img_temperate_p6213.png,False,low_texture,19.317917,17.636342,0.0,7.412888,7.973595,E:\Data\summer\s1_160\summer_img_temperate_p6213.png,E:\Data\summer\s2_160\summer_img_temperate_p6213.png
winter,winter_img_temperate_p2683,E:\Data\winter\s1_170\winter_img_temperate_p2683.png,E:\Data\winter\s2_170\winter_img_temperate_p2683.png,False,low_texture,14.394669,10.932572,0.0,12.497574,10.332212,E:\Data\winter\s1_170\winter_img_temperate_p2683.png,E:\Data\winter\s2_170\winter_img_temperate_p2683.png
winter,ROIs2017_winter_133_p741,E:\Data\winter\s1_133\ROIs2017_winter_s1_133_p741.png,E:\Data\winter\s2_133\ROIs2017_winter_s2_133_p741.png,False,low_texture,17.027756,17.413166,0.0,60.097092,40.838289,E:\Data\winter\s1_133\ROIs2017_winter_s1_133_p741.png,E:\Data\winter\s2_133\ROIs2017_winter_s2_133_p741.png
spring,ROIs1158_spring_112_p603,E:\Data\spring\s1_112\ROIs1158_spring_s1_112_p603.png,E:\Data\spring\s2_112\ROIs1158_spring_s2_112_p603.png,False,low_texture,20.311646,14.755833,0.009549,50.62674,38.810205,E:\Data\spring\s1_112\ROIs1158_spring_s1_112_p603.png,E:\Data\spring\s2_112\ROIs1158_spring_s2_112_p603.png
fall,ROIs1970_fall_139_p1010,E:\Data\fall\s1_139\ROIs1970_fall_s1_139_p1010.png,E:\Data\fall\s2_139\ROIs1970_fall_s2_139_p1010.png,False,water_like,18.503036,37.399767,0.878038,30.370789,48.438584,E:\Data\fall\s1_139\ROIs1970_fall_s1_139_p1010.png,E:\Data\fall\s2_139\ROIs1970_fall_s2_139_p1010.png
fall,ROIs1970_fall_115_p83,E:\Data\fall\s1_115\ROIs1970_fall_s1_115_p83.png,E:\Data\fall\s2_115\ROIs1970_fall_s2_115_p83.png,False,water_like,21.797913,77.840197,0.408854,47.770844,44.980288,E:\Data\fall\s1_115\ROIs1970_fall_s1_115_p83.png,E:\Data\fall\s2_115\ROIs1970_fall_s2_115_p83.png
fall,fall_img_tropical_p11799,E:\Data\fall\s1_150\fall_img_tropical_p11799.png,E:\Data\fall\s2_150\fall_img_tropical_p11799.png,False,low_texture,8.188705,6.799998,0.0,16.15918,11.887518,E:\Data\fall\s1_150\fall_img_tropical_p11799.png,E:\Data\fall\s2_150\fall_img_tropical_p11799.png
spring,ROIs1158_spring_72_p894,E:\Data\spring\s1_72\ROIs1158_spring_s1_72_p894.png,E:\Data\spring\s2_72\ROIs1158_spring_s2_72_p894.png,False,low_texture;water_like,13.47525,60.971558,0.824653,44.573471,46.182107,E:\Data\spring\s1_72\ROIs1158_spring_s1_72_p894.png,E:\Data\spring\s2_72\ROIs1158_spring_s2_72_p894.png
summer,ROIs1868_summer_41_p75,E:\Data\summer\s1_41\ROIs1868_summer_s1_41_p75.png,E:\Data\summer\s2_41\ROIs1868_summer_s2_41_p75.png,False,low_texture,7.217163,4.088834,0.000868,31.370514,22.114508,E:\Data\summer\s1_41\ROIs1868_summer_s1_41_p75.png,E:\Data\summer\s2_41\ROIs1868_summer_s2_41_p75.png
summer,ROIs1868_summer_90_p982,E:\Data\summer\s1_90\ROIs1868_summer_s1_90_p982.png,E:\Data\summer\s2_90\ROIs1868_summer_s2_90_p982.png,False,low_texture,13.900787,39.992915,0.056858,51.017487,40.649737,E:\Data\summer\s1_90\ROIs1868_summer_s1_90_p982.png,E:\Data\summer\s2_90\ROIs1868_summer_s2_90_p982.png
fall,ROIs1970_fall_110_p826,E:\Data\fall\s1_110\ROIs1970_fall_s1_110_p826.png,E:\Data\fall\s2_110\ROIs1970_fall_s2_110_p826.png,False,water_like,31.623688,34.282752,0.502604,53.256622,40.72948,E:\Data\fall\s1_110\ROIs1970_fall_s1_110_p826.png,E:\Data\fall\s2_110\ROIs1970_fall_s2_110_p826.png
spring,ROIs1158_spring_54_p848,E:\Data\spring\s1_54\ROIs1158_spring_s1_54_p848.png,E:\Data\spring\s2_54\ROIs1158_spring_s2_54_p848.png,False,water_like,35.444229,35.754992,0.85026,52.24823,53.215096,E:\Data\spring\s1_54\ROIs1158_spring_s1_54_p848.png,E:\Data\spring\s2_54\ROIs1158_spring_s2_54_p848.png
winter,ROIs2017_winter_93_p851,E:\Data\winter\s1_93\ROIs2017_winter_s1_93_p851.png,E:\Data\winter\s2_93\ROIs2017_winter_s2_93_p851.png,False,low_texture;water_like,13.442215,30.406632,0.776476,58.029297,43.487783,E:\Data\winter\s1_93\ROIs2017_winter_s1_93_p851.png,E:\Data\winter\s2_93\ROIs2017_winter_s2_93_p851.png
fall,ROIs1970_fall_109_p657,E:\Data\fall\s1_109\ROIs1970_fall_s1_109_p657.png,E:\Data\fall\s2_109\ROIs1970_fall_s2_109_p657.png,False,water_like,20.263901,60.632954,0.560764,54.312576,42.585653,E:\Data\fall\s1_109\ROIs1970_fall_s1_109_p657.png,E:\Data\fall\s2_109\ROIs1970_fall_s2_109_p657.png
winter,ROIs2017_winter_105_p22,E:\Data\winter\s1_105\ROIs2017_winter_s1_105_p22.png,E:\Data\winter\s2_105\ROIs2017_winter_s2_105_p22.png,False,water_like,34.640793,29.312931,0.684896,61.97261,52.948706,E:\Data\winter\s1_105\ROIs2017_winter_s1_105_p22.png,E:\Data\winter\s2_105\ROIs2017_winter_s2_105_p22.png
spring,ROIs1158_spring_24_p619,E:\Data\spring\s1_24\ROIs1158_spring_s1_24_p619.png,E:\Data\spring\s2_24\ROIs1158_spring_s2_24_p619.png,False,water_like,30.208923,24.063557,0.904948,51.517654,55.526275,E:\Data\spring\s1_24\ROIs1158_spring_s1_24_p619.png,E:\Data\spring\s2_24\ROIs1158_spring_s2_24_p619.png
fall,fall_img_temperate_p742,E:\Data\fall\s1_150\fall_img_temperate_p742.png,E:\Data\fall\s2_150\fall_img_temperate_p742.png,False,low_texture,18.400253,13.315396,0.0,7.619736,6.223159,E:\Data\fall\s1_150\fall_img_temperate_p742.png,E:\Data\fall\s2_150\fall_img_temperate_p742.png
winter,ROIs2017_winter_111_p351,E:\Data\winter\s1_111\ROIs2017_winter_s1_111_p351.png,E:\Data\winter\s2_111\ROIs2017_winter_s2_111_p351.png,False,water_like,22.671097,44.655739,0.367188,50.567688,50.150626,E:\Data\winter\s1_111\ROIs2017_winter_s1_111_p351.png,E:\Data\winter\s2_111\ROIs2017_winter_s2_111_p351.png
spring,ROIs1158_spring_49_p202,E:\Data\spring\s1_49\ROIs1158_spring_s1_49_p202.png,E:\Data\spring\s2_49\ROIs1158_spring_s2_49_p202.png,False,low_texture;water_like,7.110596,7.047047,1.0,39.982483,24.866726,E:\Data\spring\s1_49\ROIs1158_spring_s1_49_p202.png,E:\Data\spring\s2_49\ROIs1158_spring_s2_49_p202.png
fall,ROIs1970_fall_139_p1578,E:\Data\fall\s1_139\ROIs1970_fall_s1_139_p1578.png,E:\Data\fall\s2_139\ROIs1970_fall_s2_139_p1578.png,False,water_like,23.981033,36.983136,0.62283,31.444519,37.712081,E:\Data\fall\s1_139\ROIs1970_fall_s1_139_p1578.png,E:\Data\fall\s2_139\ROIs1970_fall_s2_139_p1578.png
winter,ROIs2017_winter_97_p388,E:\Data\winter\s1_97\ROIs2017_winter_s1_97_p388.png,E:\Data\winter\s2_97\ROIs2017_winter_s2_97_p388.png,False,low_texture,12.275925,30.93462,0.000868,63.618973,43.100231,E:\Data\winter\s1_97\ROIs2017_winter_s1_97_p388.png,E:\Data\winter\s2_97\ROIs2017_winter_s2_97_p388.png
winter,ROIs2017_winter_56_p896,E:\Data\winter\s1_56\ROIs2017_winter_s1_56_p896.png,E:\Data\winter\s2_56\ROIs2017_winter_s2_56_p896.png,False,water_like,29.015625,40.421154,0.904948,35.779022,36.160746,E:\Data\winter\s1_56\ROIs2017_winter_s1_56_p896.png,E:\Data\winter\s2_56\ROIs2017_winter_s2_56_p896.png
summer,ROIs1868_summer_132_p155,E:\Data\summer\s1_132\ROIs1868_summer_s1_132_p155.png,E:\Data\summer\s2_132\ROIs1868_summer_s2_132_p155.png,False,low_texture,9.052841,30.418574,0.214844,63.524857,54.494708,E:\Data\summer\s1_132\ROIs1868_summer_s1_132_p155.png,E:\Data\summer\s2_132\ROIs1868_summer_s2_132_p155.png
fall,fall_img_tropical_p11688,E:\Data\fall\s1_150\fall_img_tropical_p11688.png,E:\Data\fall\s2_150\fall_img_tropical_p11688.png,False,low_texture,7.790482,5.231842,0.0,17.857452,11.654742,E:\Data\fall\s1_150\fall_img_tropical_p11688.png,E:\Data\fall\s2_150\fall_img_tropical_p11688.png
winter,ROIs2017_winter_126_p707,E:\Data\winter\s1_126\ROIs2017_winter_s1_126_p707.png,E:\Data\winter\s2_126\ROIs2017_winter_s2_126_p707.png,False,low_texture,12.564636,17.198868,0.00217,43.179108,42.881115,E:\Data\winter\s1_126\ROIs2017_winter_s1_126_p707.png,E:\Data\winter\s2_126\ROIs2017_winter_s2_126_p707.png
spring,ROIs1158_spring_14_p885,E:\Data\spring\s1_14\ROIs1158_spring_s1_14_p885.png,E:\Data\spring\s2_14\ROIs1158_spring_s2_14_p885.png,False,low_texture,7.477509,8.677018,0.0,55.477676,53.259503,E:\Data\spring\s1_14\ROIs1158_spring_s1_14_p885.png,E:\Data\spring\s2_14\ROIs1158_spring_s2_14_p885.png
summer,ROIs1868_summer_115_p122,E:\Data\summer\s1_115\ROIs1868_summer_s1_115_p122.png,E:\Data\summer\s2_115\ROIs1868_summer_s2_115_p122.png,False,low_texture,9.41893,11.156633,0.0,45.735291,35.301242,E:\Data\summer\s1_115\ROIs1868_summer_s1_115_p122.png,E:\Data\summer\s2_115\ROIs1868_summer_s2_115_p122.png
spring,ROIs1158_spring_24_p49,E:\Data\spring\s1_24\ROIs1158_spring_s1_24_p49.png,E:\Data\spring\s2_24\ROIs1158_spring_s2_24_p49.png,False,water_like,32.178833,27.45763,0.71875,48.602219,56.418621,E:\Data\spring\s1_24\ROIs1158_spring_s1_24_p49.png,E:\Data\spring\s2_24\ROIs1158_spring_s2_24_p49.png
summer,summer_img_temperate_p1065,E:\Data\summer\s1_160\summer_img_temperate_p1065.png,E:\Data\summer\s2_160\summer_img_temperate_p1065.png,False,low_texture,12.867355,10.174267,0.0,6.702194,6.50333,E:\Data\summer\s1_160\summer_img_temperate_p1065.png,E:\Data\summer\s2_160\summer_img_temperate_p1065.png
fall,fall_img_temperate_p791,E:\Data\fall\s1_150\fall_img_temperate_p791.png,E:\Data\fall\s2_150\fall_img_temperate_p791.png,False,low_texture,13.643661,8.072667,0.0,9.959732,9.110077,E:\Data\fall\s1_150\fall_img_temperate_p791.png,E:\Data\fall\s2_150\fall_img_temperate_p791.png
winter,ROIs2017_winter_140_p871,E:\Data\winter\s1_140\ROIs2017_winter_s1_140_p871.png,E:\Data\winter\s2_140\ROIs2017_winter_s2_140_p871.png,False,water_like,47.950912,61.221514,0.690538,22.286209,22.469531,E:\Data\winter\s1_140\ROIs2017_winter_s1_140_p871.png,E:\Data\winter\s2_140\ROIs2017_winter_s2_140_p871.png
winter,ROIs2017_winter_6_p684,E:\Data\winter\s1_6\ROIs2017_winter_s1_6_p684.png,E:\Data\winter\s2_6\ROIs2017_winter_s2_6_p684.png,False,water_like,19.941727,63.250077,0.351997,45.020508,38.316177,E:\Data\winter\s1_6\ROIs2017_winter_s1_6_p684.png,E:\Data\winter\s2_6\ROIs2017_winter_s2_6_p684.png
winter,winter_img_temperate_p5890,E:\Data\winter\s1_170\winter_img_temperate_p5890.png,E:\Data\winter\s2_170\winter_img_temperate_p5890.png,False,low_texture,17.804199,16.450789,0.0,5.808151,7.53379,E:\Data\winter\s1_170\winter_img_temperate_p5890.png,E:\Data\winter\s2_170\winter_img_temperate_p5890.png
summer,ROIs1868_summer_95_p850,E:\Data\summer\s1_95\ROIs1868_summer_s1_95_p850.png,E:\Data\summer\s2_95\ROIs1868_summer_s2_95_p850.png,False,low_texture,11.699646,17.483264,0.080729,20.458023,13.817958,E:\Data\summer\s1_95\ROIs1868_summer_s1_95_p850.png,E:\Data\summer\s2_95\ROIs1868_summer_s2_95_p850.png
spring,ROIs1158_spring_64_p485,E:\Data\spring\s1_64\ROIs1158_spring_s1_64_p485.png,E:\Data\spring\s2_64\ROIs1158_spring_s2_64_p485.png,False,low_texture,9.603592,10.345554,0.0,34.945206,21.012219,E:\Data\spring\s1_64\ROIs1158_spring_s1_64_p485.png,E:\Data\spring\s2_64\ROIs1158_spring_s2_64_p485.png
fall,fall_img_temperate_p2751,E:\Data\fall\s1_150\fall_img_temperate_p2751.png,E:\Data\fall\s2_150\fall_img_temperate_p2751.png,False,sar_low_texture,19.507751,18.15151,0.0,5.952026,3.016467,E:\Data\fall\s1_150\fall_img_temperate_p2751.png,E:\Data\fall\s2_150\fall_img_temperate_p2751.png
fall,ROIs1970_fall_83_p583,E:\Data\fall\s1_83\ROIs1970_fall_s1_83_p583.png,E:\Data\fall\s2_83\ROIs1970_fall_s2_83_p583.png,False,water_like,48.914429,42.421887,0.469618,57.550247,44.64288,E:\Data\fall\s1_83\ROIs1970_fall_s1_83_p583.png,E:\Data\fall\s2_83\ROIs1970_fall_s2_83_p583.png
winter,ROIs2017_winter_84_p691,E:\Data\winter\s1_84\ROIs2017_winter_s1_84_p691.png,E:\Data\winter\s2_84\ROIs2017_winter_s2_84_p691.png,False,water_like,24.069977,56.78,0.5625,66.086441,49.623545,E:\Data\winter\s1_84\ROIs2017_winter_s1_84_p691.png,E:\Data\winter\s2_84\ROIs2017_winter_s2_84_p691.png
spring,ROIs1158_spring_65_p881,E:\Data\spring\s1_65\ROIs1158_spring_s1_65_p881.png,E:\Data\spring\s2_65\ROIs1158_spring_s2_65_p881.png,False,low_texture,5.691208,0.755827,0.0,63.270172,65.92683,E:\Data\spring\s1_65\ROIs1158_spring_s1_65_p881.png,E:\Data\spring\s2_65\ROIs1158_spring_s2_65_p881.png
summer,ROIs1868_summer_106_p945,E:\Data\summer\s1_106\ROIs1868_summer_s1_106_p945.png,E:\Data\summer\s2_106\ROIs1868_summer_s2_106_p945.png,False,low_texture,12.028076,12.494722,0.0,57.244446,42.050447,E:\Data\summer\s1_106\ROIs1868_summer_s1_106_p945.png,E:\Data\summer\s2_106\ROIs1868_summer_s2_106_p945.png
spring,ROIs1158_spring_100_p428,E:\Data\spring\s1_100\ROIs1158_spring_s1_100_p428.png,E:\Data\spring\s2_100\ROIs1158_spring_s2_100_p428.png,False,water_like,18.618835,22.956751,0.74349,42.742691,37.291714,E:\Data\spring\s1_100\ROIs1158_spring_s1_100_p428.png,E:\Data\spring\s2_100\ROIs1158_spring_s2_100_p428.png
fall,fall_img_temperate_p2307,E:\Data\fall\s1_150\fall_img_temperate_p2307.png,E:\Data\fall\s2_150\fall_img_temperate_p2307.png,False,low_texture;sar_low_texture,15.546402,17.804013,0.0,7.310699,3.886568,E:\Data\fall\s1_150\fall_img_temperate_p2307.png,E:\Data\fall\s2_150\fall_img_temperate_p2307.png
spring,ROIs1158_spring_72_p31,E:\Data\spring\s1_72\ROIs1158_spring_s1_72_p31.png,E:\Data\spring\s2_72\ROIs1158_spring_s2_72_p31.png,False,water_like,18.849503,21.090987,1.0,44.8358,32.698387,E:\Data\spring\s1_72\ROIs1158_spring_s1_72_p31.png,E:\Data\spring\s2_72\ROIs1158_spring_s2_72_p31.png
spring,ROIs1158_spring_42_p1060,E:\Data\spring\s1_42\ROIs1158_spring_s1_42_p1060.png,E:\Data\spring\s2_42\ROIs1158_spring_s2_42_p1060.png,False,low_texture,6.886841,7.876682,0.0,39.699402,26.887768,E:\Data\spring\s1_42\ROIs1158_spring_s1_42_p1060.png,E:\Data\spring\s2_42\ROIs1158_spring_s2_42_p1060.png
fall,ROIs1970_fall_109_p1385,E:\Data\fall\s1_109\ROIs1970_fall_s1_109_p1385.png,E:\Data\fall\s2_109\ROIs1970_fall_s2_109_p1385.png,False,water_like,14.697144,72.612845,0.380642,53.561691,46.820466,E:\Data\fall\s1_109\ROIs1970_fall_s1_109_p1385.png,E:\Data\fall\s2_109\ROIs1970_fall_s2_109_p1385.png
summer,summer_img_temperate_p1551,E:\Data\summer\s1_160\summer_img_temperate_p1551.png,E:\Data\summer\s2_160\summer_img_temperate_p1551.png,False,low_texture,14.013062,8.227877,0.0,8.782471,4.874055,E:\Data\summer\s1_160\summer_img_temperate_p1551.png,E:\Data\summer\s2_160\summer_img_temperate_p1551.png
winter,ROIs2017_winter_8_p943,E:\Data\winter\s1_8\ROIs2017_winter_s1_8_p943.png,E:\Data\winter\s2_8\ROIs2017_winter_s2_8_p943.png,False,low_texture,11.815018,35.205729,0.026476,45.360672,45.010349,E:\Data\winter\s1_8\ROIs2017_winter_s1_8_p943.png,E:\Data\winter\s2_8\ROIs2017_winter_s2_8_p943.png
summer,ROIs1868_summer_54_p822,E:\Data\summer\s1_54\ROIs1868_summer_s1_54_p822.png,E:\Data\summer\s2_54\ROIs1868_summer_s2_54_p822.png,False,water_like,14.786026,32.823698,0.780816,31.820328,31.179468,E:\Data\summer\s1_54\ROIs1868_summer_s1_54_p822.png,E:\Data\summer\s2_54\ROIs1868_summer_s2_54_p822.png
fall,fall_img_temperate_p902,E:\Data\fall\s1_150\fall_img_temperate_p902.png,E:\Data\fall\s2_150\fall_img_temperate_p902.png,False,low_texture,12.971512,9.080451,0.0,8.631561,6.305507,E:\Data\fall\s1_150\fall_img_temperate_p902.png,E:\Data\fall\s2_150\fall_img_temperate_p902.png
winter,winter_img_temperate_p11070,E:\Data\winter\s1_170\winter_img_temperate_p11070.png,E:\Data\winter\s2_170\winter_img_temperate_p11070.png,False,low_texture,13.943802,14.453484,0.000434,15.384415,14.403599,E:\Data\winter\s1_170\winter_img_temperate_p11070.png,E:\Data\winter\s2_170\winter_img_temperate_p11070.png
winter,ROIs2017_winter_101_p1340,E:\Data\winter\s1_101\ROIs2017_winter_s1_101_p1340.png,E:\Data\winter\s2_101\ROIs2017_winter_s2_101_p1340.png,False,low_texture;water_like,12.092575,27.30103,0.996094,51.916656,46.254913,E:\Data\winter\s1_101\ROIs2017_winter_s1_101_p1340.png,E:\Data\winter\s2_101\ROIs2017_winter_s2_101_p1340.png
winter,ROIs2017_winter_140_p872,E:\Data\winter\s1_140\ROIs2017_winter_s1_140_p872.png,E:\Data\winter\s2_140\ROIs2017_winter_s2_140_p872.png,False,water_like,43.798553,57.561027,0.796875,21.864655,19.089838,E:\Data\winter\s1_140\ROIs2017_winter_s1_140_p872.png,E:\Data\winter\s2_140\ROIs2017_winter_s2_140_p872.png
summer,ROIs1868_summer_102_p3,E:\Data\summer\s1_102\ROIs1868_summer_s1_102_p3.png,E:\Data\summer\s2_102\ROIs1868_summer_s2_102_p3.png,False,low_texture,10.543152,16.991265,0.000868,47.36087,31.648708,E:\Data\summer\s1_102\ROIs1868_summer_s1_102_p3.png,E:\Data\summer\s2_102\ROIs1868_summer_s2_102_p3.png
winter,winter_img_temperate_p246,E:\Data\winter\s1_170\winter_img_temperate_p246.png,E:\Data\winter\s2_170\winter_img_temperate_p246.png,False,low_texture,19.460007,17.46134,0.0,19.435745,16.872016,E:\Data\winter\s1_170\winter_img_temperate_p246.png,E:\Data\winter\s2_170\winter_img_temperate_p246.png
fall,ROIs1970_fall_120_p1218,E:\Data\fall\s1_120\ROIs1970_fall_s1_120_p1218.png,E:\Data\fall\s2_120\ROIs1970_fall_s2_120_p1218.png,False,water_like,43.936157,72.452464,0.53776,50.299088,34.308181,E:\Data\fall\s1_120\ROIs1970_fall_s1_120_p1218.png,E:\Data\fall\s2_120\ROIs1970_fall_s2_120_p1218.png
winter,ROIs2017_winter_0_p716,E:\Data\winter\s1_0\ROIs2017_winter_s1_0_p716.png,E:\Data\winter\s2_0\ROIs2017_winter_s2_0_p716.png,False,water_like,28.976089,50.883712,0.543837,57.823029,49.701802,E:\Data\winter\s1_0\ROIs2017_winter_s1_0_p716.png,E:\Data\winter\s2_0\ROIs2017_winter_s2_0_p716.png
winter,winter_img_temperate_p9232,E:\Data\winter\s1_170\winter_img_temperate_p9232.png,E:\Data\winter\s2_170\winter_img_temperate_p9232.png,False,low_texture,15.726471,15.833802,0.0,12.023926,10.987386,E:\Data\winter\s1_170\winter_img_temperate_p9232.png,E:\Data\winter\s2_170\winter_img_temperate_p9232.png
fall,ROIs1970_fall_138_p681,E:\Data\fall\s1_138\ROIs1970_fall_s1_138_p681.png,E:\Data\fall\s2_138\ROIs1970_fall_s2_138_p681.png,False,low_texture,9.030807,10.246817,0.0,49.967102,35.931124,E:\Data\fall\s1_138\ROIs1970_fall_s1_138_p681.png,E:\Data\fall\s2_138\ROIs1970_fall_s2_138_p681.png
winter,ROIs2017_winter_78_p652,E:\Data\winter\s1_78\ROIs2017_winter_s1_78_p652.png,E:\Data\winter\s2_78\ROIs2017_winter_s2_78_p652.png,False,low_texture,25.551773,16.369417,0.0,58.754303,38.041733,E:\Data\winter\s1_78\ROIs2017_winter_s1_78_p652.png,E:\Data\winter\s2_78\ROIs2017_winter_s2_78_p652.png
fall,fall_img_tropical_p10878,E:\Data\fall\s1_150\fall_img_tropical_p10878.png,E:\Data\fall\s2_150\fall_img_tropical_p10878.png,False,low_texture,8.418945,6.891462,0.0,19.326721,19.3716,E:\Data\fall\s1_150\fall_img_tropical_p10878.png,E:\Data\fall\s2_150\fall_img_tropical_p10878.png
winter,ROIs2017_winter_69_p957,E:\Data\winter\s1_69\ROIs2017_winter_s1_69_p957.png,E:\Data\winter\s2_69\ROIs2017_winter_s2_69_p957.png,False,low_texture,11.820251,14.409536,0.0,65.752686,41.640821,E:\Data\winter\s1_69\ROIs2017_winter_s1_69_p957.png,E:\Data\winter\s2_69\ROIs2017_winter_s2_69_p957.png
fall,fall_img_temperate_p1175,E:\Data\fall\s1_150\fall_img_temperate_p1175.png,E:\Data\fall\s2_150\fall_img_temperate_p1175.png,False,low_texture,12.67775,11.617206,0.0,5.472763,6.466571,E:\Data\fall\s1_150\fall_img_temperate_p1175.png,E:\Data\fall\s2_150\fall_img_temperate_p1175.png
winter,winter_img_temperate_p4151,E:\Data\winter\s1_170\winter_img_temperate_p4151.png,E:\Data\winter\s2_170\winter_img_temperate_p4151.png,False,sar_low_texture,29.563934,18.553015,0.0,4.952423,6.403797,E:\Data\winter\s1_170\winter_img_temperate_p4151.png,E:\Data\winter\s2_170\winter_img_temperate_p4151.png
fall,ROIs1970_fall_120_p1342,E:\Data\fall\s1_120\ROIs1970_fall_s1_120_p1342.png,E:\Data\fall\s2_120\ROIs1970_fall_s2_120_p1342.png,False,water_like,39.072784,52.583186,0.431858,49.728256,32.83928,E:\Data\fall\s1_120\ROIs1970_fall_s1_120_p1342.png,E:\Data\fall\s2_120\ROIs1970_fall_s2_120_p1342.png
winter,ROIs2017_winter_13_p808,E:\Data\winter\s1_13\ROIs2017_winter_s1_13_p808.png,E:\Data\winter\s2_13\ROIs2017_winter_s2_13_p808.png,False,water_like,23.379242,32.210099,0.393229,48.598862,41.515904,E:\Data\winter\s1_13\ROIs2017_winter_s1_13_p808.png,E:\Data\winter\s2_13\ROIs2017_winter_s2_13_p808.png
fall,fall_img_tropical_p11270,E:\Data\fall\s1_150\fall_img_tropical_p11270.png,E:\Data\fall\s2_150\fall_img_tropical_p11270.png,False,low_texture,11.835327,11.378995,0.0,29.838425,19.558607,E:\Data\fall\s1_150\fall_img_tropical_p11270.png,E:\Data\fall\s2_150\fall_img_tropical_p11270.png
fall,ROIs1970_fall_140_p150,E:\Data\fall\s1_140\ROIs1970_fall_s1_140_p150.png,E:\Data\fall\s2_140\ROIs1970_fall_s2_140_p150.png,False,water_like,45.917191,49.721178,0.465712,52.363968,46.249823,E:\Data\fall\s1_140\ROIs1970_fall_s1_140_p150.png,E:\Data\fall\s2_140\ROIs1970_fall_s2_140_p150.png
winter,ROIs2017_winter_9_p356,E:\Data\winter\s1_9\ROIs2017_winter_s1_9_p356.png,E:\Data\winter\s2_9\ROIs2017_winter_s2_9_p356.png,False,low_texture,13.395859,22.27858,0.00217,43.980652,46.432297,E:\Data\winter\s1_9\ROIs2017_winter_s1_9_p356.png,E:\Data\winter\s2_9\ROIs2017_winter_s2_9_p356.png
winter,winter_img_temperate_p9113,E:\Data\winter\s1_170\winter_img_temperate_p9113.png,E:\Data\winter\s2_170\winter_img_temperate_p9113.png,False,low_texture,16.647919,15.750195,0.0,10.711853,13.858761,E:\Data\winter\s1_170\winter_img_temperate_p9113.png,E:\Data\winter\s2_170\winter_img_temperate_p9113.png
spring,ROIs1158_spring_23_p658,E:\Data\spring\s1_23\ROIs1158_spring_s1_23_p658.png,E:\Data\spring\s2_23\ROIs1158_spring_s2_23_p658.png,False,water_like,27.998962,37.220521,0.825087,38.379547,41.90081,E:\Data\spring\s1_23\ROIs1158_spring_s1_23_p658.png,E:\Data\spring\s2_23\ROIs1158_spring_s2_23_p658.png
summer,ROIs1868_summer_57_p259,E:\Data\summer\s1_57\ROIs1868_summer_s1_57_p259.png,E:\Data\summer\s2_57\ROIs1868_summer_s2_57_p259.png,False,water_like,20.740738,33.792581,0.644965,41.94783,49.020642,E:\Data\summer\s1_57\ROIs1868_summer_s1_57_p259.png,E:\Data\summer\s2_57\ROIs1868_summer_s2_57_p259.png
winter,winter_img_temperate_p10551,E:\Data\winter\s1_170\winter_img_temperate_p10551.png,E:\Data\winter\s2_170\winter_img_temperate_p10551.png,False,low_texture,13.598129,14.372599,0.0,12.909866,13.009595,E:\Data\winter\s1_170\winter_img_temperate_p10551.png,E:\Data\winter\s2_170\winter_img_temperate_p10551.png
winter,winter_img_temperate_p3658,E:\Data\winter\s1_170\winter_img_temperate_p3658.png,E:\Data\winter\s2_170\winter_img_temperate_p3658.png,False,low_texture,22.297699,15.215204,0.0,13.720123,15.303859,E:\Data\winter\s1_170\winter_img_temperate_p3658.png,E:\Data\winter\s2_170\winter_img_temperate_p3658.png
winter,ROIs2017_winter_41_p342,E:\Data\winter\s1_41\ROIs2017_winter_s1_41_p342.png,E:\Data\winter\s2_41\ROIs2017_winter_s2_41_p342.png,False,low_texture,14.453033,16.578991,0.006076,24.799591,26.335691,E:\Data\winter\s1_41\ROIs2017_winter_s1_41_p342.png,E:\Data\winter\s2_41\ROIs2017_winter_s2_41_p342.png
fall,fall_img_tropical_p8100,E:\Data\fall\s1_150\fall_img_tropical_p8100.png,E:\Data\fall\s2_150\fall_img_tropical_p8100.png,False,low_texture,7.39061,4.384219,0.0,36.520294,17.432857,E:\Data\fall\s1_150\fall_img_tropical_p8100.png,E:\Data\fall\s2_150\fall_img_tropical_p8100.png
summer,ROIs1868_summer_148_p753,E:\Data\summer\s1_148\ROIs1868_summer_s1_148_p753.png,E:\Data\summer\s2_148\ROIs1868_summer_s2_148_p753.png,False,low_texture,17.053253,16.799045,0.0,59.034241,57.750097,E:\Data\summer\s1_148\ROIs1868_summer_s1_148_p753.png,E:\Data\summer\s2_148\ROIs1868_summer_s2_148_p753.png
fall,ROIs1970_fall_129_p1079,E:\Data\fall\s1_129\ROIs1970_fall_s1_129_p1079.png,E:\Data\fall\s2_129\ROIs1970_fall_s2_129_p1079.png,False,low_texture;water_like,13.026672,18.625559,0.80816,52.654587,39.820405,E:\Data\fall\s1_129\ROIs1970_fall_s1_129_p1079.png,E:\Data\fall\s2_129\ROIs1970_fall_s2_129_p1079.png
winter,ROIs2017_winter_33_p106,E:\Data\winter\s1_33\ROIs2017_winter_s1_33_p106.png,E:\Data\winter\s2_33\ROIs2017_winter_s2_33_p106.png,False,low_texture,10.647217,61.529778,0.036024,55.125443,53.288681,E:\Data\winter\s1_33\ROIs2017_winter_s1_33_p106.png,E:\Data\winter\s2_33\ROIs2017_winter_s2_33_p106.png
winter,ROIs2017_winter_8_p848,E:\Data\winter\s1_8\ROIs2017_winter_s1_8_p848.png,E:\Data\winter\s2_8\ROIs2017_winter_s2_8_p848.png,False,water_like,16.346573,45.762848,0.868924,45.175003,40.259212,E:\Data\winter\s1_8\ROIs2017_winter_s1_8_p848.png,E:\Data\winter\s2_8\ROIs2017_winter_s2_8_p848.png
spring,ROIs1158_spring_83_p727,E:\Data\spring\s1_83\ROIs1158_spring_s1_83_p727.png,E:\Data\spring\s2_83\ROIs1158_spring_s2_83_p727.png,False,water_like,25.353699,32.995476,0.753038,64.631775,48.895766,E:\Data\spring\s1_83\ROIs1158_spring_s1_83_p727.png,E:\Data\spring\s2_83\ROIs1158_spring_s2_83_p727.png
fall,ROIs1970_fall_25_p630,E:\Data\fall\s1_25\ROIs1970_fall_s1_25_p630.png,E:\Data\fall\s2_25\ROIs1970_fall_s2_25_p630.png,False,low_texture,4.169144,10.752931,0.002604,36.981064,32.697225,E:\Data\fall\s1_25\ROIs1970_fall_s1_25_p630.png,E:\Data\fall\s2_25\ROIs1970_fall_s2_25_p630.png
spring,ROIs1158_spring_65_p1510,E:\Data\spring\s1_65\ROIs1158_spring_s1_65_p1510.png,E:\Data\spring\s2_65\ROIs1158_spring_s2_65_p1510.png,False,low_texture,11.946121,34.678998,0.000434,58.237656,50.646715,E:\Data\spring\s1_65\ROIs1158_spring_s1_65_p1510.png,E:\Data\spring\s2_65\ROIs1158_spring_s2_65_p1510.png
fall,ROIs1970_fall_129_p654,E:\Data\fall\s1_129\ROIs1970_fall_s1_129_p654.png,E:\Data\fall\s2_129\ROIs1970_fall_s2_129_p654.png,False,low_texture;water_like,12.207489,36.290737,0.749132,53.487503,46.200693,E:\Data\fall\s1_129\ROIs1970_fall_s1_129_p654.png,E:\Data\fall\s2_129\ROIs1970_fall_s2_129_p654.png
summer,summer_img_temperate_p5186,E:\Data\summer\s1_160\summer_img_temperate_p5186.png,E:\Data\summer\s2_160\summer_img_temperate_p5186.png,False,low_texture,20.26767,17.954277,0.0,8.91893,8.351416,E:\Data\summer\s1_160\summer_img_temperate_p5186.png,E:\Data\summer\s2_160\summer_img_temperate_p5186.png
spring,ROIs1158_spring_40_p185,E:\Data\spring\s1_40\ROIs1158_spring_s1_40_p185.png,E:\Data\spring\s2_40\ROIs1158_spring_s2_40_p185.png,False,low_texture,9.278198,19.383565,0.0,33.517532,28.780803,E:\Data\spring\s1_40\ROIs1158_spring_s1_40_p185.png,E:\Data\spring\s2_40\ROIs1158_spring_s2_40_p185.png
fall,fall_img_tropical_p5854,E:\Data\fall\s1_150\fall_img_tropical_p5854.png,E:\Data\fall\s2_150\fall_img_tropical_p5854.png,False,low_texture,6.434967,3.091864,0.0,32.956512,15.174039,E:\Data\fall\s1_150\fall_img_tropical_p5854.png,E:\Data\fall\s2_150\fall_img_tropical_p5854.png
fall,ROIs1970_fall_129_p740,E:\Data\fall\s1_129\ROIs1970_fall_s1_129_p740.png,E:\Data\fall\s2_129\ROIs1970_fall_s2_129_p740.png,False,water_like,18.383591,32.231629,0.476128,54.03067,40.212765,E:\Data\fall\s1_129\ROIs1970_fall_s1_129_p740.png,E:\Data\fall\s2_129\ROIs1970_fall_s2_129_p740.png
fall,ROIs1970_fall_109_p1208,E:\Data\fall\s1_109\ROIs1970_fall_s1_109_p1208.png,E:\Data\fall\s2_109\ROIs1970_fall_s2_109_p1208.png,False,water_like,14.73233,65.958629,0.592882,54.098541,39.050806,E:\Data\fall\s1_109\ROIs1970_fall_s1_109_p1208.png,E:\Data\fall\s2_109\ROIs1970_fall_s2_109_p1208.png
winter,ROIs2017_winter_146_p1660,E:\Data\winter\s1_146\ROIs2017_winter_s1_146_p1660.png,E:\Data\winter\s2_146\ROIs2017_winter_s2_146_p1660.png,False,low_texture;water_like,13.153534,23.033843,0.974392,61.582184,51.159572,E:\Data\winter\s1_146\ROIs2017_winter_s1_146_p1660.png,E:\Data\winter\s2_146\ROIs2017_winter_s2_146_p1660.png
summer,ROIs1868_summer_115_p422,E:\Data\summer\s1_115\ROIs1868_summer_s1_115_p422.png,E:\Data\summer\s2_115\ROIs1868_summer_s2_115_p422.png,False,low_texture,12.25618,19.152904,0.0,43.049774,36.050515,E:\Data\summer\s1_115\ROIs1868_summer_s1_115_p422.png,E:\Data\summer\s2_115\ROIs1868_summer_s2_115_p422.png
spring,ROIs1158_spring_92_p622,E:\Data\spring\s1_92\ROIs1158_spring_s1_92_p622.png,E:\Data\spring\s2_92\ROIs1158_spring_s2_92_p622.png,False,water_like,45.136276,44.186797,0.577691,63.552185,46.979777,E:\Data\spring\s1_92\ROIs1158_spring_s1_92_p622.png,E:\Data\spring\s2_92\ROIs1158_spring_s2_92_p622.png
summer,summer_img_temperate_p940,E:\Data\summer\s1_160\summer_img_temperate_p940.png,E:\Data\summer\s2_160\summer_img_temperate_p940.png,False,low_texture,15.080078,8.212828,0.0,6.299744,4.125726,E:\Data\summer\s1_160\summer_img_temperate_p940.png,E:\Data\summer\s2_160\summer_img_temperate_p940.png
spring,ROIs1158_spring_100_p290,E:\Data\spring\s1_100\ROIs1158_spring_s1_100_p290.png,E:\Data\spring\s2_100\ROIs1158_spring_s2_100_p290.png,False,low_texture;water_like,11.010071,32.705333,0.703559,40.814072,30.573957,E:\Data\spring\s1_100\ROIs1158_spring_s1_100_p290.png,E:\Data\spring\s2_100\ROIs1158_spring_s2_100_p290.png
spring,ROIs1158_spring_79_p637,E:\Data\spring\s1_79\ROIs1158_spring_s1_79_p637.png,E:\Data\spring\s2_79\ROIs1158_spring_s2_79_p637.png,False,water_like,38.030777,26.558918,0.766059,73.094116,49.101437,E:\Data\spring\s1_79\ROIs1158_spring_s1_79_p637.png,E:\Data\spring\s2_79\ROIs1158_spring_s2_79_p637.png
winter,ROIs2017_winter_63_p496,E:\Data\winter\s1_63\ROIs2017_winter_s1_63_p496.png,E:\Data\winter\s2_63\ROIs2017_winter_s2_63_p496.png,False,water_like,29.713806,32.425114,0.458767,55.614319,43.348848,E:\Data\winter\s1_63\ROIs2017_winter_s1_63_p496.png,E:\Data\winter\s2_63\ROIs2017_winter_s2_63_p496.png
summer,ROIs1868_summer_88_p2235,E:\Data\summer\s1_88\ROIs1868_summer_s1_88_p2235.png,E:\Data\summer\s2_88\ROIs1868_summer_s2_88_p2235.png,False,low_texture,9.951645,17.848832,0.0,42.787247,62.782982,E:\Data\summer\s1_88\ROIs1868_summer_s1_88_p2235.png,E:\Data\summer\s2_88\ROIs1868_summer_s2_88_p2235.png
fall,ROIs1970_fall_11_p814,E:\Data\fall\s1_11\ROIs1970_fall_s1_11_p814.png,E:\Data\fall\s2_11\ROIs1970_fall_s2_11_p814.png,False,water_like,41.824615,50.920703,0.427083,53.668671,54.080073,E:\Data\fall\s1_11\ROIs1970_fall_s1_11_p814.png,E:\Data\fall\s2_11\ROIs1970_fall_s2_11_p814.png
spring,ROIs1158_spring_143_p179,E:\Data\spring\s1_143\ROIs1158_spring_s1_143_p179.png,E:\Data\spring\s2_143\ROIs1158_spring_s2_143_p179.png,False,water_like,40.477356,33.144757,0.993924,67.275589,43.592693,E:\Data\spring\s1_143\ROIs1158_spring_s1_143_p179.png,E:\Data\spring\s2_143\ROIs1158_spring_s2_143_p179.png
fall,fall_img_tropical_p12372,E:\Data\fall\s1_150\fall_img_tropical_p12372.png,E:\Data\fall\s2_150\fall_img_tropical_p12372.png,False,low_texture,6.215103,6.636559,0.0,20.554596,16.299845,E:\Data\fall\s1_150\fall_img_tropical_p12372.png,E:\Data\fall\s2_150\fall_img_tropical_p12372.png
spring,spring_img_temperate_p844,E:\Data\spring\s1_155\spring_img_temperate_p844.png,E:\Data\spring\s2_155\spring_img_temperate_p844.png,False,low_texture,13.342728,12.626142,0.0,10.718216,8.967349,E:\Data\spring\s1_155\spring_img_temperate_p844.png,E:\Data\spring\s2_155\spring_img_temperate_p844.png
spring,ROIs1158_spring_40_p279,E:\Data\spring\s1_40\ROIs1158_spring_s1_40_p279.png,E:\Data\spring\s2_40\ROIs1158_spring_s2_40_p279.png,False,low_texture,10.286789,21.90394,0.0,33.668945,32.850925,E:\Data\spring\s1_40\ROIs1158_spring_s1_40_p279.png,E:\Data\spring\s2_40\ROIs1158_spring_s2_40_p279.png
winter,ROIs2017_winter_101_p636,E:\Data\winter\s1_101\ROIs2017_winter_s1_101_p636.png,E:\Data\winter\s2_101\ROIs2017_winter_s2_101_p636.png,False,low_texture,12.264755,66.423489,0.226562,53.877792,45.814452,E:\Data\winter\s1_101\ROIs2017_winter_s1_101_p636.png,E:\Data\winter\s2_101\ROIs2017_winter_s2_101_p636.png
fall,fall_img_tropical_p9871,E:\Data\fall\s1_150\fall_img_tropical_p9871.png,E:\Data\fall\s2_150\fall_img_tropical_p9871.png,False,low_texture,12.510101,14.107838,0.016493,33.58139,15.477182,E:\Data\fall\s1_150\fall_img_tropical_p9871.png,E:\Data\fall\s2_150\fall_img_tropical_p9871.png
fall,ROIs1970_fall_56_p623,E:\Data\fall\s1_56\ROIs1970_fall_s1_56_p623.png,E:\Data\fall\s2_56\ROIs1970_fall_s2_56_p623.png,False,low_texture,11.623413,45.645135,0.014323,40.232437,45.138769,E:\Data\fall\s1_56\ROIs1970_fall_s1_56_p623.png,E:\Data\fall\s2_56\ROIs1970_fall_s2_56_p623.png
summer,ROIs1868_summer_51_p66,E:\Data\summer\s1_51\ROIs1868_summer_s1_51_p66.png,E:\Data\summer\s2_51\ROIs1868_summer_s2_51_p66.png,False,low_texture,19.374252,12.976102,0.0,38.856842,25.624679,E:\Data\summer\s1_51\ROIs1868_summer_s1_51_p66.png,E:\Data\summer\s2_51\ROIs1868_summer_s2_51_p66.png
winter,winter_img_temperate_p5565,E:\Data\winter\s1_170\winter_img_temperate_p5565.png,E:\Data\winter\s2_170\winter_img_temperate_p5565.png,False,low_texture;sar_low_texture,26.291962,15.498095,0.0,2.435532,3.50968,E:\Data\winter\s1_170\winter_img_temperate_p5565.png,E:\Data\winter\s2_170\winter_img_temperate_p5565.png
spring,ROIs1158_spring_60_p39,E:\Data\spring\s1_60\ROIs1158_spring_s1_60_p39.png,E:\Data\spring\s2_60\ROIs1158_spring_s2_60_p39.png,False,water_like,33.810028,48.94015,0.852865,64.993988,52.34348,E:\Data\spring\s1_60\ROIs1158_spring_s1_60_p39.png,E:\Data\spring\s2_60\ROIs1158_spring_s2_60_p39.png
spring,ROIs1158_spring_40_p310,E:\Data\spring\s1_40\ROIs1158_spring_s1_40_p310.png,E:\Data\spring\s2_40\ROIs1158_spring_s2_40_p310.png,False,low_texture,9.451538,21.892462,0.0,33.361816,29.941184,E:\Data\spring\s1_40\ROIs1158_spring_s1_40_p310.png,E:\Data\spring\s2_40\ROIs1158_spring_s2_40_p310.png
summer,ROIs1868_summer_127_p1046,E:\Data\summer\s1_127\ROIs1868_summer_s1_127_p1046.png,E:\Data\summer\s2_127\ROIs1868_summer_s2_127_p1046.png,False,low_texture,20.067444,17.198041,0.0,42.891953,42.86564,E:\Data\summer\s1_127\ROIs1868_summer_s1_127_p1046.png,E:\Data\summer\s2_127\ROIs1868_summer_s2_127_p1046.png
winter,ROIs2017_winter_90_p344,E:\Data\winter\s1_90\ROIs2017_winter_s1_90_p344.png,E:\Data\winter\s2_90\ROIs2017_winter_s2_90_p344.png,False,low_texture,12.650742,20.408071,0.000434,59.952377,43.419531,E:\Data\winter\s1_90\ROIs2017_winter_s1_90_p344.png,E:\Data\winter\s2_90\ROIs2017_winter_s2_90_p344.png
summer,ROIs1868_summer_90_p865,E:\Data\summer\s1_90\ROIs1868_summer_s1_90_p865.png,E:\Data\summer\s2_90\ROIs1868_summer_s2_90_p865.png,False,low_texture;sar_low_texture,8.765488,9.508877,0.0,2.252136,6.063624,E:\Data\summer\s1_90\ROIs1868_summer_s1_90_p865.png,E:\Data\summer\s2_90\ROIs1868_summer_s2_90_p865.png
spring,ROIs1158_spring_112_p604,E:\Data\spring\s1_112\ROIs1158_spring_s1_112_p604.png,E:\Data\spring\s2_112\ROIs1158_spring_s2_112_p604.png,False,low_texture,19.703308,15.993503,0.047309,50.267914,38.009871,E:\Data\spring\s1_112\ROIs1158_spring_s1_112_p604.png,E:\Data\spring\s2_112\ROIs1158_spring_s2_112_p604.png
spring,ROIs1158_spring_35_p391,E:\Data\spring\s1_35\ROIs1158_spring_s1_35_p391.png,E:\Data\spring\s2_35\ROIs1158_spring_s2_35_p391.png,False,low_texture,11.856079,13.394593,0.0,45.921707,54.397887,E:\Data\spring\s1_35\ROIs1158_spring_s1_35_p391.png,E:\Data\spring\s2_35\ROIs1158_spring_s2_35_p391.png
fall,ROIs1970_fall_116_p2604,E:\Data\fall\s1_116\ROIs1970_fall_s1_116_p2604.png,E:\Data\fall\s2_116\ROIs1970_fall_s2_116_p2604.png,False,low_texture,8.909836,15.228054,0.0,35.911469,27.75708,E:\Data\fall\s1_116\ROIs1970_fall_s1_116_p2604.png,E:\Data\fall\s2_116\ROIs1970_fall_s2_116_p2604.png
winter,ROIs2017_winter_66_p103,E:\Data\winter\s1_66\ROIs2017_winter_s1_66_p103.png,E:\Data\winter\s2_66\ROIs2017_winter_s2_66_p103.png,False,low_texture,23.878891,14.676221,0.0,59.177109,43.084388,E:\Data\winter\s1_66\ROIs2017_winter_s1_66_p103.png,E:\Data\winter\s2_66\ROIs2017_winter_s2_66_p103.png
winter,ROIs2017_winter_8_p1042,E:\Data\winter\s1_8\ROIs2017_winter_s1_8_p1042.png,E:\Data\winter\s2_8\ROIs2017_winter_s2_8_p1042.png,False,water_like,26.020615,76.271067,0.374132,45.018875,52.830377,E:\Data\winter\s1_8\ROIs2017_winter_s1_8_p1042.png,E:\Data\winter\s2_8\ROIs2017_winter_s2_8_p1042.png
fall,fall_img_tropical_p10663,E:\Data\fall\s1_150\fall_img_tropical_p10663.png,E:\Data\fall\s2_150\fall_img_tropical_p10663.png,False,low_texture,5.853119,4.209485,0.0,34.140732,17.756144,E:\Data\fall\s1_150\fall_img_tropical_p10663.png,E:\Data\fall\s2_150\fall_img_tropical_p10663.png
fall,ROIs1970_fall_3_p806,E:\Data\fall\s1_3\ROIs1970_fall_s1_3_p806.png,E:\Data\fall\s2_3\ROIs1970_fall_s2_3_p806.png,False,low_texture,13.037292,53.364369,0.0,36.161377,57.132272,E:\Data\fall\s1_3\ROIs1970_fall_s1_3_p806.png,E:\Data\fall\s2_3\ROIs1970_fall_s2_3_p806.png
summer,ROIs1868_summer_148_p498,E:\Data\summer\s1_148\ROIs1868_summer_s1_148_p498.png,E:\Data\summer\s2_148\ROIs1868_summer_s2_148_p498.png,False,low_texture,16.687881,17.852262,0.004774,53.906616,57.749796,E:\Data\summer\s1_148\ROIs1868_summer_s1_148_p498.png,E:\Data\summer\s2_148\ROIs1868_summer_s2_148_p498.png
winter,winter_img_temperate_p4885,E:\Data\winter\s1_170\winter_img_temperate_p4885.png,E:\Data\winter\s2_170\winter_img_temperate_p4885.png,False,low_texture,22.237946,15.95767,0.0,9.412643,14.603925,E:\Data\winter\s1_170\winter_img_temperate_p4885.png,E:\Data\winter\s2_170\winter_img_temperate_p4885.png
winter,winter_img_temperate_p6084,E:\Data\winter\s1_170\winter_img_temperate_p6084.png,E:\Data\winter\s2_170\winter_img_temperate_p6084.png,False,low_texture,23.294739,16.572251,0.0,7.779831,9.267101,E:\Data\winter\s1_170\winter_img_temperate_p6084.png,E:\Data\winter\s2_170\winter_img_temperate_p6084.png
winter,ROIs2017_winter_84_p1280,E:\Data\winter\s1_84\ROIs2017_winter_s1_84_p1280.png,E:\Data\winter\s2_84\ROIs2017_winter_s2_84_p1280.png,False,low_texture,13.5728,26.09225,0.0,64.592361,47.61834,E:\Data\winter\s1_84\ROIs2017_winter_s1_84_p1280.png,E:\Data\winter\s2_84\ROIs2017_winter_s2_84_p1280.png
winter,ROIs2017_winter_112_p141,E:\Data\winter\s1_112\ROIs2017_winter_s1_112_p141.png,E:\Data\winter\s2_112\ROIs2017_winter_s2_112_p141.png,False,low_texture,13.932205,26.533395,0.0,43.043137,27.578608,E:\Data\winter\s1_112\ROIs2017_winter_s1_112_p141.png,E:\Data\winter\s2_112\ROIs2017_winter_s2_112_p141.png
fall,ROIs1970_fall_127_p637,E:\Data\fall\s1_127\ROIs1970_fall_s1_127_p637.png,E:\Data\fall\s2_127\ROIs1970_fall_s2_127_p637.png,False,low_texture,11.814758,33.701561,0.0,35.726425,25.832798,E:\Data\fall\s1_127\ROIs1970_fall_s1_127_p637.png,E:\Data\fall\s2_127\ROIs1970_fall_s2_127_p637.png
fall,ROIs1970_fall_106_p72,E:\Data\fall\s1_106\ROIs1970_fall_s1_106_p72.png,E:\Data\fall\s2_106\ROIs1970_fall_s2_106_p72.png,False,low_texture,12.049973,21.258624,0.000434,54.18924,32.191715,E:\Data\fall\s1_106\ROIs1970_fall_s1_106_p72.png,E:\Data\fall\s2_106\ROIs1970_fall_s2_106_p72.png
winter,ROIs2017_winter_134_p63,E:\Data\winter\s1_134\ROIs2017_winter_s1_134_p63.png,E:\Data\winter\s2_134\ROIs2017_winter_s2_134_p63.png,False,low_texture,5.060349,13.088053,0.000868,38.530212,27.2065,E:\Data\winter\s1_134\ROIs2017_winter_s1_134_p63.png,E:\Data\winter\s2_134\ROIs2017_winter_s2_134_p63.png
fall,fall_img_tropical_p9278,E:\Data\fall\s1_150\fall_img_tropical_p9278.png,E:\Data\fall\s2_150\fall_img_tropical_p9278.png,False,low_texture,7.993652,8.851606,0.0,18.035019,20.579265,E:\Data\fall\s1_150\fall_img_tropical_p9278.png,E:\Data\fall\s2_150\fall_img_tropical_p9278.png
winter,ROIs2017_winter_117_p963,E:\Data\winter\s1_117\ROIs2017_winter_s1_117_p963.png,E:\Data\winter\s2_117\ROIs2017_winter_s2_117_p963.png,False,low_texture,2.833893,1.121252,0.0,36.155762,21.731723,E:\Data\winter\s1_117\ROIs2017_winter_s1_117_p963.png,E:\Data\winter\s2_117\ROIs2017_winter_s2_117_p963.png
spring,ROIs1158_spring_35_p507,E:\Data\spring\s1_35\ROIs1158_spring_s1_35_p507.png,E:\Data\spring\s2_35\ROIs1158_spring_s2_35_p507.png,False,low_texture,11.241684,17.971643,0.0,46.021057,57.405407,E:\Data\spring\s1_35\ROIs1158_spring_s1_35_p507.png,E:\Data\spring\s2_35\ROIs1158_spring_s2_35_p507.png
summer,ROIs1868_summer_121_p58,E:\Data\summer\s1_121\ROIs1868_summer_s1_121_p58.png,E:\Data\summer\s2_121\ROIs1868_summer_s2_121_p58.png,False,water_like,46.307007,38.589442,0.878906,68.559067,45.410851,E:\Data\summer\s1_121\ROIs1868_summer_s1_121_p58.png,E:\Data\summer\s2_121\ROIs1868_summer_s2_121_p58.png
fall,ROIs1970_fall_42_p1540,E:\Data\fall\s1_42\ROIs1970_fall_s1_42_p1540.png,E:\Data\fall\s2_42\ROIs1970_fall_s2_42_p1540.png,False,water_like,15.845291,20.83445,0.990885,26.770905,24.387571,E:\Data\fall\s1_42\ROIs1970_fall_s1_42_p1540.png,E:\Data\fall\s2_42\ROIs1970_fall_s2_42_p1540.png
fall,ROIs1970_fall_11_p571,E:\Data\fall\s1_11\ROIs1970_fall_s1_11_p571.png,E:\Data\fall\s2_11\ROIs1970_fall_s2_11_p571.png,False,water_like,51.67244,51.338256,0.616319,58.524277,58.398601,E:\Data\fall\s1_11\ROIs1970_fall_s1_11_p571.png,E:\Data\fall\s2_11\ROIs1970_fall_s2_11_p571.png
spring,ROIs1158_spring_40_p639,E:\Data\spring\s1_40\ROIs1158_spring_s1_40_p639.png,E:\Data\spring\s2_40\ROIs1158_spring_s2_40_p639.png,False,low_texture,10.887939,19.056049,0.0,33.674911,31.057998,E:\Data\spring\s1_40\ROIs1158_spring_s1_40_p639.png,E:\Data\spring\s2_40\ROIs1158_spring_s2_40_p639.png
fall,ROIs1970_fall_139_p1545,E:\Data\fall\s1_139\ROIs1970_fall_s1_139_p1545.png,E:\Data\fall\s2_139\ROIs1970_fall_s2_139_p1545.png,False,water_like,21.10173,24.885536,0.657986,29.377228,71.142119,E:\Data\fall\s1_139\ROIs1970_fall_s1_139_p1545.png,E:\Data\fall\s2_139\ROIs1970_fall_s2_139_p1545.png
spring,ROIs1158_spring_23_p792,E:\Data\spring\s1_23\ROIs1158_spring_s1_23_p792.png,E:\Data\spring\s2_23\ROIs1158_spring_s2_23_p792.png,False,water_like,33.289734,29.348317,0.959635,42.249908,39.517331,E:\Data\spring\s1_23\ROIs1158_spring_s1_23_p792.png,E:\Data\spring\s2_23\ROIs1158_spring_s2_23_p792.png
summer,ROIs1868_summer_88_p818,E:\Data\summer\s1_88\ROIs1868_summer_s1_88_p818.png,E:\Data\summer\s2_88\ROIs1868_summer_s2_88_p818.png,False,low_texture,8.855209,30.820138,0.0,42.361023,54.981068,E:\Data\summer\s1_88\ROIs1868_summer_s1_88_p818.png,E:\Data\summer\s2_88\ROIs1868_summer_s2_88_p818.png
summer,summer_img_temperate_p5556,E:\Data\summer\s1_160\summer_img_temperate_p5556.png,E:\Data\summer\s2_160\summer_img_temperate_p5556.png,False,low_texture,13.450806,16.549545,0.0,8.366714,7.234603,E:\Data\summer\s1_160\summer_img_temperate_p5556.png,E:\Data\summer\s2_160\summer_img_temperate_p5556.png
summer,ROIs1868_summer_51_p729,E:\Data\summer\s1_51\ROIs1868_summer_s1_51_p729.png,E:\Data\summer\s2_51\ROIs1868_summer_s2_51_p729.png,False,low_texture,19.671707,17.452583,0.0,39.890228,30.829069,E:\Data\summer\s1_51\ROIs1868_summer_s1_51_p729.png,E:\Data\summer\s2_51\ROIs1868_summer_s2_51_p729.png
winter,ROIs2017_winter_53_p478,E:\Data\winter\s1_53\ROIs2017_winter_s1_53_p478.png,E:\Data\winter\s2_53\ROIs2017_winter_s2_53_p478.png,False,water_like,30.917419,36.193999,0.654948,49.474091,45.146722,E:\Data\winter\s1_53\ROIs2017_winter_s1_53_p478.png,E:\Data\winter\s2_53\ROIs2017_winter_s2_53_p478.png
spring,ROIs1158_spring_100_p56,E:\Data\spring\s1_100\ROIs1158_spring_s1_100_p56.png,E:\Data\spring\s2_100\ROIs1158_spring_s2_100_p56.png,False,low_texture;water_like,13.618347,30.066226,0.974826,41.868561,35.297781,E:\Data\spring\s1_100\ROIs1158_spring_s1_100_p56.png,E:\Data\spring\s2_100\ROIs1158_spring_s2_100_p56.png
fall,ROIs1970_fall_116_p33,E:\Data\fall\s1_116\ROIs1970_fall_s1_116_p33.png,E:\Data\fall\s2_116\ROIs1970_fall_s2_116_p33.png,False,low_texture,11.455673,75.43174,0.275608,37.577179,70.265192,E:\Data\fall\s1_116\ROIs1970_fall_s1_116_p33.png,E:\Data\fall\s2_116\ROIs1970_fall_s2_116_p33.png
winter,ROIs2017_winter_101_p98,E:\Data\winter\s1_101\ROIs2017_winter_s1_101_p98.png,E:\Data\winter\s2_101\ROIs2017_winter_s2_101_p98.png,False,low_texture,11.212372,26.5395,0.0,50.105637,37.381294,E:\Data\winter\s1_101\ROIs2017_winter_s1_101_p98.png,E:\Data\winter\s2_101\ROIs2017_winter_s2_101_p98.png
spring,ROIs1158_spring_143_p958,E:\Data\spring\s1_143\ROIs1158_spring_s1_143_p958.png,E:\Data\spring\s2_143\ROIs1158_spring_s2_143_p958.png,False,water_like,43.776337,44.049933,0.628472,64.363495,48.648799,E:\Data\spring\s1_143\ROIs1158_spring_s1_143_p958.png,E:\Data\spring\s2_143\ROIs1158_spring_s2_143_p958.png
spring,ROIs1158_spring_65_p1731,E:\Data\spring\s1_65\ROIs1158_spring_s1_65_p1731.png,E:\Data\spring\s2_65\ROIs1158_spring_s2_65_p1731.png,False,water_like,25.022842,40.375669,0.393663,47.33638,35.713737,E:\Data\spring\s1_65\ROIs1158_spring_s1_65_p1731.png,E:\Data\spring\s2_65\ROIs1158_spring_s2_65_p1731.png
fall,ROIs1970_fall_79_p841,E:\Data\fall\s1_79\ROIs1970_fall_s1_79_p841.png,E:\Data\fall\s2_79\ROIs1970_fall_s2_79_p841.png,False,low_texture,10.53688,12.268261,0.0,48.619827,34.729031,E:\Data\fall\s1_79\ROIs1970_fall_s1_79_p841.png,E:\Data\fall\s2_79\ROIs1970_fall_s2_79_p841.png
spring,ROIs1158_spring_14_p234,E:\Data\spring\s1_14\ROIs1158_spring_s1_14_p234.png,E:\Data\spring\s2_14\ROIs1158_spring_s2_14_p234.png,False,low_texture,2.598099,3.464331,0.0,53.173233,33.203172,E:\Data\spring\s1_14\ROIs1158_spring_s1_14_p234.png,E:\Data\spring\s2_14\ROIs1158_spring_s2_14_p234.png
fall,fall_img_temperate_p2469,E:\Data\fall\s1_150\fall_img_temperate_p2469.png,E:\Data\fall\s2_150\fall_img_temperate_p2469.png,False,low_texture,15.524323,9.551289,0.0,11.952835,5.795066,E:\Data\fall\s1_150\fall_img_temperate_p2469.png,E:\Data\fall\s2_150\fall_img_temperate_p2469.png
spring,ROIs1158_spring_115_p754,E:\Data\spring\s1_115\ROIs1158_spring_s1_115_p754.png,E:\Data\spring\s2_115\ROIs1158_spring_s2_115_p754.png,False,low_texture,14.794037,16.983134,0.0,44.312988,28.002922,E:\Data\spring\s1_115\ROIs1158_spring_s1_115_p754.png,E:\Data\spring\s2_115\ROIs1158_spring_s2_115_p754.png
fall,ROIs1970_fall_59_p420,E:\Data\fall\s1_59\ROIs1970_fall_s1_59_p420.png,E:\Data\fall\s2_59\ROIs1970_fall_s2_59_p420.png,False,low_texture;water_like,12.873245,13.107994,1.0,41.191711,26.676919,E:\Data\fall\s1_59\ROIs1970_fall_s1_59_p420.png,E:\Data\fall\s2_59\ROIs1970_fall_s2_59_p420.png
summer,ROIs1868_summer_57_p790,E:\Data\summer\s1_57\ROIs1868_summer_s1_57_p790.png,E:\Data\summer\s2_57\ROIs1868_summer_s2_57_p790.png,False,water_like,29.597977,39.478497,0.513889,43.217834,42.886983,E:\Data\summer\s1_57\ROIs1868_summer_s1_57_p790.png,E:\Data\summer\s2_57\ROIs1868_summer_s2_57_p790.png
fall,ROIs1970_fall_116_p2578,E:\Data\fall\s1_116\ROIs1970_fall_s1_116_p2578.png,E:\Data\fall\s2_116\ROIs1970_fall_s2_116_p2578.png,False,low_texture,7.335571,8.425653,0.0,35.520844,25.544193,E:\Data\fall\s1_116\ROIs1970_fall_s1_116_p2578.png,E:\Data\fall\s2_116\ROIs1970_fall_s2_116_p2578.png
winter,winter_img_temperate_p5846,E:\Data\winter\s1_170\winter_img_temperate_p5846.png,E:\Data\winter\s2_170\winter_img_temperate_p5846.png,False,low_texture;sar_low_texture,16.179047,12.027874,0.0,4.966461,6.193904,E:\Data\winter\s1_170\winter_img_temperate_p5846.png,E:\Data\winter\s2_170\winter_img_temperate_p5846.png
winter,ROIs2017_winter_101_p912,E:\Data\winter\s1_101\ROIs2017_winter_s1_101_p912.png,E:\Data\winter\s2_101\ROIs2017_winter_s2_101_p912.png,False,low_texture;water_like,8.220657,24.85772,1.0,53.650848,47.481079,E:\Data\winter\s1_101\ROIs2017_winter_s1_101_p912.png,E:\Data\winter\s2_101\ROIs2017_winter_s2_101_p912.png
winter,ROIs2017_winter_101_p1142,E:\Data\winter\s1_101\ROIs2017_winter_s1_101_p1142.png,E:\Data\winter\s2_101\ROIs2017_winter_s2_101_p1142.png,False,water_like,14.438446,59.017599,0.374132,49.59407,40.3768,E:\Data\winter\s1_101\ROIs2017_winter_s1_101_p1142.png,E:\Data\winter\s2_101\ROIs2017_winter_s2_101_p1142.png
spring,ROIs1158_spring_112_p778,E:\Data\spring\s1_112\ROIs1158_spring_s1_112_p778.png,E:\Data\spring\s2_112\ROIs1158_spring_s2_112_p778.png,False,low_texture,15.065292,12.300907,0.0,48.283951,35.039124,E:\Data\spring\s1_112\ROIs1158_spring_s1_112_p778.png,E:\Data\spring\s2_112\ROIs1158_spring_s2_112_p778.png
winter,winter_img_temperate_p9877,E:\Data\winter\s1_170\winter_img_temperate_p9877.png,E:\Data\winter\s2_170\winter_img_temperate_p9877.png,False,low_texture;sar_low_texture,24.101974,16.783484,0.0,5.975967,3.943622,E:\Data\winter\s1_170\winter_img_temperate_p9877.png,E:\Data\winter\s2_170\winter_img_temperate_p9877.png
winter,ROIs2017_winter_146_p935,E:\Data\winter\s1_146\ROIs2017_winter_s1_146_p935.png,E:\Data\winter\s2_146\ROIs2017_winter_s2_146_p935.png,False,low_texture,13.065155,36.157717,0.190104,60.223709,57.191182,E:\Data\winter\s1_146\ROIs2017_winter_s1_146_p935.png,E:\Data\winter\s2_146\ROIs2017_winter_s2_146_p935.png
summer,ROIs1868_summer_106_p524,E:\Data\summer\s1_106\ROIs1868_summer_s1_106_p524.png,E:\Data\summer\s2_106\ROIs1868_summer_s2_106_p524.png,False,low_texture,11.314804,13.433536,0.0,56.92865,42.272655,E:\Data\summer\s1_106\ROIs1868_summer_s1_106_p524.png,E:\Data\summer\s2_106\ROIs1868_summer_s2_106_p524.png
fall,fall_img_tropical_p9756,E:\Data\fall\s1_150\fall_img_tropical_p9756.png,E:\Data\fall\s2_150\fall_img_tropical_p9756.png,False,low_texture,10.588562,11.228029,0.000868,39.448608,20.238134,E:\Data\fall\s1_150\fall_img_tropical_p9756.png,E:\Data\fall\s2_150\fall_img_tropical_p9756.png
summer,ROIs1868_summer_41_p876,E:\Data\summer\s1_41\ROIs1868_summer_s1_41_p876.png,E:\Data\summer\s2_41\ROIs1868_summer_s2_41_p876.png,False,low_texture,13.879654,25.979095,0.0,33.226395,30.910133,E:\Data\summer\s1_41\ROIs1868_summer_s1_41_p876.png,E:\Data\summer\s2_41\ROIs1868_summer_s2_41_p876.png
summer,ROIs1868_summer_47_p485,E:\Data\summer\s1_47\ROIs1868_summer_s1_47_p485.png,E:\Data\summer\s2_47\ROIs1868_summer_s2_47_p485.png,False,low_texture;water_like,14.532272,13.772465,0.998698,46.472214,37.167253,E:\Data\summer\s1_47\ROIs1868_summer_s1_47_p485.png,E:\Data\summer\s2_47\ROIs1868_summer_s2_47_p485.png
summer,ROIs1868_summer_32_p586,E:\Data\summer\s1_32\ROIs1868_summer_s1_32_p586.png,E:\Data\summer\s2_32\ROIs1868_summer_s2_32_p586.png,False,water_like,46.253006,43.181029,0.393663,45.714813,41.263318,E:\Data\summer\s1_32\ROIs1868_summer_s1_32_p586.png,E:\Data\summer\s2_32\ROIs1868_summer_s2_32_p586.png
summer,ROIs1868_summer_102_p877,E:\Data\summer\s1_102\ROIs1868_summer_s1_102_p877.png,E:\Data\summer\s2_102\ROIs1868_summer_s2_102_p877.png,False,low_texture,9.758865,21.605116,0.009115,48.159454,36.098523,E:\Data\summer\s1_102\ROIs1868_summer_s1_102_p877.png,E:\Data\summer\s2_102\ROIs1868_summer_s2_102_p877.png
fall,ROIs1970_fall_116_p1894,E:\Data\fall\s1_116\ROIs1970_fall_s1_116_p1894.png,E:\Data\fall\s2_116\ROIs1970_fall_s2_116_p1894.png,False,low_texture,6.694931,15.538031,0.190104,35.652466,25.414182,E:\Data\fall\s1_116\ROIs1970_fall_s1_116_p1894.png,E:\Data\fall\s2_116\ROIs1970_fall_s2_116_p1894.png
summer,ROIs1868_summer_95_p1099,E:\Data\summer\s1_95\ROIs1868_summer_s1_95_p1099.png,E:\Data\summer\s2_95\ROIs1868_summer_s2_95_p1099.png,False,low_texture,12.868973,38.467303,0.000868,21.152283,18.700975,E:\Data\summer\s1_95\ROIs1868_summer_s1_95_p1099.png,E:\Data\summer\s2_95\ROIs1868_summer_s2_95_p1099.png
winter,ROIs2017_winter_24_p149,E:\Data\winter\s1_24\ROIs2017_winter_s1_24_p149.png,E:\Data\winter\s2_24\ROIs2017_winter_s2_24_p149.png,False,water_like,24.728363,53.241705,0.507812,43.717499,52.708448,E:\Data\winter\s1_24\ROIs2017_winter_s1_24_p149.png,E:\Data\winter\s2_24\ROIs2017_winter_s2_24_p149.png
summer,ROIs1868_summer_0_p173,E:\Data\summer\s1_0\ROIs1868_summer_s1_0_p173.png,E:\Data\summer\s2_0\ROIs1868_summer_s2_0_p173.png,False,water_like,41.340408,63.331507,0.354601,38.548737,32.027353,E:\Data\summer\s1_0\ROIs1868_summer_s1_0_p173.png,E:\Data\summer\s2_0\ROIs1868_summer_s2_0_p173.png
winter,winter_img_temperate_p10567,E:\Data\winter\s1_170\winter_img_temperate_p10567.png,E:\Data\winter\s2_170\winter_img_temperate_p10567.png,False,low_texture,14.921356,11.664679,0.0,13.179352,11.829248,E:\Data\winter\s1_170\winter_img_temperate_p10567.png,E:\Data\winter\s2_170\winter_img_temperate_p10567.png
winter,winter_img_temperate_p6412,E:\Data\winter\s1_170\winter_img_temperate_p6412.png,E:\Data\winter\s2_170\winter_img_temperate_p6412.png,False,low_texture,16.415817,15.016306,0.0,12.070724,14.735658,E:\Data\winter\s1_170\winter_img_temperate_p6412.png,E:\Data\winter\s2_170\winter_img_temperate_p6412.png
winter,ROIs2017_winter_47_p53,E:\Data\winter\s1_47\ROIs2017_winter_s1_47_p53.png,E:\Data\winter\s2_47\ROIs2017_winter_s2_47_p53.png,False,low_texture,12.312073,19.427259,0.001302,54.942871,39.768636,E:\Data\winter\s1_47\ROIs2017_winter_s1_47_p53.png,E:\Data\winter\s2_47\ROIs2017_winter_s2_47_p53.png
spring,ROIs1158_spring_7_p50,E:\Data\spring\s1_7\ROIs1158_spring_s1_7_p50.png,E:\Data\spring\s2_7\ROIs1158_spring_s2_7_p50.png,False,low_texture,13.433517,26.558787,0.0,42.094467,34.935947,E:\Data\spring\s1_7\ROIs1158_spring_s1_7_p50.png,E:\Data\spring\s2_7\ROIs1158_spring_s2_7_p50.png
fall,ROIs1970_fall_109_p922,E:\Data\fall\s1_109\ROIs1970_fall_s1_109_p922.png,E:\Data\fall\s2_109\ROIs1970_fall_s2_109_p922.png,False,water_like,15.380539,36.391327,0.382378,54.228592,45.211759,E:\Data\fall\s1_109\ROIs1970_fall_s1_109_p922.png,E:\Data\fall\s2_109\ROIs1970_fall_s2_109_p922.png
summer,ROIs1868_summer_88_p51,E:\Data\summer\s1_88\ROIs1868_summer_s1_88_p51.png,E:\Data\summer\s2_88\ROIs1868_summer_s2_88_p51.png,False,low_texture,5.198883,7.299181,0.0,40.269272,36.553872,E:\Data\summer\s1_88\ROIs1868_summer_s1_88_p51.png,E:\Data\summer\s2_88\ROIs1868_summer_s2_88_p51.png
summer,summer_img_temperate_p1943,E:\Data\summer\s1_160\summer_img_temperate_p1943.png,E:\Data\summer\s2_160\summer_img_temperate_p1943.png,False,low_texture,19.63736,17.249552,0.0,8.229355,8.668435,E:\Data\summer\s1_160\summer_img_temperate_p1943.png,E:\Data\summer\s2_160\summer_img_temperate_p1943.png
summer,ROIs1868_summer_56_p939,E:\Data\summer\s1_56\ROIs1868_summer_s1_56_p939.png,E:\Data\summer\s2_56\ROIs1868_summer_s2_56_p939.png,False,low_texture,13.757431,17.159659,0.0,53.75708,40.745414,E:\Data\summer\s1_56\ROIs1868_summer_s1_56_p939.png,E:\Data\summer\s2_56\ROIs1868_summer_s2_56_p939.png
spring,ROIs1158_spring_100_p6,E:\Data\spring\s1_100\ROIs1158_spring_s1_100_p6.png,E:\Data\spring\s2_100\ROIs1158_spring_s2_100_p6.png,False,low_texture;water_like,12.814407,22.379729,0.877604,41.96228,30.228784,E:\Data\spring\s1_100\ROIs1158_spring_s1_100_p6.png,E:\Data\spring\s2_100\ROIs1158_spring_s2_100_p6.png
winter,ROIs2017_winter_102_p174,E:\Data\winter\s1_102\ROIs2017_winter_s1_102_p174.png,E:\Data\winter\s2_102\ROIs2017_winter_s2_102_p174.png,False,low_texture,13.965012,21.909231,0.000434,41.901276,34.755029,E:\Data\winter\s1_102\ROIs2017_winter_s1_102_p174.png,E:\Data\winter\s2_102\ROIs2017_winter_s2_102_p174.png
fall,fall_img_temperate_p4127,E:\Data\fall\s1_150\fall_img_temperate_p4127.png,E:\Data\fall\s2_150\fall_img_temperate_p4127.png,False,low_texture,17.043884,15.355262,0.0,6.9646,8.623875,E:\Data\fall\s1_150\fall_img_temperate_p4127.png,E:\Data\fall\s2_150\fall_img_temperate_p4127.png
spring,ROIs1158_spring_40_p350,E:\Data\spring\s1_40\ROIs1158_spring_s1_40_p350.png,E:\Data\spring\s2_40\ROIs1158_spring_s2_40_p350.png,False,low_texture,12.954071,26.806495,0.0,33.617981,34.443791,E:\Data\spring\s1_40\ROIs1158_spring_s1_40_p350.png,E:\Data\spring\s2_40\ROIs1158_spring_s2_40_p350.png
spring,ROIs1158_spring_54_p681,E:\Data\spring\s1_54\ROIs1158_spring_s1_54_p681.png,E:\Data\spring\s2_54\ROIs1158_spring_s2_54_p681.png,False,water_like,17.607407,32.973558,0.707465,43.022186,45.416747,E:\Data\spring\s1_54\ROIs1158_spring_s1_54_p681.png,E:\Data\spring\s2_54\ROIs1158_spring_s2_54_p681.png
winter,ROIs2017_winter_33_p1819,E:\Data\winter\s1_33\ROIs2017_winter_s1_33_p1819.png,E:\Data\winter\s2_33\ROIs2017_winter_s2_33_p1819.png,False,low_texture,11.193527,42.044163,0.005642,57.011856,43.197601,E:\Data\winter\s1_33\ROIs2017_winter_s1_33_p1819.png,E:\Data\winter\s2_33\ROIs2017_winter_s2_33_p1819.png
winter,ROIs2017_winter_93_p839,E:\Data\winter\s1_93\ROIs2017_winter_s1_93_p839.png,E:\Data\winter\s2_93\ROIs2017_winter_s2_93_p839.png,False,water_like,21.596863,35.297542,0.861979,57.747711,49.269757,E:\Data\winter\s1_93\ROIs2017_winter_s1_93_p839.png,E:\Data\winter\s2_93\ROIs2017_winter_s2_93_p839.png
fall,fall_img_tropical_p9012,E:\Data\fall\s1_150\fall_img_tropical_p9012.png,E:\Data\fall\s2_150\fall_img_tropical_p9012.png,False,low_texture,9.635452,7.121881,0.0,30.92392,16.69488,E:\Data\fall\s1_150\fall_img_tropical_p9012.png,E:\Data\fall\s2_150\fall_img_tropical_p9012.png
summer,ROIs1868_summer_47_p432,E:\Data\summer\s1_47\ROIs1868_summer_s1_47_p432.png,E:\Data\summer\s2_47\ROIs1868_summer_s2_47_p432.png,False,water_like,17.948196,25.804626,0.97309,47.008163,44.588753,E:\Data\summer\s1_47\ROIs1868_summer_s1_47_p432.png,E:\Data\summer\s2_47\ROIs1868_summer_s2_47_p432.png
summer,ROIs1868_summer_115_p322,E:\Data\summer\s1_115\ROIs1868_summer_s1_115_p322.png,E:\Data\summer\s2_115\ROIs1868_summer_s2_115_p322.png,False,low_texture,13.172836,13.528726,0.0,44.965317,33.423252,E:\Data\summer\s1_115\ROIs1868_summer_s1_115_p322.png,E:\Data\summer\s2_115\ROIs1868_summer_s2_115_p322.png
summer,ROIs1868_summer_25_p894,E:\Data\summer\s1_25\ROIs1868_summer_s1_25_p894.png,E:\Data\summer\s2_25\ROIs1868_summer_s2_25_p894.png,False,low_texture,6.052948,21.26777,0.0,40.054199,44.346161,E:\Data\summer\s1_25\ROIs1868_summer_s1_25_p894.png,E:\Data\summer\s2_25\ROIs1868_summer_s2_25_p894.png
winter,winter_img_temperate_p2234,E:\Data\winter\s1_170\winter_img_temperate_p2234.png,E:\Data\winter\s2_170\winter_img_temperate_p2234.png,False,low_texture,23.45079,15.556522,0.0,9.736862,21.16785,E:\Data\winter\s1_170\winter_img_temperate_p2234.png,E:\Data\winter\s2_170\winter_img_temperate_p2234.png
summer,summer_img_temperate_p2229,E:\Data\summer\s1_160\summer_img_temperate_p2229.png,E:\Data\summer\s2_160\summer_img_temperate_p2229.png,False,low_texture;sar_low_texture,13.704849,14.28401,0.0,4.452194,4.290275,E:\Data\summer\s1_160\summer_img_temperate_p2229.png,E:\Data\summer\s2_160\summer_img_temperate_p2229.png
winter,ROIs2017_winter_66_p823,E:\Data\winter\s1_66\ROIs2017_winter_s1_66_p823.png,E:\Data\winter\s2_66\ROIs2017_winter_s2_66_p823.png,False,water_like,46.05751,57.726844,0.426215,59.425186,44.072567,E:\Data\winter\s1_66\ROIs2017_winter_s1_66_p823.png,E:\Data\winter\s2_66\ROIs2017_winter_s2_66_p823.png
fall,ROIs1970_fall_78_p510,E:\Data\fall\s1_78\ROIs1970_fall_s1_78_p510.png,E:\Data\fall\s2_78\ROIs1970_fall_s2_78_p510.png,False,low_texture,14.946182,16.227661,0.0,45.789108,33.087595,E:\Data\fall\s1_78\ROIs1970_fall_s1_78_p510.png,E:\Data\fall\s2_78\ROIs1970_fall_s2_78_p510.png
summer,ROIs1868_summer_61_p312,E:\Data\summer\s1_61\ROIs1868_summer_s1_61_p312.png,E:\Data\summer\s2_61\ROIs1868_summer_s2_61_p312.png,False,low_texture,13.705795,45.36008,0.0,74.0979,47.752592,E:\Data\summer\s1_61\ROIs1868_summer_s1_61_p312.png,E:\Data\summer\s2_61\ROIs1868_summer_s2_61_p312.png
summer,ROIs1868_summer_142_p502,E:\Data\summer\s1_142\ROIs1868_summer_s1_142_p502.png,E:\Data\summer\s2_142\ROIs1868_summer_s2_142_p502.png,False,water_like,28.664764,33.867796,0.427951,55.974823,61.857692,E:\Data\summer\s1_142\ROIs1868_summer_s1_142_p502.png,E:\Data\summer\s2_142\ROIs1868_summer_s2_142_p502.png
winter,ROIs2017_winter_140_p1257,E:\Data\winter\s1_140\ROIs2017_winter_s1_140_p1257.png,E:\Data\winter\s2_140\ROIs2017_winter_s2_140_p1257.png,False,water_like,16.626923,26.708474,0.664931,19.978317,13.994728,E:\Data\winter\s1_140\ROIs2017_winter_s1_140_p1257.png,E:\Data\winter\s2_140\ROIs2017_winter_s2_140_p1257.png
winter,ROIs2017_winter_41_p423,E:\Data\winter\s1_41\ROIs2017_winter_s1_41_p423.png,E:\Data\winter\s2_41\ROIs2017_winter_s2_41_p423.png,False,low_texture,13.133102,21.942828,0.00651,22.995178,20.003181,E:\Data\winter\s1_41\ROIs2017_winter_s1_41_p423.png,E:\Data\winter\s2_41\ROIs2017_winter_s2_41_p423.png
winter,winter_img_temperate_p4618,E:\Data\winter\s1_170\winter_img_temperate_p4618.png,E:\Data\winter\s2_170\winter_img_temperate_p4618.png,False,low_texture,19.82399,17.7979,0.0,7.914719,9.092031,E:\Data\winter\s1_170\winter_img_temperate_p4618.png,E:\Data\winter\s2_170\winter_img_temperate_p4618.png
winter,ROIs2017_winter_146_p73,E:\Data\winter\s1_146\ROIs2017_winter_s1_146_p73.png,E:\Data\winter\s2_146\ROIs2017_winter_s2_146_p73.png,False,water_like,14.376709,38.485797,0.848524,59.984482,49.812323,E:\Data\winter\s1_146\ROIs2017_winter_s1_146_p73.png,E:\Data\winter\s2_146\ROIs2017_winter_s2_146_p73.png
spring,ROIs1158_spring_79_p862,E:\Data\spring\s1_79\ROIs1158_spring_s1_79_p862.png,E:\Data\spring\s2_79\ROIs1158_spring_s2_79_p862.png,False,water_like,47.067886,32.775978,0.514757,73.5383,49.939552,E:\Data\spring\s1_79\ROIs1158_spring_s1_79_p862.png,E:\Data\spring\s2_79\ROIs1158_spring_s2_79_p862.png
fall,ROIs1970_fall_110_p947,E:\Data\fall\s1_110\ROIs1970_fall_s1_110_p947.png,E:\Data\fall\s2_110\ROIs1970_fall_s2_110_p947.png,False,water_like,33.092514,39.334217,0.557726,56.052811,42.859319,E:\Data\fall\s1_110\ROIs1970_fall_s1_110_p947.png,E:\Data\fall\s2_110\ROIs1970_fall_s2_110_p947.png
summer,ROIs1868_summer_86_p397,E:\Data\summer\s1_86\ROIs1868_summer_s1_86_p397.png,E:\Data\summer\s2_86\ROIs1868_summer_s2_86_p397.png,False,low_texture,13.298355,41.248495,0.028646,60.751511,50.172115,E:\Data\summer\s1_86\ROIs1868_summer_s1_86_p397.png,E:\Data\summer\s2_86\ROIs1868_summer_s2_86_p397.png
fall,ROIs1970_fall_7_p70,E:\Data\fall\s1_7\ROIs1970_fall_s1_7_p70.png,E:\Data\fall\s2_7\ROIs1970_fall_s2_7_p70.png,False,water_like,30.357651,22.835974,0.999566,47.586731,53.872474,E:\Data\fall\s1_7\ROIs1970_fall_s1_7_p70.png,E:\Data\fall\s2_7\ROIs1970_fall_s2_7_p70.png
fall,ROIs1970_fall_138_p745,E:\Data\fall\s1_138\ROIs1970_fall_s1_138_p745.png,E:\Data\fall\s2_138\ROIs1970_fall_s2_138_p745.png,False,low_texture,8.944199,7.921217,0.0,50.320145,37.864203,E:\Data\fall\s1_138\ROIs1970_fall_s1_138_p745.png,E:\Data\fall\s2_138\ROIs1970_fall_s2_138_p745.png
fall,ROIs1970_fall_26_p476,E:\Data\fall\s1_26\ROIs1970_fall_s1_26_p476.png,E:\Data\fall\s2_26\ROIs1970_fall_s2_26_p476.png,False,water_like,57.605911,55.913386,0.641927,44.965668,60.728809,E:\Data\fall\s1_26\ROIs1970_fall_s1_26_p476.png,E:\Data\fall\s2_26\ROIs1970_fall_s2_26_p476.png
spring,ROIs1158_spring_2_p749,E:\Data\spring\s1_2\ROIs1158_spring_s1_2_p749.png,E:\Data\spring\s2_2\ROIs1158_spring_s2_2_p749.png,False,water_like,31.712677,39.312704,0.710938,50.557098,50.863362,E:\Data\spring\s1_2\ROIs1158_spring_s1_2_p749.png,E:\Data\spring\s2_2\ROIs1158_spring_s2_2_p749.png
winter,ROIs2017_winter_34_p1102,E:\Data\winter\s1_34\ROIs2017_winter_s1_34_p1102.png,E:\Data\winter\s2_34\ROIs2017_winter_s2_34_p1102.png,False,low_texture,10.63501,46.576315,0.0,23.787659,44.975328,E:\Data\winter\s1_34\ROIs2017_winter_s1_34_p1102.png,E:\Data\winter\s2_34\ROIs2017_winter_s2_34_p1102.png
fall,fall_img_tropical_p12176,E:\Data\fall\s1_150\fall_img_tropical_p12176.png,E:\Data\fall\s2_150\fall_img_tropical_p12176.png,False,low_texture,9.601959,6.698547,0.0,28.218262,17.599192,E:\Data\fall\s1_150\fall_img_tropical_p12176.png,E:\Data\fall\s2_150\fall_img_tropical_p12176.png
summer,ROIs1868_summer_115_p82,E:\Data\summer\s1_115\ROIs1868_summer_s1_115_p82.png,E:\Data\summer\s2_115\ROIs1868_summer_s2_115_p82.png,False,low_texture;water_like,11.844666,12.049665,1.0,47.482407,32.531071,E:\Data\summer\s1_115\ROIs1868_summer_s1_115_p82.png,E:\Data\summer\s2_115\ROIs1868_summer_s2_115_p82.png
fall,ROIs1970_fall_7_p698,E:\Data\fall\s1_7\ROIs1970_fall_s1_7_p698.png,E:\Data\fall\s2_7\ROIs1970_fall_s2_7_p698.png,False,water_like,26.388458,28.844613,0.983073,47.55603,48.248344,E:\Data\fall\s1_7\ROIs1970_fall_s1_7_p698.png,E:\Data\fall\s2_7\ROIs1970_fall_s2_7_p698.png
winter,ROIs2017_winter_128_p451,E:\Data\winter\s1_128\ROIs2017_winter_s1_128_p451.png,E:\Data\winter\s2_128\ROIs2017_winter_s2_128_p451.png,False,water_like,44.814514,35.904577,0.404948,69.580856,49.861914,E:\Data\winter\s1_128\ROIs2017_winter_s1_128_p451.png,E:\Data\winter\s2_128\ROIs2017_winter_s2_128_p451.png
summer,ROIs1868_summer_88_p2042,E:\Data\summer\s1_88\ROIs1868_summer_s1_88_p2042.png,E:\Data\summer\s2_88\ROIs1868_summer_s2_88_p2042.png,False,low_texture,7.037003,10.725712,0.0,41.816925,43.171193,E:\Data\summer\s1_88\ROIs1868_summer_s1_88_p2042.png,E:\Data\summer\s2_88\ROIs1868_summer_s2_88_p2042.png
fall,fall_img_temperate_p2250,E:\Data\fall\s1_150\fall_img_temperate_p2250.png,E:\Data\fall\s2_150\fall_img_temperate_p2250.png,False,low_texture;sar_low_texture,16.617844,7.866541,0.0,6.989212,3.437147,E:\Data\fall\s1_150\fall_img_temperate_p2250.png,E:\Data\fall\s2_150\fall_img_temperate_p2250.png
fall,fall_img_tropical_p6815,E:\Data\fall\s1_150\fall_img_tropical_p6815.png,E:\Data\fall\s2_150\fall_img_tropical_p6815.png,False,low_texture,10.830658,22.458917,0.015625,35.166382,16.224352,E:\Data\fall\s1_150\fall_img_tropical_p6815.png,E:\Data\fall\s2_150\fall_img_tropical_p6815.png
fall,fall_img_temperate_p834,E:\Data\fall\s1_150\fall_img_temperate_p834.png,E:\Data\fall\s2_150\fall_img_temperate_p834.png,False,low_texture,13.440048,19.602204,0.0,5.616806,6.622797,E:\Data\fall\s1_150\fall_img_temperate_p834.png,E:\Data\fall\s2_150\fall_img_temperate_p834.png
winter,ROIs2017_winter_146_p467,E:\Data\winter\s1_146\ROIs2017_winter_s1_146_p467.png,E:\Data\winter\s2_146\ROIs2017_winter_s2_146_p467.png,False,low_texture;water_like,12.079666,23.104635,0.669271,60.441254,45.659154,E:\Data\winter\s1_146\ROIs2017_winter_s1_146_p467.png,E:\Data\winter\s2_146\ROIs2017_winter_s2_146_p467.png
summer,ROIs1868_summer_10_p971,E:\Data\summer\s1_10\ROIs1868_summer_s1_10_p971.png,E:\Data\summer\s2_10\ROIs1868_summer_s2_10_p971.png,False,low_texture,10.644028,14.204644,0.0,31.55629,26.293628,E:\Data\summer\s1_10\ROIs1868_summer_s1_10_p971.png,E:\Data\summer\s2_10\ROIs1868_summer_s2_10_p971.png
fall,ROIs1970_fall_120_p745,E:\Data\fall\s1_120\ROIs1970_fall_s1_120_p745.png,E:\Data\fall\s2_120\ROIs1970_fall_s2_120_p745.png,False,water_like,30.148773,36.917199,0.378038,50.292557,33.482195,E:\Data\fall\s1_120\ROIs1970_fall_s1_120_p745.png,E:\Data\fall\s2_120\ROIs1970_fall_s2_120_p745.png
winter,ROIs2017_winter_8_p51,E:\Data\winter\s1_8\ROIs2017_winter_s1_8_p51.png,E:\Data\winter\s2_8\ROIs2017_winter_s2_8_p51.png,False,water_like,25.824768,40.931252,0.84809,45.07843,42.649649,E:\Data\winter\s1_8\ROIs2017_winter_s1_8_p51.png,E:\Data\winter\s2_8\ROIs2017_winter_s2_8_p51.png
winter,ROIs2017_winter_58_p333,E:\Data\winter\s1_58\ROIs2017_winter_s1_58_p333.png,E:\Data\winter\s2_58\ROIs2017_winter_s2_58_p333.png,False,water_like,51.006134,35.198127,0.46658,74.107391,50.378863,E:\Data\winter\s1_58\ROIs2017_winter_s1_58_p333.png,E:\Data\winter\s2_58\ROIs2017_winter_s2_58_p333.png
spring,ROIs1158_spring_100_p824,E:\Data\spring\s1_100\ROIs1158_spring_s1_100_p824.png,E:\Data\spring\s2_100\ROIs1158_spring_s2_100_p824.png,False,low_texture;water_like,13.96991,17.682192,1.0,39.35733,72.229764,E:\Data\spring\s1_100\ROIs1158_spring_s1_100_p824.png,E:\Data\spring\s2_100\ROIs1158_spring_s2_100_p824.png
fall,fall_img_temperate_p4500,E:\Data\fall\s1_150\fall_img_temperate_p4500.png,E:\Data\fall\s2_150\fall_img_temperate_p4500.png,False,low_texture,22.263412,16.464684,0.0,5.765259,7.160059,E:\Data\fall\s1_150\fall_img_temperate_p4500.png,E:\Data\fall\s2_150\fall_img_temperate_p4500.png
summer,ROIs1868_summer_58_p190,E:\Data\summer\s1_58\ROIs1868_summer_s1_58_p190.png,E:\Data\summer\s2_58\ROIs1868_summer_s2_58_p190.png,False,low_texture,29.502258,12.922919,0.0,47.410004,29.436903,E:\Data\summer\s1_58\ROIs1868_summer_s1_58_p190.png,E:\Data\summer\s2_58\ROIs1868_summer_s2_58_p190.png
winter,ROIs2017_winter_84_p94,E:\Data\winter\s1_84\ROIs2017_winter_s1_84_p94.png,E:\Data\winter\s2_84\ROIs2017_winter_s2_84_p94.png,False,water_like,24.906372,81.904387,0.36849,66.58757,51.147074,E:\Data\winter\s1_84\ROIs2017_winter_s1_84_p94.png,E:\Data\winter\s2_84\ROIs2017_winter_s2_84_p94.png
summer,ROIs1868_summer_25_p9,E:\Data\summer\s1_25\ROIs1868_summer_s1_25_p9.png,E:\Data\summer\s2_25\ROIs1868_summer_s2_25_p9.png,False,low_texture,4.990356,3.528262,0.0,38.530487,23.398042,E:\Data\summer\s1_25\ROIs1868_summer_s1_25_p9.png,E:\Data\summer\s2_25\ROIs1868_summer_s2_25_p9.png
summer,ROIs1868_summer_127_p1346,E:\Data\summer\s1_127\ROIs1868_summer_s1_127_p1346.png,E:\Data\summer\s2_127\ROIs1868_summer_s2_127_p1346.png,False,low_texture,13.287552,18.349261,0.0,40.815231,29.729528,E:\Data\summer\s1_127\ROIs1868_summer_s1_127_p1346.png,E:\Data\summer\s2_127\ROIs1868_summer_s2_127_p1346.png
fall,ROIs1970_fall_116_p1643,E:\Data\fall\s1_116\ROIs1970_fall_s1_116_p1643.png,E:\Data\fall\s2_116\ROIs1970_fall_s2_116_p1643.png,False,low_texture;water_like,11.853287,19.359758,0.836806,37.153336,47.038638,E:\Data\fall\s1_116\ROIs1970_fall_s1_116_p1643.png,E:\Data\fall\s2_116\ROIs1970_fall_s2_116_p1643.png
winter,winter_img_temperate_p1915,E:\Data\winter\s1_171\winter_img_temperate_p1915.png,E:\Data\winter\s2_171\winter_img_temperate_p1915.png,False,low_texture;sar_low_texture,13.156204,63.495323,0.0,2.995346,4.699762,E:\Data\winter\s1_171\winter_img_temperate_p1915.png,E:\Data\winter\s2_171\winter_img_temperate_p1915.png
winter,winter_img_temperate_p2844,E:\Data\winter\s1_170\winter_img_temperate_p2844.png,E:\Data\winter\s2_170\winter_img_temperate_p2844.png,False,low_texture;sar_low_texture,12.000076,6.306708,0.0,3.348404,1.715721,E:\Data\winter\s1_170\winter_img_temperate_p2844.png,E:\Data\winter\s2_170\winter_img_temperate_p2844.png
winter,winter_img_temperate_p540,E:\Data\winter\s1_170\winter_img_temperate_p540.png,E:\Data\winter\s2_170\winter_img_temperate_p540.png,False,low_texture;sar_low_texture,18.283569,13.255781,0.0,4.90036,3.837067,E:\Data\winter\s1_170\winter_img_temperate_p540.png,E:\Data\winter\s2_170\winter_img_temperate_p540.png
spring,ROIs1158_spring_49_p171,E:\Data\spring\s1_49\ROIs1158_spring_s1_49_p171.png,E:\Data\spring\s2_49\ROIs1158_spring_s2_49_p171.png,False,low_texture;water_like,9.495667,15.239316,0.986545,40.268631,25.284617,E:\Data\spring\s1_49\ROIs1158_spring_s1_49_p171.png,E:\Data\spring\s2_49\ROIs1158_spring_s2_49_p171.png
summer,ROIs1868_summer_92_p262,E:\Data\summer\s1_92\ROIs1868_summer_s1_92_p262.png,E:\Data\summer\s2_92\ROIs1868_summer_s2_92_p262.png,False,low_texture,30.007416,17.776266,0.0,60.915283,44.309787,E:\Data\summer\s1_92\ROIs1868_summer_s1_92_p262.png,E:\Data\summer\s2_92\ROIs1868_summer_s2_92_p262.png
summer,ROIs1868_summer_54_p483,E:\Data\summer\s1_54\ROIs1868_summer_s1_54_p483.png,E:\Data\summer\s2_54\ROIs1868_summer_s2_54_p483.png,False,water_like,14.251144,27.604553,0.910156,35.873962,47.911258,E:\Data\summer\s1_54\ROIs1868_summer_s1_54_p483.png,E:\Data\summer\s2_54\ROIs1868_summer_s2_54_p483.png
winter,ROIs2017_winter_45_p299,E:\Data\winter\s1_45\ROIs2017_winter_s1_45_p299.png,E:\Data\winter\s2_45\ROIs2017_winter_s2_45_p299.png,False,low_texture,3.437378,6.893114,0.0,32.407104,20.474891,E:\Data\winter\s1_45\ROIs2017_winter_s1_45_p299.png,E:\Data\winter\s2_45\ROIs2017_winter_s2_45_p299.png
fall,ROIs1970_fall_116_p93,E:\Data\fall\s1_116\ROIs1970_fall_s1_116_p93.png,E:\Data\fall\s2_116\ROIs1970_fall_s2_116_p93.png,False,low_texture,9.6315,87.702342,0.193142,39.610519,54.791372,E:\Data\fall\s1_116\ROIs1970_fall_s1_116_p93.png,E:\Data\fall\s2_116\ROIs1970_fall_s2_116_p93.png
spring,ROIs1158_spring_101_p830,E:\Data\spring\s1_101\ROIs1158_spring_s1_101_p830.png,E:\Data\spring\s2_101\ROIs1158_spring_s2_101_p830.png,False,water_like,19.887314,31.56742,0.366319,61.791367,47.533132,E:\Data\spring\s1_101\ROIs1158_spring_s1_101_p830.png,E:\Data\spring\s2_101\ROIs1158_spring_s2_101_p830.png
fall,ROIs1970_fall_109_p1161,E:\Data\fall\s1_109\ROIs1970_fall_s1_109_p1161.png,E:\Data\fall\s2_109\ROIs1970_fall_s2_109_p1161.png,False,low_texture;water_like,13.325134,43.809967,0.663194,54.198273,45.713989,E:\Data\fall\s1_109\ROIs1970_fall_s1_109_p1161.png,E:\Data\fall\s2_109\ROIs1970_fall_s2_109_p1161.png
winter,ROIs2017_winter_13_p306,E:\Data\winter\s1_13\ROIs2017_winter_s1_13_p306.png,E:\Data\winter\s2_13\ROIs2017_winter_s2_13_p306.png,False,water_like,30.033554,45.431795,0.407552,50.51886,51.679738,E:\Data\winter\s1_13\ROIs2017_winter_s1_13_p306.png,E:\Data\winter\s2_13\ROIs2017_winter_s2_13_p306.png
fall,fall_img_temperate_p4394,E:\Data\fall\s1_150\fall_img_temperate_p4394.png,E:\Data\fall\s2_150\fall_img_temperate_p4394.png,False,low_texture,17.644638,14.392705,0.0,6.480438,7.033441,E:\Data\fall\s1_150\fall_img_temperate_p4394.png,E:\Data\fall\s2_150\fall_img_temperate_p4394.png
winter,ROIs2017_winter_53_p652,E:\Data\winter\s1_53\ROIs2017_winter_s1_53_p652.png,E:\Data\winter\s2_53\ROIs2017_winter_s2_53_p652.png,False,water_like,36.171814,38.944055,0.602431,48.5513,52.154783,E:\Data\winter\s1_53\ROIs2017_winter_s1_53_p652.png,E:\Data\winter\s2_53\ROIs2017_winter_s2_53_p652.png
summer,ROIs1868_summer_47_p511,E:\Data\summer\s1_47\ROIs1868_summer_s1_47_p511.png,E:\Data\summer\s2_47\ROIs1868_summer_s2_47_p511.png,False,water_like,21.067612,38.952472,0.921007,45.537018,47.410243,E:\Data\summer\s1_47\ROIs1868_summer_s1_47_p511.png,E:\Data\summer\s2_47\ROIs1868_summer_s2_47_p511.png
spring,ROIs1158_spring_65_p1206,E:\Data\spring\s1_65\ROIs1158_spring_s1_65_p1206.png,E:\Data\spring\s2_65\ROIs1158_spring_s2_65_p1206.png,False,low_texture,5.623489,0.968779,0.0,65.827927,60.580183,E:\Data\spring\s1_65\ROIs1158_spring_s1_65_p1206.png,E:\Data\spring\s2_65\ROIs1158_spring_s2_65_p1206.png
winter,winter_img_temperate_p9349,E:\Data\winter\s1_170\winter_img_temperate_p9349.png,E:\Data\winter\s2_170\winter_img_temperate_p9349.png,False,low_texture,12.510849,16.289075,0.0,17.253265,15.553381,E:\Data\winter\s1_170\winter_img_temperate_p9349.png,E:\Data\winter\s2_170\winter_img_temperate_p9349.png
winter,winter_img_temperate_p3655,E:\Data\winter\s1_170\winter_img_temperate_p3655.png,E:\Data\winter\s2_170\winter_img_temperate_p3655.png,False,low_texture,20.744125,12.781985,0.0,12.065536,14.336377,E:\Data\winter\s1_170\winter_img_temperate_p3655.png,E:\Data\winter\s2_170\winter_img_temperate_p3655.png
winter,winter_img_temperate_p3009,E:\Data\winter\s1_170\winter_img_temperate_p3009.png,E:\Data\winter\s2_170\winter_img_temperate_p3009.png,False,low_texture;sar_low_texture,15.015808,11.040598,0.0,3.928909,2.166988,E:\Data\winter\s1_170\winter_img_temperate_p3009.png,E:\Data\winter\s2_170\winter_img_temperate_p3009.png
summer,ROIs1868_summer_75_p362,E:\Data\summer\s1_75\ROIs1868_summer_s1_75_p362.png,E:\Data\summer\s2_75\ROIs1868_summer_s2_75_p362.png,False,low_texture;water_like,17.426514,6.955196,1.0,29.22316,17.975262,E:\Data\summer\s1_75\ROIs1868_summer_s1_75_p362.png,E:\Data\summer\s2_75\ROIs1868_summer_s2_75_p362.png
summer,ROIs1868_summer_88_p144,E:\Data\summer\s1_88\ROIs1868_summer_s1_88_p144.png,E:\Data\summer\s2_88\ROIs1868_summer_s2_88_p144.png,False,low_texture,6.380676,6.988965,0.0,42.300034,33.245097,E:\Data\summer\s1_88\ROIs1868_summer_s1_88_p144.png,E:\Data\summer\s2_88\ROIs1868_summer_s2_88_p144.png
summer,ROIs1868_summer_88_p331,E:\Data\summer\s1_88\ROIs1868_summer_s1_88_p331.png,E:\Data\summer\s2_88\ROIs1868_summer_s2_88_p331.png,False,low_texture,6.147491,15.491754,0.0,42.058899,55.169156,E:\Data\summer\s1_88\ROIs1868_summer_s1_88_p331.png,E:\Data\summer\s2_88\ROIs1868_summer_s2_88_p331.png
spring,ROIs1158_spring_40_p367,E:\Data\spring\s1_40\ROIs1158_spring_s1_40_p367.png,E:\Data\spring\s2_40\ROIs1158_spring_s2_40_p367.png,False,low_texture,10.031158,20.381563,0.0,34.089798,37.454691,E:\Data\spring\s1_40\ROIs1158_spring_s1_40_p367.png,E:\Data\spring\s2_40\ROIs1158_spring_s2_40_p367.png
winter,ROIs2017_winter_78_p303,E:\Data\winter\s1_78\ROIs2017_winter_s1_78_p303.png,E:\Data\winter\s2_78\ROIs2017_winter_s2_78_p303.png,False,low_texture,11.405243,16.329929,0.0,58.859711,37.203961,E:\Data\winter\s1_78\ROIs2017_winter_s1_78_p303.png,E:\Data\winter\s2_78\ROIs2017_winter_s2_78_p303.png
summer,ROIs1868_summer_75_p153,E:\Data\summer\s1_75\ROIs1868_summer_s1_75_p153.png,E:\Data\summer\s2_75\ROIs1868_summer_s2_75_p153.png,False,low_texture;water_like,22.349838,10.245334,1.0,31.002365,20.060416,E:\Data\summer\s1_75\ROIs1868_summer_s1_75_p153.png,E:\Data\summer\s2_75\ROIs1868_summer_s2_75_p153.png
fall,ROIs1970_fall_109_p1447,E:\Data\fall\s1_109\ROIs1970_fall_s1_109_p1447.png,E:\Data\fall\s2_109\ROIs1970_fall_s2_109_p1447.png,False,low_texture;water_like,11.811859,69.791799,0.765625,53.136154,40.525668,E:\Data\fall\s1_109\ROIs1970_fall_s1_109_p1447.png,E:\Data\fall\s2_109\ROIs1970_fall_s2_109_p1447.png
summer,ROIs1868_summer_47_p280,E:\Data\summer\s1_47\ROIs1868_summer_s1_47_p280.png,E:\Data\summer\s2_47\ROIs1868_summer_s2_47_p280.png,False,water_like,14.810883,33.007243,0.847656,40.534241,62.232144,E:\Data\summer\s1_47\ROIs1868_summer_s1_47_p280.png,E:\Data\summer\s2_47\ROIs1868_summer_s2_47_p280.png
fall,fall_img_tropical_p10955,E:\Data\fall\s1_150\fall_img_tropical_p10955.png,E:\Data\fall\s2_150\fall_img_tropical_p10955.png,False,low_texture,9.174942,7.687444,0.0,26.167648,19.292907,E:\Data\fall\s1_150\fall_img_tropical_p10955.png,E:\Data\fall\s2_150\fall_img_tropical_p10955.png
fall,ROIs1970_fall_67_p478,E:\Data\fall\s1_67\ROIs1970_fall_s1_67_p478.png,E:\Data\fall\s2_67\ROIs1970_fall_s2_67_p478.png,False,low_texture,10.495544,12.709269,0.0,51.888107,38.662674,E:\Data\fall\s1_67\ROIs1970_fall_s1_67_p478.png,E:\Data\fall\s2_67\ROIs1970_fall_s2_67_p478.png
fall,fall_img_temperate_p1362,E:\Data\fall\s1_150\fall_img_temperate_p1362.png,E:\Data\fall\s2_150\fall_img_temperate_p1362.png,False,low_texture,13.959549,14.200358,0.0,8.267548,6.449038,E:\Data\fall\s1_150\fall_img_temperate_p1362.png,E:\Data\fall\s2_150\fall_img_temperate_p1362.png
fall,ROIs1970_fall_65_p727,E:\Data\fall\s1_65\ROIs1970_fall_s1_65_p727.png,E:\Data\fall\s2_65\ROIs1970_fall_s2_65_p727.png,False,water_like,39.013809,51.158364,0.576823,48.416504,43.199571,E:\Data\fall\s1_65\ROIs1970_fall_s1_65_p727.png,E:\Data\fall\s2_65\ROIs1970_fall_s2_65_p727.png
summer,ROIs1868_summer_10_p426,E:\Data\summer\s1_10\ROIs1868_summer_s1_10_p426.png,E:\Data\summer\s2_10\ROIs1868_summer_s2_10_p426.png,False,low_texture,9.46817,4.206602,0.0,38.705627,21.214441,E:\Data\summer\s1_10\ROIs1868_summer_s1_10_p426.png,E:\Data\summer\s2_10\ROIs1868_summer_s2_10_p426.png
fall,ROIs1970_fall_73_p260,E:\Data\fall\s1_73\ROIs1970_fall_s1_73_p260.png,E:\Data\fall\s2_73\ROIs1970_fall_s2_73_p260.png,False,low_texture,13.539551,15.533527,0.0,41.824265,33.509755,E:\Data\fall\s1_73\ROIs1970_fall_s1_73_p260.png,E:\Data\fall\s2_73\ROIs1970_fall_s2_73_p260.png
winter,winter_img_temperate_p3993,E:\Data\winter\s1_170\winter_img_temperate_p3993.png,E:\Data\winter\s2_170\winter_img_temperate_p3993.png,False,low_texture,15.864227,11.29419,0.0,17.452759,19.428467,E:\Data\winter\s1_170\winter_img_temperate_p3993.png,E:\Data\winter\s2_170\winter_img_temperate_p3993.png
summer,summer_img_temperate_p3357,E:\Data\summer\s1_160\summer_img_temperate_p3357.png,E:\Data\summer\s2_160\summer_img_temperate_p3357.png,False,low_texture,15.2827,8.670172,0.0,7.761307,4.270839,E:\Data\summer\s1_160\summer_img_temperate_p3357.png,E:\Data\summer\s2_160\summer_img_temperate_p3357.png
spring,ROIs1158_spring_24_p287,E:\Data\spring\s1_24\ROIs1158_spring_s1_24_p287.png,E:\Data\spring\s2_24\ROIs1158_spring_s2_24_p287.png,False,water_like,28.042908,28.880338,0.738715,48.135773,57.148974,E:\Data\spring\s1_24\ROIs1158_spring_s1_24_p287.png,E:\Data\spring\s2_24\ROIs1158_spring_s2_24_p287.png
winter,ROIs2017_winter_13_p353,E:\Data\winter\s1_13\ROIs2017_winter_s1_13_p353.png,E:\Data\winter\s2_13\ROIs2017_winter_s2_13_p353.png,False,water_like,17.490555,19.267354,0.576823,46.209549,36.458905,E:\Data\winter\s1_13\ROIs2017_winter_s1_13_p353.png,E:\Data\winter\s2_13\ROIs2017_winter_s2_13_p353.png
winter,ROIs2017_winter_84_p112,E:\Data\winter\s1_84\ROIs2017_winter_s1_84_p112.png,E:\Data\winter\s2_84\ROIs2017_winter_s2_84_p112.png,False,water_like,24.328033,44.850726,0.437066,66.298813,47.629844,E:\Data\winter\s1_84\ROIs2017_winter_s1_84_p112.png,E:\Data\winter\s2_84\ROIs2017_winter_s2_84_p112.png
winter,ROIs2017_winter_23_p641,E:\Data\winter\s1_23\ROIs2017_winter_s1_23_p641.png,E:\Data\winter\s2_23\ROIs2017_winter_s2_23_p641.png,False,water_like,53.65976,42.765798,0.771267,49.922043,61.105319,E:\Data\winter\s1_23\ROIs2017_winter_s1_23_p641.png,E:\Data\winter\s2_23\ROIs2017_winter_s2_23_p641.png
summer,ROIs1868_summer_47_p1722,E:\Data\summer\s1_47\ROIs1868_summer_s1_47_p1722.png,E:\Data\summer\s2_47\ROIs1868_summer_s2_47_p1722.png,False,water_like,16.218689,33.425122,0.736111,45.167587,43.065764,E:\Data\summer\s1_47\ROIs1868_summer_s1_47_p1722.png,E:\Data\summer\s2_47\ROIs1868_summer_s2_47_p1722.png
winter,ROIs2017_winter_146_p1494,E:\Data\winter\s1_146\ROIs2017_winter_s1_146_p1494.png,E:\Data\winter\s2_146\ROIs2017_winter_s2_146_p1494.png,False,water_like,15.2229,33.442102,0.875868,61.200287,45.379487,E:\Data\winter\s1_146\ROIs2017_winter_s1_146_p1494.png,E:\Data\winter\s2_146\ROIs2017_winter_s2_146_p1494.png
winter,ROIs2017_winter_93_p567,E:\Data\winter\s1_93\ROIs2017_winter_s1_93_p567.png,E:\Data\winter\s2_93\ROIs2017_winter_s2_93_p567.png,False,water_like,18.402817,28.581683,0.594184,58.765381,45.03622,E:\Data\winter\s1_93\ROIs2017_winter_s1_93_p567.png,E:\Data\winter\s2_93\ROIs2017_winter_s2_93_p567.png
spring,ROIs1158_spring_83_p636,E:\Data\spring\s1_83\ROIs1158_spring_s1_83_p636.png,E:\Data\spring\s2_83\ROIs1158_spring_s2_83_p636.png,False,water_like,27.063217,36.053719,0.540799,65.287003,46.728425,E:\Data\spring\s1_83\ROIs1158_spring_s1_83_p636.png,E:\Data\spring\s2_83\ROIs1158_spring_s2_83_p636.png
fall,fall_img_temperate_p2564,E:\Data\fall\s1_150\fall_img_temperate_p2564.png,E:\Data\fall\s2_150\fall_img_temperate_p2564.png,False,low_texture,12.67543,8.833206,0.0,11.430206,5.290399,E:\Data\fall\s1_150\fall_img_temperate_p2564.png,E:\Data\fall\s2_150\fall_img_temperate_p2564.png
fall,ROIs1970_fall_7_p131,E:\Data\fall\s1_7\ROIs1970_fall_s1_7_p131.png,E:\Data\fall\s2_7\ROIs1970_fall_s2_7_p131.png,False,water_like,30.073608,35.096213,0.945747,48.427399,53.53152,E:\Data\fall\s1_7\ROIs1970_fall_s1_7_p131.png,E:\Data\fall\s2_7\ROIs1970_fall_s2_7_p131.png
summer,ROIs1868_summer_142_p510,E:\Data\summer\s1_142\ROIs1868_summer_s1_142_p510.png,E:\Data\summer\s2_142\ROIs1868_summer_s2_142_p510.png,False,water_like,27.158798,33.025796,0.740451,53.119827,47.763807,E:\Data\summer\s1_142\ROIs1868_summer_s1_142_p510.png,E:\Data\summer\s2_142\ROIs1868_summer_s2_142_p510.png
winter,ROIs2017_winter_105_p50,E:\Data\winter\s1_105\ROIs2017_winter_s1_105_p50.png,E:\Data\winter\s2_105\ROIs2017_winter_s2_105_p50.png,False,water_like,35.8647,38.261231,0.638889,61.389008,44.606314,E:\Data\winter\s1_105\ROIs2017_winter_s1_105_p50.png,E:\Data\winter\s2_105\ROIs2017_winter_s2_105_p50.png
fall,ROIs1970_fall_113_p211,E:\Data\fall\s1_113\ROIs1970_fall_s1_113_p211.png,E:\Data\fall\s2_113\ROIs1970_fall_s2_113_p211.png,False,water_like,25.75531,43.750603,0.483073,62.051117,48.699818,E:\Data\fall\s1_113\ROIs1970_fall_s1_113_p211.png,E:\Data\fall\s2_113\ROIs1970_fall_s2_113_p211.png
fall,ROIs1970_fall_116_p1389,E:\Data\fall\s1_116\ROIs1970_fall_s1_116_p1389.png,E:\Data\fall\s2_116\ROIs1970_fall_s2_116_p1389.png,False,water_like,16.890274,53.910927,0.511719,35.650894,54.533092,E:\Data\fall\s1_116\ROIs1970_fall_s1_116_p1389.png,E:\Data\fall\s2_116\ROIs1970_fall_s2_116_p1389.png
winter,ROIs2017_winter_24_p872,E:\Data\winter\s1_24\ROIs2017_winter_s1_24_p872.png,E:\Data\winter\s2_24\ROIs2017_winter_s2_24_p872.png,False,low_texture,13.157364,19.890659,0.032552,39.709549,72.658616,E:\Data\winter\s1_24\ROIs2017_winter_s1_24_p872.png,E:\Data\winter\s2_24\ROIs2017_winter_s2_24_p872.png
summer,ROIs1868_summer_54_p894,E:\Data\summer\s1_54\ROIs1868_summer_s1_54_p894.png,E:\Data\summer\s2_54\ROIs1868_summer_s2_54_p894.png,False,low_texture;water_like,13.75293,26.766214,0.962674,33.126053,31.385406,E:\Data\summer\s1_54\ROIs1868_summer_s1_54_p894.png,E:\Data\summer\s2_54\ROIs1868_summer_s2_54_p894.png
fall,ROIs1970_fall_139_p1505,E:\Data\fall\s1_139\ROIs1970_fall_s1_139_p1505.png,E:\Data\fall\s2_139\ROIs1970_fall_s2_139_p1505.png,False,water_like,20.440689,30.779864,0.832031,35.704483,49.363146,E:\Data\fall\s1_139\ROIs1970_fall_s1_139_p1505.png,E:\Data\fall\s2_139\ROIs1970_fall_s2_139_p1505.png
winter,ROIs2017_winter_6_p712,E:\Data\winter\s1_6\ROIs2017_winter_s1_6_p712.png,E:\Data\winter\s2_6\ROIs2017_winter_s2_6_p712.png,False,water_like,18.480347,42.923998,0.535156,43.711227,39.081466,E:\Data\winter\s1_6\ROIs2017_winter_s1_6_p712.png,E:\Data\winter\s2_6\ROIs2017_winter_s2_6_p712.png
spring,ROIs1158_spring_112_p896,E:\Data\spring\s1_112\ROIs1158_spring_s1_112_p896.png,E:\Data\spring\s2_112\ROIs1158_spring_s2_112_p896.png,False,low_texture,12.493576,8.282521,0.0,48.74205,35.765487,E:\Data\spring\s1_112\ROIs1158_spring_s1_112_p896.png,E:\Data\spring\s2_112\ROIs1158_spring_s2_112_p896.png
spring,ROIs1158_spring_78_p806,E:\Data\spring\s1_78\ROIs1158_spring_s1_78_p806.png,E:\Data\spring\s2_78\ROIs1158_spring_s2_78_p806.png,False,water_like,51.885239,40.619557,0.634983,54.969513,60.436131,E:\Data\spring\s1_78\ROIs1158_spring_s1_78_p806.png,E:\Data\spring\s2_78\ROIs1158_spring_s2_78_p806.png
fall,ROIs1970_fall_116_p2443,E:\Data\fall\s1_116\ROIs1970_fall_s1_116_p2443.png,E:\Data\fall\s2_116\ROIs1970_fall_s2_116_p2443.png,False,low_texture;water_like,4.71167,8.186879,0.923177,34.325989,25.263665,E:\Data\fall\s1_116\ROIs1970_fall_s1_116_p2443.png,E:\Data\fall\s2_116\ROIs1970_fall_s2_116_p2443.png
winter,ROIs2017_winter_58_p686,E:\Data\winter\s1_58\ROIs2017_winter_s1_58_p686.png,E:\Data\winter\s2_58\ROIs2017_winter_s2_58_p686.png,False,water_like,44.505997,32.411163,0.5,73.419601,51.005465,E:\Data\winter\s1_58\ROIs2017_winter_s1_58_p686.png,E:\Data\winter\s2_58\ROIs2017_winter_s2_58_p686.png
summer,summer_img_temperate_p2735,E:\Data\summer\s1_160\summer_img_temperate_p2735.png,E:\Data\summer\s2_160\summer_img_temperate_p2735.png,False,low_texture;sar_low_texture,15.713287,6.522025,0.0,5.585342,2.82547,E:\Data\summer\s1_160\summer_img_temperate_p2735.png,E:\Data\summer\s2_160\summer_img_temperate_p2735.png
summer,ROIs1868_summer_106_p199,E:\Data\summer\s1_106\ROIs1868_summer_s1_106_p199.png,E:\Data\summer\s2_106\ROIs1868_summer_s2_106_p199.png,False,low_texture,11.135956,20.211366,0.0,55.576996,40.182451,E:\Data\summer\s1_106\ROIs1868_summer_s1_106_p199.png,E:\Data\summer\s2_106\ROIs1868_summer_s2_106_p199.png
fall,ROIs1970_fall_133_p792,E:\Data\fall\s1_133\ROIs1970_fall_s1_133_p792.png,E:\Data\fall\s2_133\ROIs1970_fall_s2_133_p792.png,False,low_texture,11.869247,32.989281,0.0,47.9758,38.769981,E:\Data\fall\s1_133\ROIs1970_fall_s1_133_p792.png,E:\Data\fall\s2_133\ROIs1970_fall_s2_133_p792.png
fall,ROIs1970_fall_38_p421,E:\Data\fall\s1_38\ROIs1970_fall_s1_38_p421.png,E:\Data\fall\s2_38\ROIs1970_fall_s2_38_p421.png,False,low_texture,8.50531,15.518086,0.0,21.356277,16.607611,E:\Data\fall\s1_38\ROIs1970_fall_s1_38_p421.png,E:\Data\fall\s2_38\ROIs1970_fall_s2_38_p421.png
fall,fall_img_tropical_p10121,E:\Data\fall\s1_150\fall_img_tropical_p10121.png,E:\Data\fall\s2_150\fall_img_tropical_p10121.png,False,low_texture,6.053284,9.880589,0.0,19.891235,17.220709,E:\Data\fall\s1_150\fall_img_tropical_p10121.png,E:\Data\fall\s2_150\fall_img_tropical_p10121.png
winter,ROIs2017_winter_45_p1193,E:\Data\winter\s1_45\ROIs2017_winter_s1_45_p1193.png,E:\Data\winter\s2_45\ROIs2017_winter_s2_45_p1193.png,False,low_texture,9.288971,59.690282,0.0,34.234406,36.262116,E:\Data\winter\s1_45\ROIs2017_winter_s1_45_p1193.png,E:\Data\winter\s2_45\ROIs2017_winter_s2_45_p1193.png
winter,ROIs2017_winter_33_p1700,E:\Data\winter\s1_33\ROIs2017_winter_s1_33_p1700.png,E:\Data\winter\s2_33\ROIs2017_winter_s2_33_p1700.png,False,low_texture,13.623718,46.864435,0.001302,58.741043,42.512402,E:\Data\winter\s1_33\ROIs2017_winter_s1_33_p1700.png,E:\Data\winter\s2_33\ROIs2017_winter_s2_33_p1700.png
summer,ROIs1868_summer_54_p1177,E:\Data\summer\s1_54\ROIs1868_summer_s1_54_p1177.png,E:\Data\summer\s2_54\ROIs1868_summer_s2_54_p1177.png,False,water_like,21.57373,28.337588,0.905382,34.495865,39.119858,E:\Data\summer\s1_54\ROIs1868_summer_s1_54_p1177.png,E:\Data\summer\s2_54\ROIs1868_summer_s2_54_p1177.png
fall,fall_img_temperate_p3097,E:\Data\fall\s1_150\fall_img_temperate_p3097.png,E:\Data\fall\s2_150\fall_img_temperate_p3097.png,False,low_texture;sar_low_texture,14.527878,12.017051,0.0,2.396408,1.638533,E:\Data\fall\s1_150\fall_img_temperate_p3097.png,E:\Data\fall\s2_150\fall_img_temperate_p3097.png
winter,winter_img_temperate_p7793,E:\Data\winter\s1_170\winter_img_temperate_p7793.png,E:\Data\winter\s2_170\winter_img_temperate_p7793.png,False,low_texture,9.18811,9.038652,0.0,10.995346,9.162342,E:\Data\winter\s1_170\winter_img_temperate_p7793.png,E:\Data\winter\s2_170\winter_img_temperate_p7793.png
fall,ROIs1970_fall_106_p316,E:\Data\fall\s1_106\ROIs1970_fall_s1_106_p316.png,E:\Data\fall\s2_106\ROIs1970_fall_s2_106_p316.png,False,low_texture,13.331894,21.925552,0.266927,41.021255,35.819939,E:\Data\fall\s1_106\ROIs1970_fall_s1_106_p316.png,E:\Data\fall\s2_106\ROIs1970_fall_s2_106_p316.png
summer,ROIs1868_summer_80_p592,E:\Data\summer\s1_80\ROIs1868_summer_s1_80_p592.png,E:\Data\summer\s2_80\ROIs1868_summer_s2_80_p592.png,False,water_like,24.143951,33.792966,0.492622,45.123856,35.029762,E:\Data\summer\s1_80\ROIs1868_summer_s1_80_p592.png,E:\Data\summer\s2_80\ROIs1868_summer_s2_80_p592.png
fall,ROIs1970_fall_73_p1097,E:\Data\fall\s1_73\ROIs1970_fall_s1_73_p1097.png,E:\Data\fall\s2_73\ROIs1970_fall_s2_73_p1097.png,False,water_like,34.372498,37.279424,0.486545,42.974548,32.014725,E:\Data\fall\s1_73\ROIs1970_fall_s1_73_p1097.png,E:\Data\fall\s2_73\ROIs1970_fall_s2_73_p1097.png
winter,winter_img_temperate_p9950,E:\Data\winter\s1_170\winter_img_temperate_p9950.png,E:\Data\winter\s2_170\winter_img_temperate_p9950.png,False,low_texture,25.532272,15.907456,0.0,7.838974,9.066707,E:\Data\winter\s1_170\winter_img_temperate_p9950.png,E:\Data\winter\s2_170\winter_img_temperate_p9950.png
spring,ROIs1158_spring_26_p1238,E:\Data\spring\s1_26\ROIs1158_spring_s1_26_p1238.png,E:\Data\spring\s2_26\ROIs1158_spring_s2_26_p1238.png,False,low_texture,11.660614,20.094511,0.0,38.940903,31.309557,E:\Data\spring\s1_26\ROIs1158_spring_s1_26_p1238.png,E:\Data\spring\s2_26\ROIs1158_spring_s2_26_p1238.png
fall,ROIs1970_fall_11_p544,E:\Data\fall\s1_11\ROIs1970_fall_s1_11_p544.png,E:\Data\fall\s2_11\ROIs1970_fall_s2_11_p544.png,False,water_like,64.536209,61.754879,0.788194,59.556183,60.144065,E:\Data\fall\s1_11\ROIs1970_fall_s1_11_p544.png,E:\Data\fall\s2_11\ROIs1970_fall_s2_11_p544.png
spring,ROIs1158_spring_49_p228,E:\Data\spring\s1_49\ROIs1158_spring_s1_49_p228.png,E:\Data\spring\s2_49\ROIs1158_spring_s2_49_p228.png,False,low_texture;water_like,8.236267,6.652677,1.0,39.985092,24.121069,E:\Data\spring\s1_49\ROIs1158_spring_s1_49_p228.png,E:\Data\spring\s2_49\ROIs1158_spring_s2_49_p228.png
winter,ROIs2017_winter_67_p680,E:\Data\winter\s1_67\ROIs2017_winter_s1_67_p680.png,E:\Data\winter\s2_67\ROIs2017_winter_s2_67_p680.png,False,water_like,20.043839,29.666769,0.832465,59.022278,46.369551,E:\Data\winter\s1_67\ROIs2017_winter_s1_67_p680.png,E:\Data\winter\s2_67\ROIs2017_winter_s2_67_p680.png
fall,ROIs1970_fall_105_p755,E:\Data\fall\s1_105\ROIs1970_fall_s1_105_p755.png,E:\Data\fall\s2_105\ROIs1970_fall_s2_105_p755.png,False,water_like,21.820908,31.461272,0.694444,34.748123,25.547538,E:\Data\fall\s1_105\ROIs1970_fall_s1_105_p755.png,E:\Data\fall\s2_105\ROIs1970_fall_s2_105_p755.png
fall,ROIs1970_fall_56_p741,E:\Data\fall\s1_56\ROIs1970_fall_s1_56_p741.png,E:\Data\fall\s2_56\ROIs1970_fall_s2_56_p741.png,False,low_texture,10.593521,48.561138,0.028212,40.666656,43.968507,E:\Data\fall\s1_56\ROIs1970_fall_s1_56_p741.png,E:\Data\fall\s2_56\ROIs1970_fall_s2_56_p741.png
spring,ROIs1158_spring_25_p268,E:\Data\spring\s1_25\ROIs1158_spring_s1_25_p268.png,E:\Data\spring\s2_25\ROIs1158_spring_s2_25_p268.png,False,water_like,38.378571,61.232757,0.381076,42.332291,42.230695,E:\Data\spring\s1_25\ROIs1158_spring_s1_25_p268.png,E:\Data\spring\s2_25\ROIs1158_spring_s2_25_p268.png
winter,winter_img_temperate_p9698,E:\Data\winter\s1_170\winter_img_temperate_p9698.png,E:\Data\winter\s2_170\winter_img_temperate_p9698.png,False,low_texture,13.985947,14.527866,0.0,23.311859,19.223979,E:\Data\winter\s1_170\winter_img_temperate_p9698.png,E:\Data\winter\s2_170\winter_img_temperate_p9698.png
winter,winter_img_temperate_p7419,E:\Data\winter\s1_170\winter_img_temperate_p7419.png,E:\Data\winter\s2_170\winter_img_temperate_p7419.png,False,low_texture,22.794174,15.972743,0.0,6.847122,8.945618,E:\Data\winter\s1_170\winter_img_temperate_p7419.png,E:\Data\winter\s2_170\winter_img_temperate_p7419.png
winter,ROIs2017_winter_0_p885,E:\Data\winter\s1_0\ROIs2017_winter_s1_0_p885.png,E:\Data\winter\s2_0\ROIs2017_winter_s2_0_p885.png,False,water_like,23.814499,50.711419,0.753038,56.349564,51.244507,E:\Data\winter\s1_0\ROIs2017_winter_s1_0_p885.png,E:\Data\winter\s2_0\ROIs2017_winter_s2_0_p885.png
winter,winter_img_temperate_p8336,E:\Data\winter\s1_170\winter_img_temperate_p8336.png,E:\Data\winter\s2_170\winter_img_temperate_p8336.png,False,low_texture,11.940918,10.159437,0.0,17.409042,12.966089,E:\Data\winter\s1_170\winter_img_temperate_p8336.png,E:\Data\winter\s2_170\winter_img_temperate_p8336.png
fall,ROIs1970_fall_138_p223,E:\Data\fall\s1_138\ROIs1970_fall_s1_138_p223.png,E:\Data\fall\s2_138\ROIs1970_fall_s2_138_p223.png,False,low_texture,12.30632,9.894522,0.023003,50.426041,47.616754,E:\Data\fall\s1_138\ROIs1970_fall_s1_138_p223.png,E:\Data\fall\s2_138\ROIs1970_fall_s2_138_p223.png
fall,ROIs1970_fall_140_p148,E:\Data\fall\s1_140\ROIs1970_fall_s1_140_p148.png,E:\Data\fall\s2_140\ROIs1970_fall_s2_140_p148.png,False,water_like,52.984314,54.064693,0.647569,51.127777,43.614897,E:\Data\fall\s1_140\ROIs1970_fall_s1_140_p148.png,E:\Data\fall\s2_140\ROIs1970_fall_s2_140_p148.png
spring,ROIs1158_spring_26_p932,E:\Data\spring\s1_26\ROIs1158_spring_s1_26_p932.png,E:\Data\spring\s2_26\ROIs1158_spring_s2_26_p932.png,False,low_texture,14.486496,17.251458,0.0,38.865173,26.279682,E:\Data\spring\s1_26\ROIs1158_spring_s1_26_p932.png,E:\Data\spring\s2_26\ROIs1158_spring_s2_26_p932.png
fall,fall_img_tropical_p11450,E:\Data\fall\s1_150\fall_img_tropical_p11450.png,E:\Data\fall\s2_150\fall_img_tropical_p11450.png,False,low_texture,7.063782,5.802202,0.0,36.942932,23.890075,E:\Data\fall\s1_150\fall_img_tropical_p11450.png,E:\Data\fall\s2_150\fall_img_tropical_p11450.png
summer,ROIs1868_summer_75_p12,E:\Data\summer\s1_75\ROIs1868_summer_s1_75_p12.png,E:\Data\summer\s2_75\ROIs1868_summer_s2_75_p12.png,False,low_texture;water_like,33.970932,11.640506,1.0,32.834534,21.240918,E:\Data\summer\s1_75\ROIs1868_summer_s1_75_p12.png,E:\Data\summer\s2_75\ROIs1868_summer_s2_75_p12.png
fall,ROIs1970_fall_62_p1107,E:\Data\fall\s1_62\ROIs1970_fall_s1_62_p1107.png,E:\Data\fall\s2_62\ROIs1970_fall_s2_62_p1107.png,False,water_like,23.191589,43.779096,0.766059,50.621521,36.42611,E:\Data\fall\s1_62\ROIs1970_fall_s1_62_p1107.png,E:\Data\fall\s2_62\ROIs1970_fall_s2_62_p1107.png
fall,fall_img_tropical_p6714,E:\Data\fall\s1_150\fall_img_tropical_p6714.png,E:\Data\fall\s2_150\fall_img_tropical_p6714.png,False,low_texture,5.653503,1.871394,0.0,30.736557,13.274393,E:\Data\fall\s1_150\fall_img_tropical_p6714.png,E:\Data\fall\s2_150\fall_img_tropical_p6714.png
spring,ROIs1158_spring_115_p304,E:\Data\spring\s1_115\ROIs1158_spring_s1_115_p304.png,E:\Data\spring\s2_115\ROIs1158_spring_s2_115_p304.png,False,low_texture,13.778015,13.808827,0.0,44.114517,34.5059,E:\Data\spring\s1_115\ROIs1158_spring_s1_115_p304.png,E:\Data\spring\s2_115\ROIs1158_spring_s2_115_p304.png
winter,ROIs2017_winter_22_p781,E:\Data\winter\s1_22\ROIs2017_winter_s1_22_p781.png,E:\Data\winter\s2_22\ROIs2017_winter_s2_22_p781.png,False,low_texture,16.030563,16.297422,0.000434,66.234726,44.320603,E:\Data\winter\s1_22\ROIs2017_winter_s1_22_p781.png,E:\Data\winter\s2_22\ROIs2017_winter_s2_22_p781.png
fall,fall_img_temperate_p774,E:\Data\fall\s1_150\fall_img_temperate_p774.png,E:\Data\fall\s2_150\fall_img_temperate_p774.png,False,low_texture,16.594513,13.74452,0.0,9.572601,9.34361,E:\Data\fall\s1_150\fall_img_temperate_p774.png,E:\Data\fall\s2_150\fall_img_temperate_p774.png
winter,winter_img_temperate_p8135,E:\Data\winter\s1_170\winter_img_temperate_p8135.png,E:\Data\winter\s2_170\winter_img_temperate_p8135.png,False,low_texture,8.304306,8.899064,0.0,11.073883,8.863224,E:\Data\winter\s1_170\winter_img_temperate_p8135.png,E:\Data\winter\s2_170\winter_img_temperate_p8135.png
summer,ROIs1868_summer_25_p666,E:\Data\summer\s1_25\ROIs1868_summer_s1_25_p666.png,E:\Data\summer\s2_25\ROIs1868_summer_s2_25_p666.png,False,low_texture,10.636612,13.129147,0.0,41.491821,75.985999,E:\Data\summer\s1_25\ROIs1868_summer_s1_25_p666.png,E:\Data\summer\s2_25\ROIs1868_summer_s2_25_p666.png
fall,ROIs1970_fall_108_p139,E:\Data\fall\s1_108\ROIs1970_fall_s1_108_p139.png,E:\Data\fall\s2_108\ROIs1970_fall_s2_108_p139.png,False,low_texture,13.088226,61.20954,0.002604,42.329422,33.253404,E:\Data\fall\s1_108\ROIs1970_fall_s1_108_p139.png,E:\Data\fall\s2_108\ROIs1970_fall_s2_108_p139.png
fall,ROIs1970_fall_56_p835,E:\Data\fall\s1_56\ROIs1970_fall_s1_56_p835.png,E:\Data\fall\s2_56\ROIs1970_fall_s2_56_p835.png,False,low_texture,4.885223,8.905066,0.004774,38.625839,22.826049,E:\Data\fall\s1_56\ROIs1970_fall_s1_56_p835.png,E:\Data\fall\s2_56\ROIs1970_fall_s2_56_p835.png
fall,fall_img_tropical_p7159,E:\Data\fall\s1_150\fall_img_tropical_p7159.png,E:\Data\fall\s2_150\fall_img_tropical_p7159.png,False,low_texture,4.87645,2.881543,0.0,34.69603,16.510961,E:\Data\fall\s1_150\fall_img_tropical_p7159.png,E:\Data\fall\s2_150\fall_img_tropical_p7159.png
summer,ROIs1868_summer_47_p66,E:\Data\summer\s1_47\ROIs1868_summer_s1_47_p66.png,E:\Data\summer\s2_47\ROIs1868_summer_s2_47_p66.png,False,water_like,14.676743,41.634313,0.929688,44.425354,43.249945,E:\Data\summer\s1_47\ROIs1868_summer_s1_47_p66.png,E:\Data\summer\s2_47\ROIs1868_summer_s2_47_p66.png
fall,ROIs1970_fall_42_p1482,E:\Data\fall\s1_42\ROIs1970_fall_s1_42_p1482.png,E:\Data\fall\s2_42\ROIs1970_fall_s2_42_p1482.png,False,water_like,16.276978,22.74623,0.99566,27.430313,23.143343,E:\Data\fall\s1_42\ROIs1970_fall_s1_42_p1482.png,E:\Data\fall\s2_42\ROIs1970_fall_s2_42_p1482.png
winter,winter_img_temperate_p3506,E:\Data\winter\s1_170\winter_img_temperate_p3506.png,E:\Data\winter\s2_170\winter_img_temperate_p3506.png,False,low_texture,24.791611,17.865889,0.0,6.335587,7.130282,E:\Data\winter\s1_170\winter_img_temperate_p3506.png,E:\Data\winter\s2_170\winter_img_temperate_p3506.png
winter,ROIs2017_winter_16_p931,E:\Data\winter\s1_16\ROIs2017_winter_s1_16_p931.png,E:\Data\winter\s2_16\ROIs2017_winter_s2_16_p931.png,False,water_like,29.623505,48.919152,0.374132,42.814407,44.468079,E:\Data\winter\s1_16\ROIs2017_winter_s1_16_p931.png,E:\Data\winter\s2_16\ROIs2017_winter_s2_16_p931.png
winter,ROIs2017_winter_2_p23,E:\Data\winter\s1_2\ROIs2017_winter_s1_2_p23.png,E:\Data\winter\s2_2\ROIs2017_winter_s2_2_p23.png,False,low_texture,10.558105,13.323125,0.0,54.572739,46.235772,E:\Data\winter\s1_2\ROIs2017_winter_s1_2_p23.png,E:\Data\winter\s2_2\ROIs2017_winter_s2_2_p23.png
winter,ROIs2017_winter_140_p590,E:\Data\winter\s1_140\ROIs2017_winter_s1_140_p590.png,E:\Data\winter\s2_140\ROIs2017_winter_s2_140_p590.png,False,water_like,40.528442,54.903265,0.650608,20.959244,19.206036,E:\Data\winter\s1_140\ROIs2017_winter_s1_140_p590.png,E:\Data\winter\s2_140\ROIs2017_winter_s2_140_p590.png
summer,ROIs1868_summer_58_p345,E:\Data\summer\s1_58\ROIs1868_summer_s1_58_p345.png,E:\Data\summer\s2_58\ROIs1868_summer_s2_58_p345.png,False,water_like,29.403366,43.073056,0.78125,43.916718,33.532796,E:\Data\summer\s1_58\ROIs1868_summer_s1_58_p345.png,E:\Data\summer\s2_58\ROIs1868_summer_s2_58_p345.png
fall,ROIs1970_fall_116_p413,E:\Data\fall\s1_116\ROIs1970_fall_s1_116_p413.png,E:\Data\fall\s2_116\ROIs1970_fall_s2_116_p413.png,False,low_texture,11.433762,84.684026,0.22092,37.1474,61.17758,E:\Data\fall\s1_116\ROIs1970_fall_s1_116_p413.png,E:\Data\fall\s2_116\ROIs1970_fall_s2_116_p413.png
fall,ROIs1970_fall_133_p479,E:\Data\fall\s1_133\ROIs1970_fall_s1_133_p479.png,E:\Data\fall\s2_133\ROIs1970_fall_s2_133_p479.png,False,low_texture,11.797241,20.110674,0.0,46.32605,30.367447,E:\Data\fall\s1_133\ROIs1970_fall_s1_133_p479.png,E:\Data\fall\s2_133\ROIs1970_fall_s2_133_p479.png
fall,ROIs1970_fall_67_p659,E:\Data\fall\s1_67\ROIs1970_fall_s1_67_p659.png,E:\Data\fall\s2_67\ROIs1970_fall_s2_67_p659.png,False,low_texture,11.456268,6.633568,0.0,50.936081,37.211305,E:\Data\fall\s1_67\ROIs1970_fall_s1_67_p659.png,E:\Data\fall\s2_67\ROIs1970_fall_s2_67_p659.png
fall,ROIs1970_fall_64_p508,E:\Data\fall\s1_64\ROIs1970_fall_s1_64_p508.png,E:\Data\fall\s2_64\ROIs1970_fall_s2_64_p508.png,False,water_like,29.944427,39.524896,0.445747,53.871597,38.494123,E:\Data\fall\s1_64\ROIs1970_fall_s1_64_p508.png,E:\Data\fall\s2_64\ROIs1970_fall_s2_64_p508.png
winter,winter_img_temperate_p10458,E:\Data\winter\s1_170\winter_img_temperate_p10458.png,E:\Data\winter\s2_170\winter_img_temperate_p10458.png,False,low_texture,16.595551,11.64411,0.0,10.748611,14.261959,E:\Data\winter\s1_170\winter_img_temperate_p10458.png,E:\Data\winter\s2_170\winter_img_temperate_p10458.png
spring,ROIs1158_spring_136_p5,E:\Data\spring\s1_136\ROIs1158_spring_s1_136_p5.png,E:\Data\spring\s2_136\ROIs1158_spring_s2_136_p5.png,False,low_texture,15.47551,10.009215,0.0,66.86882,43.944099,E:\Data\spring\s1_136\ROIs1158_spring_s1_136_p5.png,E:\Data\spring\s2_136\ROIs1158_spring_s2_136_p5.png
spring,ROIs1158_spring_0_p114,E:\Data\spring\s1_0\ROIs1158_spring_s1_0_p114.png,E:\Data\spring\s2_0\ROIs1158_spring_s2_0_p114.png,False,low_texture,10.295654,9.579207,0.0,36.454971,34.135341,E:\Data\spring\s1_0\ROIs1158_spring_s1_0_p114.png,E:\Data\spring\s2_0\ROIs1158_spring_s2_0_p114.png
spring,ROIs1158_spring_112_p826,E:\Data\spring\s1_112\ROIs1158_spring_s1_112_p826.png,E:\Data\spring\s2_112\ROIs1158_spring_s2_112_p826.png,False,low_texture,18.616806,14.927589,0.0,49.43512,36.404751,E:\Data\spring\s1_112\ROIs1158_spring_s1_112_p826.png,E:\Data\spring\s2_112\ROIs1158_spring_s2_112_p826.png
fall,ROIs1970_fall_83_p635,E:\Data\fall\s1_83\ROIs1970_fall_s1_83_p635.png,E:\Data\fall\s2_83\ROIs1970_fall_s2_83_p635.png,False,water_like,48.377075,45.911465,0.598524,58.022369,47.677899,E:\Data\fall\s1_83\ROIs1970_fall_s1_83_p635.png,E:\Data\fall\s2_83\ROIs1970_fall_s2_83_p635.png
summer,ROIs1868_summer_4_p361,E:\Data\summer\s1_4\ROIs1868_summer_s1_4_p361.png,E:\Data\summer\s2_4\ROIs1868_summer_s2_4_p361.png,False,low_texture,10.712723,4.429421,0.0,38.511353,25.147658,E:\Data\summer\s1_4\ROIs1868_summer_s1_4_p361.png,E:\Data\summer\s2_4\ROIs1868_summer_s2_4_p361.png
winter,winter_img_tropical_p122,E:\Data\winter\s1_172\winter_img_tropical_p122.png,E:\Data\winter\s2_172\winter_img_tropical_p122.png,False,low_texture,8.23378,6.177496,0.0,38.288589,19.902067,E:\Data\winter\s1_172\winter_img_tropical_p122.png,E:\Data\winter\s2_172\winter_img_tropical_p122.png
spring,ROIs1158_spring_54_p870,E:\Data\spring\s1_54\ROIs1158_spring_s1_54_p870.png,E:\Data\spring\s2_54\ROIs1158_spring_s2_54_p870.png,False,water_like,15.343796,19.059605,0.384549,41.101273,37.673496,E:\Data\spring\s1_54\ROIs1158_spring_s1_54_p870.png,E:\Data\spring\s2_54\ROIs1158_spring_s2_54_p870.png
winter,ROIs2017_winter_77_p935,E:\Data\winter\s1_77\ROIs2017_winter_s1_77_p935.png,E:\Data\winter\s2_77\ROIs2017_winter_s2_77_p935.png,False,low_texture,6.676758,11.06151,0.0,30.970078,31.446802,E:\Data\winter\s1_77\ROIs2017_winter_s1_77_p935.png,E:\Data\winter\s2_77\ROIs2017_winter_s2_77_p935.png
winter,winter_img_temperate_p2260,E:\Data\winter\s1_170\winter_img_temperate_p2260.png,E:\Data\winter\s2_170\winter_img_temperate_p2260.png,False,low_texture,21.729218,13.891072,0.0,11.743484,23.676658,E:\Data\winter\s1_170\winter_img_temperate_p2260.png,E:\Data\winter\s2_170\winter_img_temperate_p2260.png
fall,fall_img_temperate_p4143,E:\Data\fall\s1_150\fall_img_temperate_p4143.png,E:\Data\fall\s2_150\fall_img_temperate_p4143.png,False,low_texture;sar_low_texture,21.414703,12.305229,0.0,3.37146,2.565516,E:\Data\fall\s1_150\fall_img_temperate_p4143.png,E:\Data\fall\s2_150\fall_img_temperate_p4143.png
winter,ROIs2017_winter_8_p1506,E:\Data\winter\s1_8\ROIs2017_winter_s1_8_p1506.png,E:\Data\winter\s2_8\ROIs2017_winter_s2_8_p1506.png,False,water_like,22.608047,51.005977,0.839844,46.540985,47.377234,E:\Data\winter\s1_8\ROIs2017_winter_s1_8_p1506.png,E:\Data\winter\s2_8\ROIs2017_winter_s2_8_p1506.png
winter,winter_img_temperate_p6824,E:\Data\winter\s1_170\winter_img_temperate_p6824.png,E:\Data\winter\s2_170\winter_img_temperate_p6824.png,False,low_texture,10.906082,9.517458,0.0,17.617783,16.741518,E:\Data\winter\s1_170\winter_img_temperate_p6824.png,E:\Data\winter\s2_170\winter_img_temperate_p6824.png
fall,ROIs1970_fall_124_p638,E:\Data\fall\s1_124\ROIs1970_fall_s1_124_p638.png,E:\Data\fall\s2_124\ROIs1970_fall_s2_124_p638.png,False,low_texture,13.656433,25.647101,0.059462,60.190948,44.085444,E:\Data\fall\s1_124\ROIs1970_fall_s1_124_p638.png,E:\Data\fall\s2_124\ROIs1970_fall_s2_124_p638.png
spring,ROIs1158_spring_40_p1007,E:\Data\spring\s1_40\ROIs1158_spring_s1_40_p1007.png,E:\Data\spring\s2_40\ROIs1158_spring_s2_40_p1007.png,False,low_texture,12.36618,16.935497,0.0,33.636124,33.855752,E:\Data\spring\s1_40\ROIs1158_spring_s1_40_p1007.png,E:\Data\spring\s2_40\ROIs1158_spring_s2_40_p1007.png
winter,winter_img_temperate_p4573,E:\Data\winter\s1_170\winter_img_temperate_p4573.png,E:\Data\winter\s2_170\winter_img_temperate_p4573.png,False,low_texture,20.96524,15.275415,0.0,5.3181,5.52984,E:\Data\winter\s1_170\winter_img_temperate_p4573.png,E:\Data\winter\s2_170\winter_img_temperate_p4573.png
spring,ROIs1158_spring_64_p488,E:\Data\spring\s1_64\ROIs1158_spring_s1_64_p488.png,E:\Data\spring\s2_64\ROIs1158_spring_s2_64_p488.png,False,low_texture,9.767929,11.397536,0.0,34.639526,21.857983,E:\Data\spring\s1_64\ROIs1158_spring_s1_64_p488.png,E:\Data\spring\s2_64\ROIs1158_spring_s2_64_p488.png
fall,ROIs1970_fall_47_p597,E:\Data\fall\s1_47\ROIs1970_fall_s1_47_p597.png,E:\Data\fall\s2_47\ROIs1970_fall_s2_47_p597.png,False,low_texture,3.251984,2.403581,0.0,36.967911,20.544129,E:\Data\fall\s1_47\ROIs1970_fall_s1_47_p597.png,E:\Data\fall\s2_47\ROIs1970_fall_s2_47_p597.png
winter,winter_img_tropical_p96,E:\Data\winter\s1_172\winter_img_tropical_p96.png,E:\Data\winter\s2_172\winter_img_tropical_p96.png,False,low_texture,14.05748,14.835613,0.0,27.129166,17.750708,E:\Data\winter\s1_172\winter_img_tropical_p96.png,E:\Data\winter\s2_172\winter_img_tropical_p96.png
summer,ROIs1868_summer_10_p23,E:\Data\summer\s1_10\ROIs1868_summer_s1_10_p23.png,E:\Data\summer\s2_10\ROIs1868_summer_s2_10_p23.png,False,low_texture,7.780975,33.21877,0.000434,35.473083,32.352904,E:\Data\summer\s1_10\ROIs1868_summer_s1_10_p23.png,E:\Data\summer\s2_10\ROIs1868_summer_s2_10_p23.png
winter,winter_img_temperate_p6880,E:\Data\winter\s1_170\winter_img_temperate_p6880.png,E:\Data\winter\s2_170\winter_img_temperate_p6880.png,False,low_texture,16.718033,14.962473,0.0,20.781281,14.656,E:\Data\winter\s1_170\winter_img_temperate_p6880.png,E:\Data\winter\s2_170\winter_img_temperate_p6880.png
summer,summer_img_temperate_p1009,E:\Data\summer\s1_160\summer_img_temperate_p1009.png,E:\Data\summer\s2_160\summer_img_temperate_p1009.png,False,low_texture,17.280899,14.972596,0.0,6.096725,5.88166,E:\Data\summer\s1_160\summer_img_temperate_p1009.png,E:\Data\summer\s2_160\summer_img_temperate_p1009.png
winter,winter_img_temperate_p5474,E:\Data\winter\s1_170\winter_img_temperate_p5474.png,E:\Data\winter\s2_170\winter_img_temperate_p5474.png,False,low_texture;sar_low_texture,16.234497,10.678447,0.0,4.015518,2.016298,E:\Data\winter\s1_170\winter_img_temperate_p5474.png,E:\Data\winter\s2_170\winter_img_temperate_p5474.png
spring,ROIs1158_spring_3_p689,E:\Data\spring\s1_3\ROIs1158_spring_s1_3_p689.png,E:\Data\spring\s2_3\ROIs1158_spring_s2_3_p689.png,False,water_like,14.054993,22.586954,0.582031,34.30661,63.88133,E:\Data\spring\s1_3\ROIs1158_spring_s1_3_p689.png,E:\Data\spring\s2_3\ROIs1158_spring_s2_3_p689.png
fall,ROIs1970_fall_139_p1676,E:\Data\fall\s1_139\ROIs1970_fall_s1_139_p1676.png,E:\Data\fall\s2_139\ROIs1970_fall_s2_139_p1676.png,False,water_like,31.329803,29.827592,0.468316,31.072784,31.307889,E:\Data\fall\s1_139\ROIs1970_fall_s1_139_p1676.png,E:\Data\fall\s2_139\ROIs1970_fall_s2_139_p1676.png
winter,ROIs2017_winter_100_p245,E:\Data\winter\s1_100\ROIs2017_winter_s1_100_p245.png,E:\Data\winter\s2_100\ROIs2017_winter_s2_100_p245.png,False,low_texture,12.571426,19.814299,0.040365,47.136932,34.260471,E:\Data\winter\s1_100\ROIs2017_winter_s1_100_p245.png,E:\Data\winter\s2_100\ROIs2017_winter_s2_100_p245.png
fall,ROIs1970_fall_138_p868,E:\Data\fall\s1_138\ROIs1970_fall_s1_138_p868.png,E:\Data\fall\s2_138\ROIs1970_fall_s2_138_p868.png,False,low_texture,10.46492,12.25493,0.0,53.30545,39.337503,E:\Data\fall\s1_138\ROIs1970_fall_s1_138_p868.png,E:\Data\fall\s2_138\ROIs1970_fall_s2_138_p868.png
winter,ROIs2017_winter_27_p290,E:\Data\winter\s1_27\ROIs2017_winter_s1_27_p290.png,E:\Data\winter\s2_27\ROIs2017_winter_s2_27_p290.png,False,low_texture,7.416229,16.604693,0.0,23.311249,57.417597,E:\Data\winter\s1_27\ROIs2017_winter_s1_27_p290.png,E:\Data\winter\s2_27\ROIs2017_winter_s2_27_p290.png
fall,fall_img_temperate_p1954,E:\Data\fall\s1_150\fall_img_temperate_p1954.png,E:\Data\fall\s2_150\fall_img_temperate_p1954.png,False,low_texture,20.105835,17.098504,0.0,5.981689,4.691743,E:\Data\fall\s1_150\fall_img_temperate_p1954.png,E:\Data\fall\s2_150\fall_img_temperate_p1954.png
summer,ROIs1868_summer_4_p791,E:\Data\summer\s1_4\ROIs1868_summer_s1_4_p791.png,E:\Data\summer\s2_4\ROIs1868_summer_s2_4_p791.png,False,low_texture,12.432617,5.060823,0.0,39.440659,23.732731,E:\Data\summer\s1_4\ROIs1868_summer_s1_4_p791.png,E:\Data\summer\s2_4\ROIs1868_summer_s2_4_p791.png
spring,ROIs1158_spring_79_p385,E:\Data\spring\s1_79\ROIs1158_spring_s1_79_p385.png,E:\Data\spring\s2_79\ROIs1158_spring_s2_79_p385.png,False,water_like,41.757904,52.271051,0.378472,73.710602,49.757064,E:\Data\spring\s1_79\ROIs1158_spring_s1_79_p385.png,E:\Data\spring\s2_79\ROIs1158_spring_s2_79_p385.png
summer,ROIs1868_summer_95_p1152,E:\Data\summer\s1_95\ROIs1868_summer_s1_95_p1152.png,E:\Data\summer\s2_95\ROIs1868_summer_s2_95_p1152.png,False,low_texture,11.93837,27.113682,0.065104,20.351044,13.788783,E:\Data\summer\s1_95\ROIs1868_summer_s1_95_p1152.png,E:\Data\summer\s2_95\ROIs1868_summer_s2_95_p1152.png
spring,ROIs1158_spring_72_p394,E:\Data\spring\s1_72\ROIs1158_spring_s1_72_p394.png,E:\Data\spring\s2_72\ROIs1158_spring_s2_72_p394.png,False,water_like,28.105087,39.142402,0.993924,46.780792,32.924045,E:\Data\spring\s1_72\ROIs1158_spring_s1_72_p394.png,E:\Data\spring\s2_72\ROIs1158_spring_s2_72_p394.png
winter,ROIs2017_winter_93_p796,E:\Data\winter\s1_93\ROIs2017_winter_s1_93_p796.png,E:\Data\winter\s2_93\ROIs2017_winter_s2_93_p796.png,False,water_like,16.476257,23.397114,0.735243,59.835312,42.924904,E:\Data\winter\s1_93\ROIs2017_winter_s1_93_p796.png,E:\Data\winter\s2_93\ROIs2017_winter_s2_93_p796.png
spring,ROIs1158_spring_136_p663,E:\Data\spring\s1_136\ROIs1158_spring_s1_136_p663.png,E:\Data\spring\s2_136\ROIs1158_spring_s2_136_p663.png,False,low_texture,17.159424,13.897391,0.0,65.839935,42.835436,E:\Data\spring\s1_136\ROIs1158_spring_s1_136_p663.png,E:\Data\spring\s2_136\ROIs1158_spring_s2_136_p663.png
summer,ROIs1868_summer_54_p828,E:\Data\summer\s1_54\ROIs1868_summer_s1_54_p828.png,E:\Data\summer\s2_54\ROIs1868_summer_s2_54_p828.png,False,water_like,21.372589,35.881642,0.906684,35.839096,41.12816,E:\Data\summer\s1_54\ROIs1868_summer_s1_54_p828.png,E:\Data\summer\s2_54\ROIs1868_summer_s2_54_p828.png
fall,ROIs1970_fall_56_p1073,E:\Data\fall\s1_56\ROIs1970_fall_s1_56_p1073.png,E:\Data\fall\s2_56\ROIs1970_fall_s2_56_p1073.png,False,low_texture,4.463074,2.037241,0.0,38.769241,23.016492,E:\Data\fall\s1_56\ROIs1970_fall_s1_56_p1073.png,E:\Data\fall\s2_56\ROIs1970_fall_s2_56_p1073.png
spring,ROIs1158_spring_112_p335,E:\Data\spring\s1_112\ROIs1158_spring_s1_112_p335.png,E:\Data\spring\s2_112\ROIs1158_spring_s2_112_p335.png,False,water_like,21.461838,33.048954,0.456597,56.366501,57.33314,E:\Data\spring\s1_112\ROIs1158_spring_s1_112_p335.png,E:\Data\spring\s2_112\ROIs1158_spring_s2_112_p335.png
spring,ROIs1158_spring_79_p368,E:\Data\spring\s1_79\ROIs1158_spring_s1_79_p368.png,E:\Data\spring\s2_79\ROIs1158_spring_s2_79_p368.png,False,water_like,45.996796,28.63508,0.823351,73.059586,49.382336,E:\Data\spring\s1_79\ROIs1158_spring_s1_79_p368.png,E:\Data\spring\s2_79\ROIs1158_spring_s2_79_p368.png
summer,ROIs1868_summer_115_p855,E:\Data\summer\s1_115\ROIs1868_summer_s1_115_p855.png,E:\Data\summer\s2_115\ROIs1868_summer_s2_115_p855.png,False,low_texture,12.546982,20.859413,0.0,42.629501,60.093845,E:\Data\summer\s1_115\ROIs1868_summer_s1_115_p855.png,E:\Data\summer\s2_115\ROIs1868_summer_s2_115_p855.png
spring,ROIs1158_spring_120_p746,E:\Data\spring\s1_120\ROIs1158_spring_s1_120_p746.png,E:\Data\spring\s2_120\ROIs1158_spring_s2_120_p746.png,False,low_texture,12.975601,20.907459,0.0,46.50293,42.033635,E:\Data\spring\s1_120\ROIs1158_spring_s1_120_p746.png,E:\Data\spring\s2_120\ROIs1158_spring_s2_120_p746.png
winter,winter_img_tropical_p384,E:\Data\winter\s1_172\winter_img_tropical_p384.png,E:\Data\winter\s2_172\winter_img_tropical_p384.png,False,low_texture,13.967361,22.727408,0.0,21.788467,14.558796,E:\Data\winter\s1_172\winter_img_tropical_p384.png,E:\Data\winter\s2_172\winter_img_tropical_p384.png
fall,ROIs1970_fall_113_p198,E:\Data\fall\s1_113\ROIs1970_fall_s1_113_p198.png,E:\Data\fall\s2_113\ROIs1970_fall_s2_113_p198.png,False,water_like,26.879181,62.800059,0.737847,60.999664,61.174507,E:\Data\fall\s1_113\ROIs1970_fall_s1_113_p198.png,E:\Data\fall\s2_113\ROIs1970_fall_s2_113_p198.png
winter,ROIs2017_winter_67_p705,E:\Data\winter\s1_67\ROIs2017_winter_s1_67_p705.png,E:\Data\winter\s2_67\ROIs2017_winter_s2_67_p705.png,False,low_texture;water_like,12.851486,13.738441,0.423177,57.96228,36.250292,E:\Data\winter\s1_67\ROIs2017_winter_s1_67_p705.png,E:\Data\winter\s2_67\ROIs2017_winter_s2_67_p705.png
fall,ROIs1970_fall_129_p1189,E:\Data\fall\s1_129\ROIs1970_fall_s1_129_p1189.png,E:\Data\fall\s2_129\ROIs1970_fall_s2_129_p1189.png,False,water_like,16.411987,28.097511,0.493924,54.101547,44.372609,E:\Data\fall\s1_129\ROIs1970_fall_s1_129_p1189.png,E:\Data\fall\s2_129\ROIs1970_fall_s2_129_p1189.png
spring,ROIs1158_spring_90_p329,E:\Data\spring\s1_90\ROIs1158_spring_s1_90_p329.png,E:\Data\spring\s2_90\ROIs1158_spring_s2_90_p329.png,False,water_like,36.339523,60.397494,0.365885,23.619629,16.837034,E:\Data\spring\s1_90\ROIs1158_spring_s1_90_p329.png,E:\Data\spring\s2_90\ROIs1158_spring_s2_90_p329.png
fall,ROIs1970_fall_116_p644,E:\Data\fall\s1_116\ROIs1970_fall_s1_116_p644.png,E:\Data\fall\s2_116\ROIs1970_fall_s2_116_p644.png,False,water_like,14.354172,69.123652,0.503472,36.876129,72.563458,E:\Data\fall\s1_116\ROIs1970_fall_s1_116_p644.png,E:\Data\fall\s2_116\ROIs1970_fall_s2_116_p644.png
fall,fall_img_tropical_p11931,E:\Data\fall\s1_150\fall_img_tropical_p11931.png,E:\Data\fall\s2_150\fall_img_tropical_p11931.png,False,low_texture,8.422897,6.618566,0.0,28.754318,16.172372,E:\Data\fall\s1_150\fall_img_tropical_p11931.png,E:\Data\fall\s2_150\fall_img_tropical_p11931.png
winter,ROIs2017_winter_53_p169,E:\Data\winter\s1_53\ROIs2017_winter_s1_53_p169.png,E:\Data\winter\s2_53\ROIs2017_winter_s2_53_p169.png,False,water_like,34.720535,28.992875,0.945747,49.349915,39.627888,E:\Data\winter\s1_53\ROIs2017_winter_s1_53_p169.png,E:\Data\winter\s2_53\ROIs2017_winter_s2_53_p169.png
summer,ROIs1868_summer_86_p961,E:\Data\summer\s1_86\ROIs1868_summer_s1_86_p961.png,E:\Data\summer\s2_86\ROIs1868_summer_s2_86_p961.png,False,low_texture,12.827209,19.518987,0.0,61.24176,41.045531,E:\Data\summer\s1_86\ROIs1868_summer_s1_86_p961.png,E:\Data\summer\s2_86\ROIs1868_summer_s2_86_p961.png
spring,ROIs1158_spring_3_p750,E:\Data\spring\s1_3\ROIs1158_spring_s1_3_p750.png,E:\Data\spring\s2_3\ROIs1158_spring_s2_3_p750.png,False,low_texture;water_like,5.394165,7.532111,1.0,33.435562,21.33281,E:\Data\spring\s1_3\ROIs1158_spring_s1_3_p750.png,E:\Data\spring\s2_3\ROIs1158_spring_s2_3_p750.png
fall,ROIs1970_fall_56_p1071,E:\Data\fall\s1_56\ROIs1970_fall_s1_56_p1071.png,E:\Data\fall\s2_56\ROIs1970_fall_s2_56_p1071.png,False,low_texture,4.506699,5.747962,0.0,38.212051,22.495995,E:\Data\fall\s1_56\ROIs1970_fall_s1_56_p1071.png,E:\Data\fall\s2_56\ROIs1970_fall_s2_56_p1071.png
summer,ROIs1868_summer_4_p942,E:\Data\summer\s1_4\ROIs1868_summer_s1_4_p942.png,E:\Data\summer\s2_4\ROIs1868_summer_s2_4_p942.png,False,low_texture,11.70047,5.259608,0.000434,37.08519,23.162962,E:\Data\summer\s1_4\ROIs1868_summer_s1_4_p942.png,E:\Data\summer\s2_4\ROIs1868_summer_s2_4_p942.png
winter,ROIs2017_winter_47_p791,E:\Data\winter\s1_47\ROIs2017_winter_s1_47_p791.png,E:\Data\winter\s2_47\ROIs2017_winter_s2_47_p791.png,False,low_texture,13.395004,21.520117,0.007812,54.296112,43.255128,E:\Data\winter\s1_47\ROIs2017_winter_s1_47_p791.png,E:\Data\winter\s2_47\ROIs2017_winter_s2_47_p791.png
winter,ROIs2017_winter_9_p428,E:\Data\winter\s1_9\ROIs2017_winter_s1_9_p428.png,E:\Data\winter\s2_9\ROIs2017_winter_s2_9_p428.png,False,low_texture,11.002701,22.158879,0.0,44.885254,55.74403,E:\Data\winter\s1_9\ROIs2017_winter_s1_9_p428.png,E:\Data\winter\s2_9\ROIs2017_winter_s2_9_p428.png
winter,ROIs2017_winter_146_p812,E:\Data\winter\s1_146\ROIs2017_winter_s1_146_p812.png,E:\Data\winter\s2_146\ROIs2017_winter_s2_146_p812.png,False,low_texture;water_like,13.715912,17.772303,0.802083,60.351318,44.029553,E:\Data\winter\s1_146\ROIs2017_winter_s1_146_p812.png,E:\Data\winter\s2_146\ROIs2017_winter_s2_146_p812.png
fall,ROIs1970_fall_138_p937,E:\Data\fall\s1_138\ROIs1970_fall_s1_138_p937.png,E:\Data\fall\s2_138\ROIs1970_fall_s2_138_p937.png,False,low_texture,10.277817,15.273037,0.0,55.944565,50.001513,E:\Data\fall\s1_138\ROIs1970_fall_s1_138_p937.png,E:\Data\fall\s2_138\ROIs1970_fall_s2_138_p937.png
fall,ROIs1970_fall_120_p581,E:\Data\fall\s1_120\ROIs1970_fall_s1_120_p581.png,E:\Data\fall\s2_120\ROIs1970_fall_s2_120_p581.png,False,water_like,22.762589,26.951447,0.481337,50.647415,33.178054,E:\Data\fall\s1_120\ROIs1970_fall_s1_120_p581.png,E:\Data\fall\s2_120\ROIs1970_fall_s2_120_p581.png
winter,ROIs2017_winter_140_p1055,E:\Data\winter\s1_140\ROIs2017_winter_s1_140_p1055.png,E:\Data\winter\s2_140\ROIs2017_winter_s2_140_p1055.png,False,water_like,36.278519,51.437461,0.802517,20.952896,17.996674,E:\Data\winter\s1_140\ROIs2017_winter_s1_140_p1055.png,E:\Data\winter\s2_140\ROIs2017_winter_s2_140_p1055.png
spring,spring_img_temperate_p803,E:\Data\spring\s1_155\spring_img_temperate_p803.png,E:\Data\spring\s2_155\spring_img_temperate_p803.png,False,low_texture;sar_low_texture,1.566589,1.473105,0.0,5.638626,2.747257,E:\Data\spring\s1_155\spring_img_temperate_p803.png,E:\Data\spring\s2_155\spring_img_temperate_p803.png
winter,winter_img_temperate_p5088,E:\Data\winter\s1_170\winter_img_temperate_p5088.png,E:\Data\winter\s2_170\winter_img_temperate_p5088.png,False,low_texture,9.092987,9.489839,0.0,18.16713,14.448236,E:\Data\winter\s1_170\winter_img_temperate_p5088.png,E:\Data\winter\s2_170\winter_img_temperate_p5088.png
fall,ROIs1970_fall_59_p468,E:\Data\fall\s1_59\ROIs1970_fall_s1_59_p468.png,E:\Data\fall\s2_59\ROIs1970_fall_s2_59_p468.png,False,water_like,25.400482,40.774392,0.398872,45.511978,47.196624,E:\Data\fall\s1_59\ROIs1970_fall_s1_59_p468.png,E:\Data\fall\s2_59\ROIs1970_fall_s2_59_p468.png
winter,ROIs2017_winter_111_p142,E:\Data\winter\s1_111\ROIs2017_winter_s1_111_p142.png,E:\Data\winter\s2_111\ROIs2017_winter_s2_111_p142.png,False,water_like,28.612122,52.153913,0.781684,51.019974,45.314476,E:\Data\winter\s1_111\ROIs2017_winter_s1_111_p142.png,E:\Data\winter\s2_111\ROIs2017_winter_s2_111_p142.png
summer,ROIs1868_summer_0_p27,E:\Data\summer\s1_0\ROIs1868_summer_s1_0_p27.png,E:\Data\summer\s2_0\ROIs1868_summer_s2_0_p27.png,False,water_like,41.224045,63.828778,0.354601,37.999023,28.802704,E:\Data\summer\s1_0\ROIs1868_summer_s1_0_p27.png,E:\Data\summer\s2_0\ROIs1868_summer_s2_0_p27.png
spring,ROIs1158_spring_120_p875,E:\Data\spring\s1_120\ROIs1158_spring_s1_120_p875.png,E:\Data\spring\s2_120\ROIs1158_spring_s2_120_p875.png,False,low_texture,19.617096,16.753541,0.0,44.262314,28.308129,E:\Data\spring\s1_120\ROIs1158_spring_s1_120_p875.png,E:\Data\spring\s2_120\ROIs1158_spring_s2_120_p875.png
spring,ROIs1158_spring_71_p794,E:\Data\spring\s1_71\ROIs1158_spring_s1_71_p794.png,E:\Data\spring\s2_71\ROIs1158_spring_s2_71_p794.png,False,water_like,41.490631,48.58489,0.375868,72.742111,50.061688,E:\Data\spring\s1_71\ROIs1158_spring_s1_71_p794.png,E:\Data\spring\s2_71\ROIs1158_spring_s2_71_p794.png
spring,ROIs1158_spring_86_p634,E:\Data\spring\s1_86\ROIs1158_spring_s1_86_p634.png,E:\Data\spring\s2_86\ROIs1158_spring_s2_86_p634.png,False,water_like,33.755676,41.67029,0.912326,44.940216,46.612466,E:\Data\spring\s1_86\ROIs1158_spring_s1_86_p634.png,E:\Data\spring\s2_86\ROIs1158_spring_s2_86_p634.png
fall,ROIs1970_fall_116_p634,E:\Data\fall\s1_116\ROIs1970_fall_s1_116_p634.png,E:\Data\fall\s2_116\ROIs1970_fall_s2_116_p634.png,False,low_texture;water_like,13.055679,60.050071,0.377604,37.74469,68.490288,E:\Data\fall\s1_116\ROIs1970_fall_s1_116_p634.png,E:\Data\fall\s2_116\ROIs1970_fall_s2_116_p634.png
winter,ROIs2017_winter_140_p500,E:\Data\winter\s1_140\ROIs2017_winter_s1_140_p500.png,E:\Data\winter\s2_140\ROIs2017_winter_s2_140_p500.png,False,water_like,29.487106,45.919114,0.698785,20.670395,20.353158,E:\Data\winter\s1_140\ROIs2017_winter_s1_140_p500.png,E:\Data\winter\s2_140\ROIs2017_winter_s2_140_p500.png
winter,ROIs2017_winter_6_p1218,E:\Data\winter\s1_6\ROIs2017_winter_s1_6_p1218.png,E:\Data\winter\s2_6\ROIs2017_winter_s2_6_p1218.png,False,water_like,21.827179,50.48656,0.50434,43.34227,43.293278,E:\Data\winter\s1_6\ROIs2017_winter_s1_6_p1218.png,E:\Data\winter\s2_6\ROIs2017_winter_s2_6_p1218.png
spring,ROIs1158_spring_136_p157,E:\Data\spring\s1_136\ROIs1158_spring_s1_136_p157.png,E:\Data\spring\s2_136\ROIs1158_spring_s2_136_p157.png,False,low_texture,15.23111,9.685738,0.00434,67.052643,44.984419,E:\Data\spring\s1_136\ROIs1158_spring_s1_136_p157.png,E:\Data\spring\s2_136\ROIs1158_spring_s2_136_p157.png
summer,ROIs1868_summer_88_p1674,E:\Data\summer\s1_88\ROIs1868_summer_s1_88_p1674.png,E:\Data\summer\s2_88\ROIs1868_summer_s2_88_p1674.png,False,low_texture,9.109543,8.707199,0.0,40.325867,27.578756,E:\Data\summer\s1_88\ROIs1868_summer_s1_88_p1674.png,E:\Data\summer\s2_88\ROIs1868_summer_s2_88_p1674.png
fall,ROIs1970_fall_47_p777,E:\Data\fall\s1_47\ROIs1970_fall_s1_47_p777.png,E:\Data\fall\s2_47\ROIs1970_fall_s2_47_p777.png,False,low_texture,3.854065,5.368328,0.00217,38.488831,25.666219,E:\Data\fall\s1_47\ROIs1970_fall_s1_47_p777.png,E:\Data\fall\s2_47\ROIs1970_fall_s2_47_p777.png
spring,ROIs1158_spring_54_p1052,E:\Data\spring\s1_54\ROIs1158_spring_s1_54_p1052.png,E:\Data\spring\s2_54\ROIs1158_spring_s2_54_p1052.png,False,water_like,39.687119,35.800549,0.783854,52.194595,50.667296,E:\Data\spring\s1_54\ROIs1158_spring_s1_54_p1052.png,E:\Data\spring\s2_54\ROIs1158_spring_s2_54_p1052.png
spring,ROIs1158_spring_79_p451,E:\Data\spring\s1_79\ROIs1158_spring_s1_79_p451.png,E:\Data\spring\s2_79\ROIs1158_spring_s2_79_p451.png,False,water_like,37.289764,38.416903,0.897569,72.607361,51.645283,E:\Data\spring\s1_79\ROIs1158_spring_s1_79_p451.png,E:\Data\spring\s2_79\ROIs1158_spring_s2_79_p451.png
winter,ROIs2017_winter_140_p439,E:\Data\winter\s1_140\ROIs2017_winter_s1_140_p439.png,E:\Data\winter\s2_140\ROIs2017_winter_s2_140_p439.png,False,water_like,38.087448,54.779015,0.749566,22.356171,20.859548,E:\Data\winter\s1_140\ROIs2017_winter_s1_140_p439.png,E:\Data\winter\s2_140\ROIs2017_winter_s2_140_p439.png
fall,ROIs1970_fall_139_p1903,E:\Data\fall\s1_139\ROIs1970_fall_s1_139_p1903.png,E:\Data\fall\s2_139\ROIs1970_fall_s2_139_p1903.png,False,water_like,19.289352,38.189947,0.563802,31.065323,36.818544,E:\Data\fall\s1_139\ROIs1970_fall_s1_139_p1903.png,E:\Data\fall\s2_139\ROIs1970_fall_s2_139_p1903.png
fall,ROIs1970_fall_10_p339,E:\Data\fall\s1_10\ROIs1970_fall_s1_10_p339.png,E:\Data\fall\s2_10\ROIs1970_fall_s2_10_p339.png,False,water_like,19.910339,18.401528,0.999566,48.132187,42.139228,E:\Data\fall\s1_10\ROIs1970_fall_s1_10_p339.png,E:\Data\fall\s2_10\ROIs1970_fall_s2_10_p339.png
fall,fall_img_tropical_p8622,E:\Data\fall\s1_150\fall_img_tropical_p8622.png,E:\Data\fall\s2_150\fall_img_tropical_p8622.png,False,low_texture,7.040619,7.097864,0.0,34.623169,19.094102,E:\Data\fall\s1_150\fall_img_tropical_p8622.png,E:\Data\fall\s2_150\fall_img_tropical_p8622.png
summer,summer_img_temperate_p678,E:\Data\summer\s1_160\summer_img_temperate_p678.png,E:\Data\summer\s2_160\summer_img_temperate_p678.png,False,low_texture;sar_low_texture,11.241623,4.761146,0.0,7.929855,3.919821,E:\Data\summer\s1_160\summer_img_temperate_p678.png,E:\Data\summer\s2_160\summer_img_temperate_p678.png
fall,ROIs1970_fall_129_p1503,E:\Data\fall\s1_129\ROIs1970_fall_s1_129_p1503.png,E:\Data\fall\s2_129\ROIs1970_fall_s2_129_p1503.png,False,low_texture;water_like,5.166611,10.059098,1.0,55.509079,44.002651,E:\Data\fall\s1_129\ROIs1970_fall_s1_129_p1503.png,E:\Data\fall\s2_129\ROIs1970_fall_s2_129_p1503.png
summer,ROIs1868_summer_106_p345,E:\Data\summer\s1_106\ROIs1868_summer_s1_106_p345.png,E:\Data\summer\s2_106\ROIs1868_summer_s2_106_p345.png,False,low_texture,11.600815,13.14982,0.0,56.556503,42.14126,E:\Data\summer\s1_106\ROIs1868_summer_s1_106_p345.png,E:\Data\summer\s2_106\ROIs1868_summer_s2_106_p345.png
fall,ROIs1970_fall_120_p879,E:\Data\fall\s1_120\ROIs1970_fall_s1_120_p879.png,E:\Data\fall\s2_120\ROIs1970_fall_s2_120_p879.png,False,low_texture,10.622055,16.857059,0.251302,49.44928,33.831462,E:\Data\fall\s1_120\ROIs1970_fall_s1_120_p879.png,E:\Data\fall\s2_120\ROIs1970_fall_s2_120_p879.png
winter,winter_img_temperate_p601,E:\Data\winter\s1_171\winter_img_temperate_p601.png,E:\Data\winter\s2_171\winter_img_temperate_p601.png,False,water_like,43.921188,54.852495,0.380208,20.776169,34.725455,E:\Data\winter\s1_171\winter_img_temperate_p601.png,E:\Data\winter\s2_171\winter_img_temperate_p601.png
spring,ROIs1158_spring_42_p652,E:\Data\spring\s1_42\ROIs1158_spring_s1_42_p652.png,E:\Data\spring\s2_42\ROIs1158_spring_s2_42_p652.png,False,low_texture,10.425735,18.780081,0.0,35.656677,24.246846,E:\Data\spring\s1_42\ROIs1158_spring_s1_42_p652.png,E:\Data\spring\s2_42\ROIs1158_spring_s2_42_p652.png
spring,ROIs1158_spring_126_p7,E:\Data\spring\s1_126\ROIs1158_spring_s1_126_p7.png,E:\Data\spring\s2_126\ROIs1158_spring_s2_126_p7.png,False,water_like,35.233215,55.299311,0.598524,54.497589,43.245944,E:\Data\spring\s1_126\ROIs1158_spring_s1_126_p7.png,E:\Data\spring\s2_126\ROIs1158_spring_s2_126_p7.png
summer,summer_img_temperate_p5630,E:\Data\summer\s1_160\summer_img_temperate_p5630.png,E:\Data\summer\s2_160\summer_img_temperate_p5630.png,False,low_texture,19.034836,17.10098,0.0,6.223312,7.538663,E:\Data\summer\s1_160\summer_img_temperate_p5630.png,E:\Data\summer\s2_160\summer_img_temperate_p5630.png
winter,ROIs2017_winter_77_p365,E:\Data\winter\s1_77\ROIs2017_winter_s1_77_p365.png,E:\Data\winter\s2_77\ROIs2017_winter_s2_77_p365.png,False,low_texture,9.365646,21.387753,0.0,32.492798,30.773378,E:\Data\winter\s1_77\ROIs2017_winter_s1_77_p365.png,E:\Data\winter\s2_77\ROIs2017_winter_s2_77_p365.png
spring,ROIs1158_spring_41_p959,E:\Data\spring\s1_41\ROIs1158_spring_s1_41_p959.png,E:\Data\spring\s2_41\ROIs1158_spring_s2_41_p959.png,False,water_like,45.112564,58.614925,0.462674,51.774765,51.251023,E:\Data\spring\s1_41\ROIs1158_spring_s1_41_p959.png,E:\Data\spring\s2_41\ROIs1158_spring_s2_41_p959.png
fall,ROIs1970_fall_129_p1046,E:\Data\fall\s1_129\ROIs1970_fall_s1_129_p1046.png,E:\Data\fall\s2_129\ROIs1970_fall_s2_129_p1046.png,False,water_like,17.111511,34.255658,0.645833,54.640244,44.382357,E:\Data\fall\s1_129\ROIs1970_fall_s1_129_p1046.png,E:\Data\fall\s2_129\ROIs1970_fall_s2_129_p1046.png
winter,winter_img_temperate_p2448,E:\Data\winter\s1_170\winter_img_temperate_p2448.png,E:\Data\winter\s2_170\winter_img_temperate_p2448.png,False,low_texture,14.253754,8.876197,0.0,17.412201,15.868611,E:\Data\winter\s1_170\winter_img_temperate_p2448.png,E:\Data\winter\s2_170\winter_img_temperate_p2448.png
summer,ROIs1868_summer_115_p78,E:\Data\summer\s1_115\ROIs1868_summer_s1_115_p78.png,E:\Data\summer\s2_115\ROIs1868_summer_s2_115_p78.png,False,low_texture;water_like,12.104309,15.217793,0.640191,48.313477,37.553917,E:\Data\summer\s1_115\ROIs1868_summer_s1_115_p78.png,E:\Data\summer\s2_115\ROIs1868_summer_s2_115_p78.png
summer,ROIs1868_summer_54_p727,E:\Data\summer\s1_54\ROIs1868_summer_s1_54_p727.png,E:\Data\summer\s2_54\ROIs1868_summer_s2_54_p727.png,False,water_like,22.04863,29.338078,0.893229,35.139832,41.241729,E:\Data\summer\s1_54\ROIs1868_summer_s1_54_p727.png,E:\Data\summer\s2_54\ROIs1868_summer_s2_54_p727.png
summer,ROIs1868_summer_25_p220,E:\Data\summer\s1_25\ROIs1868_summer_s1_25_p220.png,E:\Data\summer\s2_25\ROIs1868_summer_s2_25_p220.png,False,low_texture,8.986771,31.844936,0.0,39.60965,62.566052,E:\Data\summer\s1_25\ROIs1868_summer_s1_25_p220.png,E:\Data\summer\s2_25\ROIs1868_summer_s2_25_p220.png
summer,ROIs1868_summer_88_p1484,E:\Data\summer\s1_88\ROIs1868_summer_s1_88_p1484.png,E:\Data\summer\s2_88\ROIs1868_summer_s2_88_p1484.png,False,low_texture,6.634216,7.719584,0.0,41.951309,28.790421,E:\Data\summer\s1_88\ROIs1868_summer_s1_88_p1484.png,E:\Data\summer\s2_88\ROIs1868_summer_s2_88_p1484.png
spring,ROIs1158_spring_120_p1224,E:\Data\spring\s1_120\ROIs1158_spring_s1_120_p1224.png,E:\Data\spring\s2_120\ROIs1158_spring_s2_120_p1224.png,False,low_texture,13.36438,29.583713,0.0,44.820892,32.584271,E:\Data\spring\s1_120\ROIs1158_spring_s1_120_p1224.png,E:\Data\spring\s2_120\ROIs1158_spring_s2_120_p1224.png
fall,fall_img_tropical_p12441,E:\Data\fall\s1_150\fall_img_tropical_p12441.png,E:\Data\fall\s2_150\fall_img_tropical_p12441.png,False,low_texture,6.165634,4.076183,0.0,20.453308,13.203507,E:\Data\fall\s1_150\fall_img_tropical_p12441.png,E:\Data\fall\s2_150\fall_img_tropical_p12441.png
winter,ROIs2017_winter_146_p1256,E:\Data\winter\s1_146\ROIs2017_winter_s1_146_p1256.png,E:\Data\winter\s2_146\ROIs2017_winter_s2_146_p1256.png,False,low_texture;water_like,10.603226,22.615312,0.376302,60.506531,43.140931,E:\Data\winter\s1_146\ROIs2017_winter_s1_146_p1256.png,E:\Data\winter\s2_146\ROIs2017_winter_s2_146_p1256.png
summer,ROIs1868_summer_127_p1590,E:\Data\summer\s1_127\ROIs1868_summer_s1_127_p1590.png,E:\Data\summer\s2_127\ROIs1868_summer_s2_127_p1590.png,False,low_texture,9.093201,9.981694,0.0,39.280991,48.322319,E:\Data\summer\s1_127\ROIs1868_summer_s1_127_p1590.png,E:\Data\summer\s2_127\ROIs1868_summer_s2_127_p1590.png
summer,ROIs1868_summer_88_p1787,E:\Data\summer\s1_88\ROIs1868_summer_s1_88_p1787.png,E:\Data\summer\s2_88\ROIs1868_summer_s2_88_p1787.png,False,low_texture,8.009064,13.731603,0.0,42.159683,53.814133,E:\Data\summer\s1_88\ROIs1868_summer_s1_88_p1787.png,E:\Data\summer\s2_88\ROIs1868_summer_s2_88_p1787.png
fall,ROIs1970_fall_108_p457,E:\Data\fall\s1_108\ROIs1970_fall_s1_108_p457.png,E:\Data\fall\s2_108\ROIs1970_fall_s2_108_p457.png,False,low_texture,11.970551,48.255297,0.0,45.478195,45.812456,E:\Data\fall\s1_108\ROIs1970_fall_s1_108_p457.png,E:\Data\fall\s2_108\ROIs1970_fall_s2_108_p457.png
fall,fall_img_temperate_p594,E:\Data\fall\s1_150\fall_img_temperate_p594.png,E:\Data\fall\s2_150\fall_img_temperate_p594.png,False,low_texture,11.953674,12.86874,0.0,8.451096,6.305933,E:\Data\fall\s1_150\fall_img_temperate_p594.png,E:\Data\fall\s2_150\fall_img_temperate_p594.png
winter,winter_img_temperate_p7560,E:\Data\winter\s1_170\winter_img_temperate_p7560.png,E:\Data\winter\s2_170\winter_img_temperate_p7560.png,False,low_texture,17.460266,13.325409,0.0,12.463501,12.751106,E:\Data\winter\s1_170\winter_img_temperate_p7560.png,E:\Data\winter\s2_170\winter_img_temperate_p7560.png
summer,ROIs1868_summer_54_p1178,E:\Data\summer\s1_54\ROIs1868_summer_s1_54_p1178.png,E:\Data\summer\s2_54\ROIs1868_summer_s2_54_p1178.png,False,water_like,15.937958,28.799841,0.8125,32.368088,31.366178,E:\Data\summer\s1_54\ROIs1868_summer_s1_54_p1178.png,E:\Data\summer\s2_54\ROIs1868_summer_s2_54_p1178.png
fall,fall_img_tropical_p9288,E:\Data\fall\s1_150\fall_img_tropical_p9288.png,E:\Data\fall\s2_150\fall_img_tropical_p9288.png,False,low_texture,7.603104,8.140803,0.0,23.289368,17.57922,E:\Data\fall\s1_150\fall_img_tropical_p9288.png,E:\Data\fall\s2_150\fall_img_tropical_p9288.png
summer,summer_img_temperate_p6336,E:\Data\summer\s1_160\summer_img_temperate_p6336.png,E:\Data\summer\s2_160\summer_img_temperate_p6336.png,False,low_texture,15.628174,14.814555,0.0,7.07579,5.884909,E:\Data\summer\s1_160\summer_img_temperate_p6336.png,E:\Data\summer\s2_160\summer_img_temperate_p6336.png
winter,ROIs2017_winter_13_p39,E:\Data\winter\s1_13\ROIs2017_winter_s1_13_p39.png,E:\Data\winter\s2_13\ROIs2017_winter_s2_13_p39.png,False,water_like,20.983139,26.934883,0.996528,44.86879,34.044723,E:\Data\winter\s1_13\ROIs2017_winter_s1_13_p39.png,E:\Data\winter\s2_13\ROIs2017_winter_s2_13_p39.png
summer,ROIs1868_summer_86_p847,E:\Data\summer\s1_86\ROIs1868_summer_s1_86_p847.png,E:\Data\summer\s2_86\ROIs1868_summer_s2_86_p847.png,False,low_texture,11.75412,34.282237,0.0,61.203308,47.232657,E:\Data\summer\s1_86\ROIs1868_summer_s1_86_p847.png,E:\Data\summer\s2_86\ROIs1868_summer_s2_86_p847.png
winter,ROIs2017_winter_6_p1365,E:\Data\winter\s1_6\ROIs2017_winter_s1_6_p1365.png,E:\Data\winter\s2_6\ROIs2017_winter_s2_6_p1365.png,False,water_like,19.807541,36.866184,0.544271,43.536469,33.75256,E:\Data\winter\s1_6\ROIs2017_winter_s1_6_p1365.png,E:\Data\winter\s2_6\ROIs2017_winter_s2_6_p1365.png
summer,ROIs1868_summer_78_p345,E:\Data\summer\s1_78\ROIs1868_summer_s1_78_p345.png,E:\Data\summer\s2_78\ROIs1868_summer_s2_78_p345.png,False,low_texture,13.679703,32.595103,0.007378,65.919373,50.619073,E:\Data\summer\s1_78\ROIs1868_summer_s1_78_p345.png,E:\Data\summer\s2_78\ROIs1868_summer_s2_78_p345.png
winter,ROIs2017_winter_8_p721,E:\Data\winter\s1_8\ROIs2017_winter_s1_8_p721.png,E:\Data\winter\s2_8\ROIs2017_winter_s2_8_p721.png,False,water_like,16.942398,59.982072,0.860677,45.768219,38.265135,E:\Data\winter\s1_8\ROIs2017_winter_s1_8_p721.png,E:\Data\winter\s2_8\ROIs2017_winter_s2_8_p721.png
spring,ROIs1158_spring_86_p105,E:\Data\spring\s1_86\ROIs1158_spring_s1_86_p105.png,E:\Data\spring\s2_86\ROIs1158_spring_s2_86_p105.png,False,water_like,25.643951,31.380761,0.990017,46.144897,54.332006,E:\Data\spring\s1_86\ROIs1158_spring_s1_86_p105.png,E:\Data\spring\s2_86\ROIs1158_spring_s2_86_p105.png
fall,ROIs1970_fall_109_p1564,E:\Data\fall\s1_109\ROIs1970_fall_s1_109_p1564.png,E:\Data\fall\s2_109\ROIs1970_fall_s2_109_p1564.png,False,low_texture;water_like,11.337601,59.099944,0.436632,52.715607,44.42238,E:\Data\fall\s1_109\ROIs1970_fall_s1_109_p1564.png,E:\Data\fall\s2_109\ROIs1970_fall_s2_109_p1564.png
fall,fall_img_temperate_p4629,E:\Data\fall\s1_150\fall_img_temperate_p4629.png,E:\Data\fall\s2_150\fall_img_temperate_p4629.png,False,low_texture,12.025284,18.668513,0.0,7.492264,7.249487,E:\Data\fall\s1_150\fall_img_temperate_p4629.png,E:\Data\fall\s2_150\fall_img_temperate_p4629.png
summer,ROIs1868_summer_106_p684,E:\Data\summer\s1_106\ROIs1868_summer_s1_106_p684.png,E:\Data\summer\s2_106\ROIs1868_summer_s2_106_p684.png,False,low_texture,12.974823,17.378752,0.0,55.837234,39.433798,E:\Data\summer\s1_106\ROIs1868_summer_s1_106_p684.png,E:\Data\summer\s2_106\ROIs1868_summer_s2_106_p684.png
summer,ROIs1868_summer_41_p351,E:\Data\summer\s1_41\ROIs1868_summer_s1_41_p351.png,E:\Data\summer\s2_41\ROIs1868_summer_s2_41_p351.png,False,low_texture;water_like,4.957306,19.983442,0.523438,32.437943,27.494619,E:\Data\summer\s1_41\ROIs1868_summer_s1_41_p351.png,E:\Data\summer\s2_41\ROIs1868_summer_s2_41_p351.png
spring,ROIs1158_spring_59_p40,E:\Data\spring\s1_59\ROIs1158_spring_s1_59_p40.png,E:\Data\spring\s2_59\ROIs1158_spring_s2_59_p40.png,False,low_texture,15.190857,12.285298,0.0,63.663712,43.603692,E:\Data\spring\s1_59\ROIs1158_spring_s1_59_p40.png,E:\Data\spring\s2_59\ROIs1158_spring_s2_59_p40.png
summer,ROIs1868_summer_10_p988,E:\Data\summer\s1_10\ROIs1868_summer_s1_10_p988.png,E:\Data\summer\s2_10\ROIs1868_summer_s2_10_p988.png,False,low_texture,16.695343,15.727518,0.0,33.821472,35.322923,E:\Data\summer\s1_10\ROIs1868_summer_s1_10_p988.png,E:\Data\summer\s2_10\ROIs1868_summer_s2_10_p988.png
spring,ROIs1158_spring_60_p928,E:\Data\spring\s1_60\ROIs1158_spring_s1_60_p928.png,E:\Data\spring\s2_60\ROIs1158_spring_s2_60_p928.png,False,water_like,32.188934,51.381767,0.520833,64.797592,49.011397,E:\Data\spring\s1_60\ROIs1158_spring_s1_60_p928.png,E:\Data\spring\s2_60\ROIs1158_spring_s2_60_p928.png
winter,ROIs2017_winter_8_p121,E:\Data\winter\s1_8\ROIs2017_winter_s1_8_p121.png,E:\Data\winter\s2_8\ROIs2017_winter_s2_8_p121.png,False,water_like,14.772095,41.304805,0.972656,43.456772,36.524898,E:\Data\winter\s1_8\ROIs2017_winter_s1_8_p121.png,E:\Data\winter\s2_8\ROIs2017_winter_s2_8_p121.png
fall,ROIs1970_fall_42_p1309,E:\Data\fall\s1_42\ROIs1970_fall_s1_42_p1309.png,E:\Data\fall\s2_42\ROIs1970_fall_s2_42_p1309.png,False,water_like,14.316879,22.329941,1.0,26.586761,22.983868,E:\Data\fall\s1_42\ROIs1970_fall_s1_42_p1309.png,E:\Data\fall\s2_42\ROIs1970_fall_s2_42_p1309.png
winter,ROIs2017_winter_134_p929,E:\Data\winter\s1_134\ROIs2017_winter_s1_134_p929.png,E:\Data\winter\s2_134\ROIs2017_winter_s2_134_p929.png,False,low_texture,2.778763,1.15129,0.0,37.741837,28.019801,E:\Data\winter\s1_134\ROIs2017_winter_s1_134_p929.png,E:\Data\winter\s2_134\ROIs2017_winter_s2_134_p929.png
spring,ROIs1158_spring_40_p1188,E:\Data\spring\s1_40\ROIs1158_spring_s1_40_p1188.png,E:\Data\spring\s2_40\ROIs1158_spring_s2_40_p1188.png,False,low_texture,12.353683,25.619546,0.0,33.440842,34.268379,E:\Data\spring\s1_40\ROIs1158_spring_s1_40_p1188.png,E:\Data\spring\s2_40\ROIs1158_spring_s2_40_p1188.png
fall,ROIs1970_fall_109_p1230,E:\Data\fall\s1_109\ROIs1970_fall_s1_109_p1230.png,E:\Data\fall\s2_109\ROIs1970_fall_s2_109_p1230.png,False,water_like,16.961655,75.783385,0.443142,53.101547,41.112685,E:\Data\fall\s1_109\ROIs1970_fall_s1_109_p1230.png,E:\Data\fall\s2_109\ROIs1970_fall_s2_109_p1230.png
winter,ROIs2017_winter_56_p775,E:\Data\winter\s1_56\ROIs2017_winter_s1_56_p775.png,E:\Data\winter\s2_56\ROIs2017_winter_s2_56_p775.png,False,water_like,23.340179,31.230217,0.835938,34.936584,58.648082,E:\Data\winter\s1_56\ROIs2017_winter_s1_56_p775.png,E:\Data\winter\s2_56\ROIs2017_winter_s2_56_p775.png
fall,fall_img_temperate_p1870,E:\Data\fall\s1_150\fall_img_temperate_p1870.png,E:\Data\fall\s2_150\fall_img_temperate_p1870.png,False,low_texture;sar_low_texture,17.176285,11.311691,0.0,6.140854,3.251576,E:\Data\fall\s1_150\fall_img_temperate_p1870.png,E:\Data\fall\s2_150\fall_img_temperate_p1870.png
winter,winter_img_temperate_p8305,E:\Data\winter\s1_170\winter_img_temperate_p8305.png,E:\Data\winter\s2_170\winter_img_temperate_p8305.png,False,low_texture,8.60025,14.29702,0.0,19.938965,14.790279,E:\Data\winter\s1_170\winter_img_temperate_p8305.png,E:\Data\winter\s2_170\winter_img_temperate_p8305.png
summer,ROIs1868_summer_58_p467,E:\Data\summer\s1_58\ROIs1868_summer_s1_58_p467.png,E:\Data\summer\s2_58\ROIs1868_summer_s2_58_p467.png,False,water_like,28.52681,41.864877,0.802517,43.445786,31.178387,E:\Data\summer\s1_58\ROIs1868_summer_s1_58_p467.png,E:\Data\summer\s2_58\ROIs1868_summer_s2_58_p467.png
fall,ROIs1970_fall_64_p739,E:\Data\fall\s1_64\ROIs1970_fall_s1_64_p739.png,E:\Data\fall\s2_64\ROIs1970_fall_s2_64_p739.png,False,water_like,32.524734,50.225315,0.682292,54.386963,40.629621,E:\Data\fall\s1_64\ROIs1970_fall_s1_64_p739.png,E:\Data\fall\s2_64\ROIs1970_fall_s2_64_p739.png
fall,ROIs1970_fall_42_p1317,E:\Data\fall\s1_42\ROIs1970_fall_s1_42_p1317.png,E:\Data\fall\s2_42\ROIs1970_fall_s2_42_p1317.png,False,water_like,16.653427,20.444733,1.0,27.716309,26.079392,E:\Data\fall\s1_42\ROIs1970_fall_s1_42_p1317.png,E:\Data\fall\s2_42\ROIs1970_fall_s2_42_p1317.png
fall,ROIs1970_fall_65_p754,E:\Data\fall\s1_65\ROIs1970_fall_s1_65_p754.png,E:\Data\fall\s2_65\ROIs1970_fall_s2_65_p754.png,False,water_like,35.512283,38.289941,0.447483,46.617462,41.496266,E:\Data\fall\s1_65\ROIs1970_fall_s1_65_p754.png,E:\Data\fall\s2_65\ROIs1970_fall_s2_65_p754.png
fall,ROIs1970_fall_106_p711,E:\Data\fall\s1_106\ROIs1970_fall_s1_106_p711.png,E:\Data\fall\s2_106\ROIs1970_fall_s2_106_p711.png,False,low_texture,8.768234,20.747059,0.028646,33.892426,35.359179,E:\Data\fall\s1_106\ROIs1970_fall_s1_106_p711.png,E:\Data\fall\s2_106\ROIs1970_fall_s2_106_p711.png
winter,ROIs2017_winter_101_p470,E:\Data\winter\s1_101\ROIs2017_winter_s1_101_p470.png,E:\Data\winter\s2_101\ROIs2017_winter_s2_101_p470.png,False,water_like,21.743591,39.772137,0.884115,54.018723,59.079508,E:\Data\winter\s1_101\ROIs2017_winter_s1_101_p470.png,E:\Data\winter\s2_101\ROIs2017_winter_s2_101_p470.png
spring,ROIs1158_spring_60_p664,E:\Data\spring\s1_60\ROIs1158_spring_s1_60_p664.png,E:\Data\spring\s2_60\ROIs1158_spring_s2_60_p664.png,False,water_like,18.688141,29.665385,0.803385,62.144409,51.760281,E:\Data\spring\s1_60\ROIs1158_spring_s1_60_p664.png,E:\Data\spring\s2_60\ROIs1158_spring_s2_60_p664.png
winter,ROIs2017_winter_146_p657,E:\Data\winter\s1_146\ROIs2017_winter_s1_146_p657.png,E:\Data\winter\s2_146\ROIs2017_winter_s2_146_p657.png,False,water_like,26.304199,51.514653,0.542535,61.591919,50.052062,E:\Data\winter\s1_146\ROIs2017_winter_s1_146_p657.png,E:\Data\winter\s2_146\ROIs2017_winter_s2_146_p657.png
winter,winter_img_temperate_p893,E:\Data\winter\s1_171\winter_img_temperate_p893.png,E:\Data\winter\s2_171\winter_img_temperate_p893.png,False,water_like,35.131516,49.893684,0.532552,29.708374,39.266605,E:\Data\winter\s1_171\winter_img_temperate_p893.png,E:\Data\winter\s2_171\winter_img_temperate_p893.png
spring,ROIs1158_spring_24_p272,E:\Data\spring\s1_24\ROIs1158_spring_s1_24_p272.png,E:\Data\spring\s2_24\ROIs1158_spring_s2_24_p272.png,False,water_like,22.56633,26.862089,0.573785,43.857208,48.795837,E:\Data\spring\s1_24\ROIs1158_spring_s1_24_p272.png,E:\Data\spring\s2_24\ROIs1158_spring_s2_24_p272.png
summer,ROIs1868_summer_54_p1012,E:\Data\summer\s1_54\ROIs1868_summer_s1_54_p1012.png,E:\Data\summer\s2_54\ROIs1868_summer_s2_54_p1012.png,False,low_texture;water_like,11.474899,22.919265,0.950087,33.008667,32.519042,E:\Data\summer\s1_54\ROIs1868_summer_s1_54_p1012.png,E:\Data\summer\s2_54\ROIs1868_summer_s2_54_p1012.png
fall,ROIs1970_fall_72_p899,E:\Data\fall\s1_72\ROIs1970_fall_s1_72_p899.png,E:\Data\fall\s2_72\ROIs1970_fall_s2_72_p899.png,False,low_texture,21.470001,17.670354,0.023003,30.088593,25.017228,E:\Data\fall\s1_72\ROIs1970_fall_s1_72_p899.png,E:\Data\fall\s2_72\ROIs1970_fall_s2_72_p899.png
spring,ROIs1158_spring_49_p948,E:\Data\spring\s1_49\ROIs1158_spring_s1_49_p948.png,E:\Data\spring\s2_49\ROIs1158_spring_s2_49_p948.png,False,water_like,17.285568,53.078436,0.937934,45.892166,55.464321,E:\Data\spring\s1_49\ROIs1158_spring_s1_49_p948.png,E:\Data\spring\s2_49\ROIs1158_spring_s2_49_p948.png
winter,ROIs2017_winter_45_p660,E:\Data\winter\s1_45\ROIs2017_winter_s1_45_p660.png,E:\Data\winter\s2_45\ROIs2017_winter_s2_45_p660.png,False,low_texture,3.027679,1.688811,0.0,32.992996,20.935747,E:\Data\winter\s1_45\ROIs2017_winter_s1_45_p660.png,E:\Data\winter\s2_45\ROIs2017_winter_s2_45_p660.png
fall,ROIs1970_fall_10_p1030,E:\Data\fall\s1_10\ROIs1970_fall_s1_10_p1030.png,E:\Data\fall\s2_10\ROIs1970_fall_s2_10_p1030.png,False,water_like,24.19014,19.816867,0.998264,49.433243,43.416973,E:\Data\fall\s1_10\ROIs1970_fall_s1_10_p1030.png,E:\Data\fall\s2_10\ROIs1970_fall_s2_10_p1030.png
spring,ROIs1158_spring_143_p623,E:\Data\spring\s1_143\ROIs1158_spring_s1_143_p623.png,E:\Data\spring\s2_143\ROIs1158_spring_s2_143_p623.png,False,water_like,44.557434,42.451958,0.360243,64.87558,46.075609,E:\Data\spring\s1_143\ROIs1158_spring_s1_143_p623.png,E:\Data\spring\s2_143\ROIs1158_spring_s2_143_p623.png
spring,ROIs1158_spring_0_p1155,E:\Data\spring\s1_0\ROIs1158_spring_s1_0_p1155.png,E:\Data\spring\s2_0\ROIs1158_spring_s2_0_p1155.png,False,low_texture,12.912979,15.785538,0.0,38.516769,48.320376,E:\Data\spring\s1_0\ROIs1158_spring_s1_0_p1155.png,E:\Data\spring\s2_0\ROIs1158_spring_s2_0_p1155.png
fall,ROIs1970_fall_116_p2386,E:\Data\fall\s1_116\ROIs1970_fall_s1_116_p2386.png,E:\Data\fall\s2_116\ROIs1970_fall_s2_116_p2386.png,False,low_texture;water_like,5.269714,13.740035,0.934896,35.794312,27.141507,E:\Data\fall\s1_116\ROIs1970_fall_s1_116_p2386.png,E:\Data\fall\s2_116\ROIs1970_fall_s2_116_p2386.png
winter,winter_img_temperate_p6706,E:\Data\winter\s1_170\winter_img_temperate_p6706.png,E:\Data\winter\s2_170\winter_img_temperate_p6706.png,False,low_texture,11.681061,8.721114,0.0,14.644287,12.774021,E:\Data\winter\s1_170\winter_img_temperate_p6706.png,E:\Data\winter\s2_170\winter_img_temperate_p6706.png
fall,fall_img_tropical_p7573,E:\Data\fall\s1_150\fall_img_tropical_p7573.png,E:\Data\fall\s2_150\fall_img_tropical_p7573.png,False,low_texture,6.603912,4.09525,0.0,37.67955,17.926686,E:\Data\fall\s1_150\fall_img_tropical_p7573.png,E:\Data\fall\s2_150\fall_img_tropical_p7573.png
fall,ROIs1970_fall_62_p1268,E:\Data\fall\s1_62\ROIs1970_fall_s1_62_p1268.png,E:\Data\fall\s2_62\ROIs1970_fall_s2_62_p1268.png,False,water_like,25.532791,49.487912,0.866319,49.776901,71.970982,E:\Data\fall\s1_62\ROIs1970_fall_s1_62_p1268.png,E:\Data\fall\s2_62\ROIs1970_fall_s2_62_p1268.png
summer,ROIs1868_summer_135_p841,E:\Data\summer\s1_135\ROIs1868_summer_s1_135_p841.png,E:\Data\summer\s2_135\ROIs1868_summer_s2_135_p841.png,False,low_texture,37.479202,17.482312,0.014323,65.339752,42.009403,E:\Data\summer\s1_135\ROIs1868_summer_s1_135_p841.png,E:\Data\summer\s2_135\ROIs1868_summer_s2_135_p841.png
summer,summer_img_temperate_p953,E:\Data\summer\s1_160\summer_img_temperate_p953.png,E:\Data\summer\s2_160\summer_img_temperate_p953.png,False,low_texture,17.044632,14.116703,0.0,11.047379,8.355869,E:\Data\summer\s1_160\summer_img_temperate_p953.png,E:\Data\summer\s2_160\summer_img_temperate_p953.png
fall,ROIs1970_fall_47_p52,E:\Data\fall\s1_47\ROIs1970_fall_s1_47_p52.png,E:\Data\fall\s2_47\ROIs1970_fall_s2_47_p52.png,False,low_texture,2.879807,2.127752,0.0,30.481461,20.516281,E:\Data\fall\s1_47\ROIs1970_fall_s1_47_p52.png,E:\Data\fall\s2_47\ROIs1970_fall_s2_47_p52.png
summer,summer_img_temperate_p6056,E:\Data\summer\s1_160\summer_img_temperate_p6056.png,E:\Data\summer\s2_160\summer_img_temperate_p6056.png,False,low_texture,16.907837,13.923771,0.0,9.498672,8.112822,E:\Data\summer\s1_160\summer_img_temperate_p6056.png,E:\Data\summer\s2_160\summer_img_temperate_p6056.png
winter,ROIs2017_winter_56_p872,E:\Data\winter\s1_56\ROIs2017_winter_s1_56_p872.png,E:\Data\winter\s2_56\ROIs2017_winter_s2_56_p872.png,False,water_like,30.801285,35.184934,0.86849,37.347717,33.584619,E:\Data\winter\s1_56\ROIs2017_winter_s1_56_p872.png,E:\Data\winter\s2_56\ROIs2017_winter_s2_56_p872.png
summer,summer_img_temperate_p6939,E:\Data\summer\s1_160\summer_img_temperate_p6939.png,E:\Data\summer\s2_160\summer_img_temperate_p6939.png,False,low_texture,13.981308,22.051352,0.0,10.205841,8.750858,E:\Data\summer\s1_160\summer_img_temperate_p6939.png,E:\Data\summer\s2_160\summer_img_temperate_p6939.png
winter,ROIs2017_winter_53_p253,E:\Data\winter\s1_53\ROIs2017_winter_s1_53_p253.png,E:\Data\winter\s2_53\ROIs2017_winter_s2_53_p253.png,False,water_like,28.527252,48.561032,0.476997,47.560303,43.216764,E:\Data\winter\s1_53\ROIs2017_winter_s1_53_p253.png,E:\Data\winter\s2_53\ROIs2017_winter_s2_53_p253.png
fall,ROIs1970_fall_42_p719,E:\Data\fall\s1_42\ROIs1970_fall_s1_42_p719.png,E:\Data\fall\s2_42\ROIs1970_fall_s2_42_p719.png,False,low_texture;water_like,13.821976,18.879364,0.998264,26.075272,23.169356,E:\Data\fall\s1_42\ROIs1970_fall_s1_42_p719.png,E:\Data\fall\s2_42\ROIs1970_fall_s2_42_p719.png
fall,ROIs1970_fall_65_p752,E:\Data\fall\s1_65\ROIs1970_fall_s1_65_p752.png,E:\Data\fall\s2_65\ROIs1970_fall_s2_65_p752.png,False,water_like,38.7603,41.351981,0.514757,47.006195,42.61665,E:\Data\fall\s1_65\ROIs1970_fall_s1_65_p752.png,E:\Data\fall\s2_65\ROIs1970_fall_s2_65_p752.png
winter,winter_img_temperate_p9991,E:\Data\winter\s1_170\winter_img_temperate_p9991.png,E:\Data\winter\s2_170\winter_img_temperate_p9991.png,False,low_texture,21.430222,13.499117,0.0,6.350632,5.059008,E:\Data\winter\s1_170\winter_img_temperate_p9991.png,E:\Data\winter\s2_170\winter_img_temperate_p9991.png
fall,fall_img_temperate_p3456,E:\Data\fall\s1_150\fall_img_temperate_p3456.png,E:\Data\fall\s2_150\fall_img_temperate_p3456.png,False,low_texture,19.286865,16.651242,0.0,6.174026,6.862369,E:\Data\fall\s1_150\fall_img_temperate_p3456.png,E:\Data\fall\s2_150\fall_img_temperate_p3456.png
winter,winter_img_temperate_p11049,E:\Data\winter\s1_170\winter_img_temperate_p11049.png,E:\Data\winter\s2_170\winter_img_temperate_p11049.png,False,low_texture,11.184494,8.839973,0.0,17.088974,13.278218,E:\Data\winter\s1_170\winter_img_temperate_p11049.png,E:\Data\winter\s2_170\winter_img_temperate_p11049.png
fall,ROIs1970_fall_139_p1855,E:\Data\fall\s1_139\ROIs1970_fall_s1_139_p1855.png,E:\Data\fall\s2_139\ROIs1970_fall_s2_139_p1855.png,False,water_like,18.327972,35.7652,0.840712,32.146622,51.051012,E:\Data\fall\s1_139\ROIs1970_fall_s1_139_p1855.png,E:\Data\fall\s2_139\ROIs1970_fall_s2_139_p1855.png
summer,ROIs1868_summer_135_p615,E:\Data\summer\s1_135\ROIs1868_summer_s1_135_p615.png,E:\Data\summer\s2_135\ROIs1868_summer_s2_135_p615.png,False,water_like,24.308411,22.590679,0.483507,61.797623,40.457181,E:\Data\summer\s1_135\ROIs1868_summer_s1_135_p615.png,E:\Data\summer\s2_135\ROIs1868_summer_s2_135_p615.png
spring,ROIs1158_spring_54_p777,E:\Data\spring\s1_54\ROIs1158_spring_s1_54_p777.png,E:\Data\spring\s2_54\ROIs1158_spring_s2_54_p777.png,False,water_like,20.074692,30.407023,0.565538,44.523117,40.356971,E:\Data\spring\s1_54\ROIs1158_spring_s1_54_p777.png,E:\Data\spring\s2_54\ROIs1158_spring_s2_54_p777.png
fall,ROIs1970_fall_7_p721,E:\Data\fall\s1_7\ROIs1970_fall_s1_7_p721.png,E:\Data\fall\s2_7\ROIs1970_fall_s2_7_p721.png,False,water_like,30.39296,24.231271,0.998698,49.373215,52.709667,E:\Data\fall\s1_7\ROIs1970_fall_s1_7_p721.png,E:\Data\fall\s2_7\ROIs1970_fall_s2_7_p721.png
summer,ROIs1868_summer_0_p848,E:\Data\summer\s1_0\ROIs1868_summer_s1_0_p848.png,E:\Data\summer\s2_0\ROIs1868_summer_s2_0_p848.png,False,low_texture,14.515381,16.28218,0.104167,40.158051,46.288523,E:\Data\summer\s1_0\ROIs1868_summer_s1_0_p848.png,E:\Data\summer\s2_0\ROIs1868_summer_s2_0_p848.png
spring,ROIs1158_spring_24_p157,E:\Data\spring\s1_24\ROIs1158_spring_s1_24_p157.png,E:\Data\spring\s2_24\ROIs1158_spring_s2_24_p157.png,False,water_like,25.215134,29.328711,0.66059,45.183975,51.01897,E:\Data\spring\s1_24\ROIs1158_spring_s1_24_p157.png,E:\Data\spring\s2_24\ROIs1158_spring_s2_24_p157.png
fall,ROIs1970_fall_11_p751,E:\Data\fall\s1_11\ROIs1970_fall_s1_11_p751.png,E:\Data\fall\s2_11\ROIs1970_fall_s2_11_p751.png,False,water_like,44.33194,47.808595,0.4375,55.537262,52.895866,E:\Data\fall\s1_11\ROIs1970_fall_s1_11_p751.png,E:\Data\fall\s2_11\ROIs1970_fall_s2_11_p751.png
fall,fall_img_temperate_p879,E:\Data\fall\s1_150\fall_img_temperate_p879.png,E:\Data\fall\s2_150\fall_img_temperate_p879.png,False,low_texture,12.356934,6.207737,0.0,10.851303,5.770966,E:\Data\fall\s1_150\fall_img_temperate_p879.png,E:\Data\fall\s2_150\fall_img_temperate_p879.png
winter,ROIs2017_winter_9_p577,E:\Data\winter\s1_9\ROIs2017_winter_s1_9_p577.png,E:\Data\winter\s2_9\ROIs2017_winter_s2_9_p577.png,False,low_texture,11.085281,18.327592,0.0,42.973434,40.727192,E:\Data\winter\s1_9\ROIs2017_winter_s1_9_p577.png,E:\Data\winter\s2_9\ROIs2017_winter_s2_9_p577.png
fall,fall_img_temperate_p3500,E:\Data\fall\s1_150\fall_img_temperate_p3500.png,E:\Data\fall\s2_150\fall_img_temperate_p3500.png,False,low_texture;sar_low_texture,6.427963,2.826361,0.0,2.92836,1.414821,E:\Data\fall\s1_150\fall_img_temperate_p3500.png,E:\Data\fall\s2_150\fall_img_temperate_p3500.png
fall,fall_img_temperate_p991,E:\Data\fall\s1_150\fall_img_temperate_p991.png,E:\Data\fall\s2_150\fall_img_temperate_p991.png,False,low_texture,15.48642,10.558904,0.0,6.658112,4.961538,E:\Data\fall\s1_150\fall_img_temperate_p991.png,E:\Data\fall\s2_150\fall_img_temperate_p991.png
fall,ROIs1970_fall_127_p215,E:\Data\fall\s1_127\ROIs1970_fall_s1_127_p215.png,E:\Data\fall\s2_127\ROIs1970_fall_s2_127_p215.png,False,low_texture,29.165009,17.557778,0.0,36.338181,22.125932,E:\Data\fall\s1_127\ROIs1970_fall_s1_127_p215.png,E:\Data\fall\s2_127\ROIs1970_fall_s2_127_p215.png
fall,fall_img_tropical_p9390,E:\Data\fall\s1_150\fall_img_tropical_p9390.png,E:\Data\fall\s2_150\fall_img_tropical_p9390.png,False,low_texture,6.581284,7.832736,0.0,31.234909,21.824716,E:\Data\fall\s1_150\fall_img_tropical_p9390.png,E:\Data\fall\s2_150\fall_img_tropical_p9390.png
spring,ROIs1158_spring_143_p410,E:\Data\spring\s1_143\ROIs1158_spring_s1_143_p410.png,E:\Data\spring\s2_143\ROIs1158_spring_s2_143_p410.png,False,water_like,27.42038,41.70635,0.430122,64.159485,47.524723,E:\Data\spring\s1_143\ROIs1158_spring_s1_143_p410.png,E:\Data\spring\s2_143\ROIs1158_spring_s2_143_p410.png
fall,ROIs1970_fall_115_p90,E:\Data\fall\s1_115\ROIs1970_fall_s1_115_p90.png,E:\Data\fall\s2_115\ROIs1970_fall_s2_115_p90.png,False,low_texture,15.405426,17.385016,0.065538,49.135498,33.731406,E:\Data\fall\s1_115\ROIs1970_fall_s1_115_p90.png,E:\Data\fall\s2_115\ROIs1970_fall_s2_115_p90.png
fall,fall_img_tropical_p6496,E:\Data\fall\s1_150\fall_img_tropical_p6496.png,E:\Data\fall\s2_150\fall_img_tropical_p6496.png,False,low_texture,5.112762,4.426022,0.0,39.584808,18.688778,E:\Data\fall\s1_150\fall_img_tropical_p6496.png,E:\Data\fall\s2_150\fall_img_tropical_p6496.png
winter,ROIs2017_winter_97_p1290,E:\Data\winter\s1_97\ROIs2017_winter_s1_97_p1290.png,E:\Data\winter\s2_97\ROIs2017_winter_s2_97_p1290.png,False,low_texture,11.531448,24.515322,0.0,64.495514,52.052107,E:\Data\winter\s1_97\ROIs2017_winter_s1_97_p1290.png,E:\Data\winter\s2_97\ROIs2017_winter_s2_97_p1290.png
summer,summer_img_temperate_p3892,E:\Data\summer\s1_160\summer_img_temperate_p3892.png,E:\Data\summer\s2_160\summer_img_temperate_p3892.png,False,low_texture,15.765305,11.896307,0.0,9.038193,5.585599,E:\Data\summer\s1_160\summer_img_temperate_p3892.png,E:\Data\summer\s2_160\summer_img_temperate_p3892.png
winter,ROIs2017_winter_140_p606,E:\Data\winter\s1_140\ROIs2017_winter_s1_140_p606.png,E:\Data\winter\s2_140\ROIs2017_winter_s2_140_p606.png,False,water_like,39.170029,60.057334,0.553819,23.019196,21.184432,E:\Data\winter\s1_140\ROIs2017_winter_s1_140_p606.png,E:\Data\winter\s2_140\ROIs2017_winter_s2_140_p606.png
winter,ROIs2017_winter_10_p435,E:\Data\winter\s1_10\ROIs2017_winter_s1_10_p435.png,E:\Data\winter\s2_10\ROIs2017_winter_s2_10_p435.png,False,water_like,26.367157,32.168358,0.722656,46.805328,59.168264,E:\Data\winter\s1_10\ROIs2017_winter_s1_10_p435.png,E:\Data\winter\s2_10\ROIs2017_winter_s2_10_p435.png
spring,ROIs1158_spring_64_p944,E:\Data\spring\s1_64\ROIs1158_spring_s1_64_p944.png,E:\Data\spring\s2_64\ROIs1158_spring_s2_64_p944.png,False,low_texture,14.172501,16.507264,0.0,36.975464,23.083369,E:\Data\spring\s1_64\ROIs1158_spring_s1_64_p944.png,E:\Data\spring\s2_64\ROIs1158_spring_s2_64_p944.png
winter,winter_img_temperate_p1699,E:\Data\winter\s1_171\winter_img_temperate_p1699.png,E:\Data\winter\s2_171\winter_img_temperate_p1699.png,False,water_like,28.080093,43.140011,0.567708,35.928299,74.644462,E:\Data\winter\s1_171\winter_img_temperate_p1699.png,E:\Data\winter\s2_171\winter_img_temperate_p1699.png
winter,ROIs2017_winter_146_p1706,E:\Data\winter\s1_146\ROIs2017_winter_s1_146_p1706.png,E:\Data\winter\s2_146\ROIs2017_winter_s2_146_p1706.png,False,water_like,17.070251,38.949434,0.782552,60.672043,49.347419,E:\Data\winter\s1_146\ROIs2017_winter_s1_146_p1706.png,E:\Data\winter\s2_146\ROIs2017_winter_s2_146_p1706.png
summer,ROIs1868_summer_57_p476,E:\Data\summer\s1_57\ROIs1868_summer_s1_57_p476.png,E:\Data\summer\s2_57\ROIs1868_summer_s2_57_p476.png,False,water_like,23.003036,26.040343,0.571181,42.106857,41.674739,E:\Data\summer\s1_57\ROIs1868_summer_s1_57_p476.png,E:\Data\summer\s2_57\ROIs1868_summer_s2_57_p476.png
winter,winter_img_tropical_p910,E:\Data\winter\s1_172\winter_img_tropical_p910.png,E:\Data\winter\s2_172\winter_img_tropical_p910.png,False,low_texture,8.386414,9.140957,0.0,23.218231,11.427623,E:\Data\winter\s1_172\winter_img_tropical_p910.png,E:\Data\winter\s2_172\winter_img_tropical_p910.png
winter,ROIs2017_winter_97_p1358,E:\Data\winter\s1_97\ROIs2017_winter_s1_97_p1358.png,E:\Data\winter\s2_97\ROIs2017_winter_s2_97_p1358.png,False,low_texture,10.977081,21.692819,0.005208,65.97905,45.148739,E:\Data\winter\s1_97\ROIs2017_winter_s1_97_p1358.png,E:\Data\winter\s2_97\ROIs2017_winter_s2_97_p1358.png
fall,fall_img_tropical_p9668,E:\Data\fall\s1_150\fall_img_tropical_p9668.png,E:\Data\fall\s2_150\fall_img_tropical_p9668.png,False,low_texture,12.494385,19.12482,0.0,17.375351,17.913252,E:\Data\fall\s1_150\fall_img_tropical_p9668.png,E:\Data\fall\s2_150\fall_img_tropical_p9668.png
winter,winter_img_temperate_p9311,E:\Data\winter\s1_170\winter_img_temperate_p9311.png,E:\Data\winter\s2_170\winter_img_temperate_p9311.png,False,low_texture,10.162231,8.081537,0.0,13.260773,10.222536,E:\Data\winter\s1_170\winter_img_temperate_p9311.png,E:\Data\winter\s2_170\winter_img_temperate_p9311.png
spring,ROIs1158_spring_6_p966,E:\Data\spring\s1_6\ROIs1158_spring_s1_6_p966.png,E:\Data\spring\s2_6\ROIs1158_spring_s2_6_p966.png,False,low_texture,13.922058,25.543493,0.0,36.783875,29.343403,E:\Data\spring\s1_6\ROIs1158_spring_s1_6_p966.png,E:\Data\spring\s2_6\ROIs1158_spring_s2_6_p966.png
spring,ROIs1158_spring_143_p1350,E:\Data\spring\s1_143\ROIs1158_spring_s1_143_p1350.png,E:\Data\spring\s2_143\ROIs1158_spring_s2_143_p1350.png,False,water_like,42.62561,31.221316,0.481337,64.903885,42.170809,E:\Data\spring\s1_143\ROIs1158_spring_s1_143_p1350.png,E:\Data\spring\s2_143\ROIs1158_spring_s2_143_p1350.png
fall,ROIs1970_fall_7_p186,E:\Data\fall\s1_7\ROIs1970_fall_s1_7_p186.png,E:\Data\fall\s2_7\ROIs1970_fall_s2_7_p186.png,False,water_like,26.031815,20.600827,0.974392,46.452805,47.326176,E:\Data\fall\s1_7\ROIs1970_fall_s1_7_p186.png,E:\Data\fall\s2_7\ROIs1970_fall_s2_7_p186.png
summer,summer_img_temperate_p3100,E:\Data\summer\s1_160\summer_img_temperate_p3100.png,E:\Data\summer\s2_160\summer_img_temperate_p3100.png,False,low_texture,14.727066,8.128993,0.0,8.695572,4.136475,E:\Data\summer\s1_160\summer_img_temperate_p3100.png,E:\Data\summer\s2_160\summer_img_temperate_p3100.png
fall,ROIs1970_fall_120_p485,E:\Data\fall\s1_120\ROIs1970_fall_s1_120_p485.png,E:\Data\fall\s2_120\ROIs1970_fall_s2_120_p485.png,False,water_like,22.680237,53.819561,0.41059,50.160492,33.626348,E:\Data\fall\s1_120\ROIs1970_fall_s1_120_p485.png,E:\Data\fall\s2_120\ROIs1970_fall_s2_120_p485.png
fall,fall_img_temperate_p4373,E:\Data\fall\s1_150\fall_img_temperate_p4373.png,E:\Data\fall\s2_150\fall_img_temperate_p4373.png,False,low_texture,14.619156,9.897609,0.0,9.329285,6.597866,E:\Data\fall\s1_150\fall_img_temperate_p4373.png,E:\Data\fall\s2_150\fall_img_temperate_p4373.png
fall,fall_img_tropical_p12454,E:\Data\fall\s1_150\fall_img_tropical_p12454.png,E:\Data\fall\s2_150\fall_img_tropical_p12454.png,False,low_texture,6.573212,5.669646,0.0,22.625641,17.630698,E:\Data\fall\s1_150\fall_img_tropical_p12454.png,E:\Data\fall\s2_150\fall_img_tropical_p12454.png
summer,ROIs1868_summer_115_p361,E:\Data\summer\s1_115\ROIs1868_summer_s1_115_p361.png,E:\Data\summer\s2_115\ROIs1868_summer_s2_115_p361.png,False,low_texture,13.397064,29.762263,0.0,43.857925,35.737331,E:\Data\summer\s1_115\ROIs1868_summer_s1_115_p361.png,E:\Data\summer\s2_115\ROIs1868_summer_s2_115_p361.png
winter,ROIs2017_winter_97_p326,E:\Data\winter\s1_97\ROIs2017_winter_s1_97_p326.png,E:\Data\winter\s2_97\ROIs2017_winter_s2_97_p326.png,False,low_texture,11.593201,14.14031,0.0,63.667999,41.872325,E:\Data\winter\s1_97\ROIs2017_winter_s1_97_p326.png,E:\Data\winter\s2_97\ROIs2017_winter_s2_97_p326.png
winter,winter_img_temperate_p1756,E:\Data\winter\s1_170\winter_img_temperate_p1756.png,E:\Data\winter\s2_170\winter_img_temperate_p1756.png,False,low_texture;sar_low_texture,11.241806,7.998436,0.0,3.014465,1.73074,E:\Data\winter\s1_170\winter_img_temperate_p1756.png,E:\Data\winter\s2_170\winter_img_temperate_p1756.png
winter,winter_img_temperate_p10715,E:\Data\winter\s1_170\winter_img_temperate_p10715.png,E:\Data\winter\s2_170\winter_img_temperate_p10715.png,False,low_texture,17.096039,15.958813,0.0,13.205109,11.441451,E:\Data\winter\s1_170\winter_img_temperate_p10715.png,E:\Data\winter\s2_170\winter_img_temperate_p10715.png
spring,ROIs1158_spring_100_p380,E:\Data\spring\s1_100\ROIs1158_spring_s1_100_p380.png,E:\Data\spring\s2_100\ROIs1158_spring_s2_100_p380.png,False,low_texture;water_like,11.712051,32.84181,0.684462,41.500458,35.458505,E:\Data\spring\s1_100\ROIs1158_spring_s1_100_p380.png,E:\Data\spring\s2_100\ROIs1158_spring_s2_100_p380.png
winter,ROIs2017_winter_140_p982,E:\Data\winter\s1_140\ROIs2017_winter_s1_140_p982.png,E:\Data\winter\s2_140\ROIs2017_winter_s2_140_p982.png,False,water_like,46.52565,54.184457,0.826823,22.708557,20.93653,E:\Data\winter\s1_140\ROIs2017_winter_s1_140_p982.png,E:\Data\winter\s2_140\ROIs2017_winter_s2_140_p982.png
summer,ROIs1868_summer_90_p317,E:\Data\summer\s1_90\ROIs1868_summer_s1_90_p317.png,E:\Data\summer\s2_90\ROIs1868_summer_s2_90_p317.png,False,low_texture,1.880463,0.80972,0.0,50.371231,42.624693,E:\Data\summer\s1_90\ROIs1868_summer_s1_90_p317.png,E:\Data\summer\s2_90\ROIs1868_summer_s2_90_p317.png
fall,ROIs1970_fall_42_p1519,E:\Data\fall\s1_42\ROIs1970_fall_s1_42_p1519.png,E:\Data\fall\s2_42\ROIs1970_fall_s2_42_p1519.png,False,water_like,15.236481,25.700136,0.958333,27.338104,26.591121,E:\Data\fall\s1_42\ROIs1970_fall_s1_42_p1519.png,E:\Data\fall\s2_42\ROIs1970_fall_s2_42_p1519.png
winter,ROIs2017_winter_146_p331,E:\Data\winter\s1_146\ROIs2017_winter_s1_146_p331.png,E:\Data\winter\s2_146\ROIs2017_winter_s2_146_p331.png,False,water_like,14.528687,33.620969,0.615451,60.244019,48.291885,E:\Data\winter\s1_146\ROIs2017_winter_s1_146_p331.png,E:\Data\winter\s2_146\ROIs2017_winter_s2_146_p331.png
fall,ROIs1970_fall_67_p701,E:\Data\fall\s1_67\ROIs1970_fall_s1_67_p701.png,E:\Data\fall\s2_67\ROIs1970_fall_s2_67_p701.png,False,low_texture,13.147522,22.952229,0.0,51.524597,37.158492,E:\Data\fall\s1_67\ROIs1970_fall_s1_67_p701.png,E:\Data\fall\s2_67\ROIs1970_fall_s2_67_p701.png
spring,ROIs1158_spring_136_p81,E:\Data\spring\s1_136\ROIs1158_spring_s1_136_p81.png,E:\Data\spring\s2_136\ROIs1158_spring_s2_136_p81.png,False,low_texture,15.514145,8.69855,0.0,67.441193,43.843471,E:\Data\spring\s1_136\ROIs1158_spring_s1_136_p81.png,E:\Data\spring\s2_136\ROIs1158_spring_s2_136_p81.png
summer,ROIs1868_summer_75_p364,E:\Data\summer\s1_75\ROIs1868_summer_s1_75_p364.png,E:\Data\summer\s2_75\ROIs1868_summer_s2_75_p364.png,False,low_texture;water_like,18.216721,8.053428,1.0,29.54454,18.232419,E:\Data\summer\s1_75\ROIs1868_summer_s1_75_p364.png,E:\Data\summer\s2_75\ROIs1868_summer_s2_75_p364.png
fall,fall_img_tropical_p11603,E:\Data\fall\s1_150\fall_img_tropical_p11603.png,E:\Data\fall\s2_150\fall_img_tropical_p11603.png,False,low_texture,4.641159,4.89759,0.0,15.959457,14.884773,E:\Data\fall\s1_150\fall_img_tropical_p11603.png,E:\Data\fall\s2_150\fall_img_tropical_p11603.png
fall,fall_img_temperate_p4865,E:\Data\fall\s1_150\fall_img_temperate_p4865.png,E:\Data\fall\s2_150\fall_img_temperate_p4865.png,False,low_texture,20.864777,17.844847,0.0,7.328171,7.058012,E:\Data\fall\s1_150\fall_img_temperate_p4865.png,E:\Data\fall\s2_150\fall_img_temperate_p4865.png
fall,fall_img_temperate_p3996,E:\Data\fall\s1_150\fall_img_temperate_p3996.png,E:\Data\fall\s2_150\fall_img_temperate_p3996.png,False,low_texture,11.035995,6.50719,0.0,13.791,6.894806,E:\Data\fall\s1_150\fall_img_temperate_p3996.png,E:\Data\fall\s2_150\fall_img_temperate_p3996.png
fall,ROIs1970_fall_53_p353,E:\Data\fall\s1_53\ROIs1970_fall_s1_53_p353.png,E:\Data\fall\s2_53\ROIs1970_fall_s2_53_p353.png,False,water_like,56.563629,57.018366,0.665799,45.912018,46.811076,E:\Data\fall\s1_53\ROIs1970_fall_s1_53_p353.png,E:\Data\fall\s2_53\ROIs1970_fall_s2_53_p353.png
spring,ROIs1158_spring_42_p671,E:\Data\spring\s1_42\ROIs1158_spring_s1_42_p671.png,E:\Data\spring\s2_42\ROIs1158_spring_s2_42_p671.png,False,low_texture,13.203201,10.129937,0.0,49.634445,39.444937,E:\Data\spring\s1_42\ROIs1158_spring_s1_42_p671.png,E:\Data\spring\s2_42\ROIs1158_spring_s2_42_p671.png
spring,spring_img_temperate_p777,E:\Data\spring\s1_155\spring_img_temperate_p777.png,E:\Data\spring\s2_155\spring_img_temperate_p777.png,False,low_texture,5.387527,19.753623,0.0,5.441467,9.614805,E:\Data\spring\s1_155\spring_img_temperate_p777.png,E:\Data\spring\s2_155\spring_img_temperate_p777.png
fall,ROIs1970_fall_64_p634,E:\Data\fall\s1_64\ROIs1970_fall_s1_64_p634.png,E:\Data\fall\s2_64\ROIs1970_fall_s2_64_p634.png,False,water_like,24.314377,27.646934,0.792969,56.88356,42.388157,E:\Data\fall\s1_64\ROIs1970_fall_s1_64_p634.png,E:\Data\fall\s2_64\ROIs1970_fall_s2_64_p634.png
fall,fall_img_tropical_p9318,E:\Data\fall\s1_150\fall_img_tropical_p9318.png,E:\Data\fall\s2_150\fall_img_tropical_p9318.png,False,low_texture,7.312973,7.797853,0.0,34.513474,23.69352,E:\Data\fall\s1_150\fall_img_tropical_p9318.png,E:\Data\fall\s2_150\fall_img_tropical_p9318.png
winter,ROIs2017_winter_2_p849,E:\Data\winter\s1_2\ROIs2017_winter_s1_2_p849.png,E:\Data\winter\s2_2\ROIs2017_winter_s2_2_p849.png,False,low_texture,11.123825,15.27802,0.0,68.110672,43.082271,E:\Data\winter\s1_2\ROIs2017_winter_s1_2_p849.png,E:\Data\winter\s2_2\ROIs2017_winter_s2_2_p849.png
summer,ROIs1868_summer_10_p267,E:\Data\summer\s1_10\ROIs1868_summer_s1_10_p267.png,E:\Data\summer\s2_10\ROIs1868_summer_s2_10_p267.png,False,water_like,33.711319,43.74255,0.524306,33.796738,49.049755,E:\Data\summer\s1_10\ROIs1868_summer_s1_10_p267.png,E:\Data\summer\s2_10\ROIs1868_summer_s2_10_p267.png
winter,ROIs2017_winter_2_p353,E:\Data\winter\s1_2\ROIs2017_winter_s1_2_p353.png,E:\Data\winter\s2_2\ROIs2017_winter_s2_2_p353.png,False,low_texture,12.342941,18.307522,0.0,67.77063,43.567094,E:\Data\winter\s1_2\ROIs2017_winter_s1_2_p353.png,E:\Data\winter\s2_2\ROIs2017_winter_s2_2_p353.png
winter,winter_img_temperate_p8022,E:\Data\winter\s1_170\winter_img_temperate_p8022.png,E:\Data\winter\s2_170\winter_img_temperate_p8022.png,False,low_texture,17.264664,15.332248,0.0,13.662079,12.090473,E:\Data\winter\s1_170\winter_img_temperate_p8022.png,E:\Data\winter\s2_170\winter_img_temperate_p8022.png
fall,ROIs1970_fall_120_p1801,E:\Data\fall\s1_120\ROIs1970_fall_s1_120_p1801.png,E:\Data\fall\s2_120\ROIs1970_fall_s2_120_p1801.png,False,water_like,31.154526,63.197038,0.469618,49.779007,32.969164,E:\Data\fall\s1_120\ROIs1970_fall_s1_120_p1801.png,E:\Data\fall\s2_120\ROIs1970_fall_s2_120_p1801.png
fall,ROIs1970_fall_10_p671,E:\Data\fall\s1_10\ROIs1970_fall_s1_10_p671.png,E:\Data\fall\s2_10\ROIs1970_fall_s2_10_p671.png,False,water_like,27.578018,25.980377,0.980469,50.476074,49.477409,E:\Data\fall\s1_10\ROIs1970_fall_s1_10_p671.png,E:\Data\fall\s2_10\ROIs1970_fall_s2_10_p671.png
winter,ROIs2017_winter_67_p868,E:\Data\winter\s1_67\ROIs2017_winter_s1_67_p868.png,E:\Data\winter\s2_67\ROIs2017_winter_s2_67_p868.png,False,water_like,40.677139,34.837546,0.988715,61.702164,41.43852,E:\Data\winter\s1_67\ROIs2017_winter_s1_67_p868.png,E:\Data\winter\s2_67\ROIs2017_winter_s2_67_p868.png
fall,fall_img_tropical_p5354,E:\Data\fall\s1_150\fall_img_tropical_p5354.png,E:\Data\fall\s2_150\fall_img_tropical_p5354.png,False,low_texture,6.813736,3.644105,0.0,36.100327,18.354315,E:\Data\fall\s1_150\fall_img_tropical_p5354.png,E:\Data\fall\s2_150\fall_img_tropical_p5354.png
summer,ROIs1868_summer_88_p1723,E:\Data\summer\s1_88\ROIs1868_summer_s1_88_p1723.png,E:\Data\summer\s2_88\ROIs1868_summer_s2_88_p1723.png,False,low_texture,7.819244,12.059267,0.0,41.924744,38.839321,E:\Data\summer\s1_88\ROIs1868_summer_s1_88_p1723.png,E:\Data\summer\s2_88\ROIs1868_summer_s2_88_p1723.png
fall,fall_img_tropical_p9399,E:\Data\fall\s1_150\fall_img_tropical_p9399.png,E:\Data\fall\s2_150\fall_img_tropical_p9399.png,False,low_texture,7.355713,8.020912,0.0,33.542328,20.072325,E:\Data\fall\s1_150\fall_img_tropical_p9399.png,E:\Data\fall\s2_150\fall_img_tropical_p9399.png
winter,ROIs2017_winter_37_p1320,E:\Data\winter\s1_37\ROIs2017_winter_s1_37_p1320.png,E:\Data\winter\s2_37\ROIs2017_winter_s2_37_p1320.png,False,water_like,29.891129,52.322769,0.784722,48.427048,41.784974,E:\Data\winter\s1_37\ROIs2017_winter_s1_37_p1320.png,E:\Data\winter\s2_37\ROIs2017_winter_s2_37_p1320.png
winter,ROIs2017_winter_9_p510,E:\Data\winter\s1_9\ROIs2017_winter_s1_9_p510.png,E:\Data\winter\s2_9\ROIs2017_winter_s2_9_p510.png,False,low_texture,11.601654,16.652028,0.003038,45.659317,49.496151,E:\Data\winter\s1_9\ROIs2017_winter_s1_9_p510.png,E:\Data\winter\s2_9\ROIs2017_winter_s2_9_p510.png
winter,winter_img_temperate_p1673,E:\Data\winter\s1_170\winter_img_temperate_p1673.png,E:\Data\winter\s2_170\winter_img_temperate_p1673.png,False,low_texture;sar_low_texture,13.965454,9.834729,0.0,4.228531,2.403713,E:\Data\winter\s1_170\winter_img_temperate_p1673.png,E:\Data\winter\s2_170\winter_img_temperate_p1673.png
spring,ROIs1158_spring_59_p293,E:\Data\spring\s1_59\ROIs1158_spring_s1_59_p293.png,E:\Data\spring\s2_59\ROIs1158_spring_s2_59_p293.png,False,water_like,18.417999,19.266225,0.880642,63.558701,51.864131,E:\Data\spring\s1_59\ROIs1158_spring_s1_59_p293.png,E:\Data\spring\s2_59\ROIs1158_spring_s2_59_p293.png
winter,winter_img_temperate_p7976,E:\Data\winter\s1_170\winter_img_temperate_p7976.png,E:\Data\winter\s2_170\winter_img_temperate_p7976.png,False,low_texture,14.376801,12.304471,0.0,13.26088,10.712366,E:\Data\winter\s1_170\winter_img_temperate_p7976.png,E:\Data\winter\s2_170\winter_img_temperate_p7976.png
winter,ROIs2017_winter_146_p1491,E:\Data\winter\s1_146\ROIs2017_winter_s1_146_p1491.png,E:\Data\winter\s2_146\ROIs2017_winter_s2_146_p1491.png,False,low_texture,10.872772,23.417786,0.295573,61.03714,44.060819,E:\Data\winter\s1_146\ROIs2017_winter_s1_146_p1491.png,E:\Data\winter\s2_146\ROIs2017_winter_s2_146_p1491.png
spring,ROIs1158_spring_100_p604,E:\Data\spring\s1_100\ROIs1158_spring_s1_100_p604.png,E:\Data\spring\s2_100\ROIs1158_spring_s2_100_p604.png,False,low_texture;water_like,16.952271,16.938171,0.997396,43.01712,49.969243,E:\Data\spring\s1_100\ROIs1158_spring_s1_100_p604.png,E:\Data\spring\s2_100\ROIs1158_spring_s2_100_p604.png
winter,ROIs2017_winter_101_p1295,E:\Data\winter\s1_101\ROIs2017_winter_s1_101_p1295.png,E:\Data\winter\s2_101\ROIs2017_winter_s2_101_p1295.png,False,water_like,17.105011,55.181832,0.713542,53.194092,45.689347,E:\Data\winter\s1_101\ROIs2017_winter_s1_101_p1295.png,E:\Data\winter\s2_101\ROIs2017_winter_s2_101_p1295.png
winter,ROIs2017_winter_101_p774,E:\Data\winter\s1_101\ROIs2017_winter_s1_101_p774.png,E:\Data\winter\s2_101\ROIs2017_winter_s2_101_p774.png,False,water_like,15.477676,53.966962,0.56684,55.157089,39.921495,E:\Data\winter\s1_101\ROIs2017_winter_s1_101_p774.png,E:\Data\winter\s2_101\ROIs2017_winter_s2_101_p774.png
winter,winter_img_temperate_p2897,E:\Data\winter\s1_170\winter_img_temperate_p2897.png,E:\Data\winter\s2_170\winter_img_temperate_p2897.png,False,low_texture;sar_low_texture,13.351959,6.702549,0.0,3.268295,1.642371,E:\Data\winter\s1_170\winter_img_temperate_p2897.png,E:\Data\winter\s2_170\winter_img_temperate_p2897.png
summer,summer_img_temperate_p6629,E:\Data\summer\s1_160\summer_img_temperate_p6629.png,E:\Data\summer\s2_160\summer_img_temperate_p6629.png,False,low_texture,20.529205,15.448479,0.0,6.730316,7.168452,E:\Data\summer\s1_160\summer_img_temperate_p6629.png,E:\Data\summer\s2_160\summer_img_temperate_p6629.png
summer,ROIs1868_summer_58_p452,E:\Data\summer\s1_58\ROIs1868_summer_s1_58_p452.png,E:\Data\summer\s2_58\ROIs1868_summer_s2_58_p452.png,False,water_like,29.772797,57.490969,0.640191,44.971497,48.593382,E:\Data\summer\s1_58\ROIs1868_summer_s1_58_p452.png,E:\Data\summer\s2_58\ROIs1868_summer_s2_58_p452.png
summer,ROIs1868_summer_75_p74,E:\Data\summer\s1_75\ROIs1868_summer_s1_75_p74.png,E:\Data\summer\s2_75\ROIs1868_summer_s2_75_p74.png,False,low_texture;water_like,37.980972,14.373378,1.0,32.37471,20.492436,E:\Data\summer\s1_75\ROIs1868_summer_s1_75_p74.png,E:\Data\summer\s2_75\ROIs1868_summer_s2_75_p74.png
fall,fall_img_temperate_p2181,E:\Data\fall\s1_150\fall_img_temperate_p2181.png,E:\Data\fall\s2_150\fall_img_temperate_p2181.png,False,low_texture,8.897232,5.225521,0.0,10.735138,5.364759,E:\Data\fall\s1_150\fall_img_temperate_p2181.png,E:\Data\fall\s2_150\fall_img_temperate_p2181.png
summer,ROIs1868_summer_4_p663,E:\Data\summer\s1_4\ROIs1868_summer_s1_4_p663.png,E:\Data\summer\s2_4\ROIs1868_summer_s2_4_p663.png,False,low_texture,12.421936,4.97689,0.0,38.369217,24.937246,E:\Data\summer\s1_4\ROIs1868_summer_s1_4_p663.png,E:\Data\summer\s2_4\ROIs1868_summer_s2_4_p663.png
fall,ROIs1970_fall_109_p118,E:\Data\fall\s1_109\ROIs1970_fall_s1_109_p118.png,E:\Data\fall\s2_109\ROIs1970_fall_s2_109_p118.png,False,water_like,21.315002,69.353736,0.450087,52.859238,38.921533,E:\Data\fall\s1_109\ROIs1970_fall_s1_109_p118.png,E:\Data\fall\s2_109\ROIs1970_fall_s2_109_p118.png
winter,winter_img_temperate_p10985,E:\Data\winter\s1_170\winter_img_temperate_p10985.png,E:\Data\winter\s2_170\winter_img_temperate_p10985.png,False,low_texture,11.010071,11.696064,0.0,15.956619,13.519664,E:\Data\winter\s1_170\winter_img_temperate_p10985.png,E:\Data\winter\s2_170\winter_img_temperate_p10985.png
fall,ROIs1970_fall_116_p1237,E:\Data\fall\s1_116\ROIs1970_fall_s1_116_p1237.png,E:\Data\fall\s2_116\ROIs1970_fall_s2_116_p1237.png,False,water_like,16.94873,45.983582,0.412326,34.041748,45.28403,E:\Data\fall\s1_116\ROIs1970_fall_s1_116_p1237.png,E:\Data\fall\s2_116\ROIs1970_fall_s2_116_p1237.png
fall,ROIs1970_fall_10_p1349,E:\Data\fall\s1_10\ROIs1970_fall_s1_10_p1349.png,E:\Data\fall\s2_10\ROIs1970_fall_s2_10_p1349.png,False,water_like,16.34816,19.609583,0.963976,46.554916,40.753859,E:\Data\fall\s1_10\ROIs1970_fall_s1_10_p1349.png,E:\Data\fall\s2_10\ROIs1970_fall_s2_10_p1349.png
fall,ROIs1970_fall_115_p594,E:\Data\fall\s1_115\ROIs1970_fall_s1_115_p594.png,E:\Data\fall\s2_115\ROIs1970_fall_s2_115_p594.png,False,water_like,31.38295,33.02013,0.440972,53.807144,50.354168,E:\Data\fall\s1_115\ROIs1970_fall_s1_115_p594.png,E:\Data\fall\s2_115\ROIs1970_fall_s2_115_p594.png
summer,ROIs1868_summer_25_p313,E:\Data\summer\s1_25\ROIs1868_summer_s1_25_p313.png,E:\Data\summer\s2_25\ROIs1868_summer_s2_25_p313.png,False,low_texture,9.874344,24.186779,0.011719,45.547897,51.681344,E:\Data\summer\s1_25\ROIs1868_summer_s1_25_p313.png,E:\Data\summer\s2_25\ROIs1868_summer_s2_25_p313.png
summer,ROIs1868_summer_102_p1385,E:\Data\summer\s1_102\ROIs1868_summer_s1_102_p1385.png,E:\Data\summer\s2_102\ROIs1868_summer_s2_102_p1385.png,False,low_texture,12.449646,25.350675,0.008681,49.938095,36.482474,E:\Data\summer\s1_102\ROIs1868_summer_s1_102_p1385.png,E:\Data\summer\s2_102\ROIs1868_summer_s2_102_p1385.png
winter,ROIs2017_winter_67_p70,E:\Data\winter\s1_67\ROIs2017_winter_s1_67_p70.png,E:\Data\winter\s2_67\ROIs2017_winter_s2_67_p70.png,False,low_texture,9.402603,11.398062,0.0,60.129288,35.708975,E:\Data\winter\s1_67\ROIs2017_winter_s1_67_p70.png,E:\Data\winter\s2_67\ROIs2017_winter_s2_67_p70.png
summer,summer_img_temperate_p1734,E:\Data\summer\s1_160\summer_img_temperate_p1734.png,E:\Data\summer\s2_160\summer_img_temperate_p1734.png,False,low_texture,16.26239,10.089751,0.0,11.878799,9.27985,E:\Data\summer\s1_160\summer_img_temperate_p1734.png,E:\Data\summer\s2_160\summer_img_temperate_p1734.png
spring,ROIs1158_spring_59_p548,E:\Data\spring\s1_59\ROIs1158_spring_s1_59_p548.png,E:\Data\spring\s2_59\ROIs1158_spring_s2_59_p548.png,False,water_like,30.506775,32.696368,0.938368,62.688171,47.695299,E:\Data\spring\s1_59\ROIs1158_spring_s1_59_p548.png,E:\Data\spring\s2_59\ROIs1158_spring_s2_59_p548.png
winter,ROIs2017_winter_63_p295,E:\Data\winter\s1_63\ROIs2017_winter_s1_63_p295.png,E:\Data\winter\s2_63\ROIs2017_winter_s2_63_p295.png,False,water_like,26.454926,27.196274,0.522569,54.915955,39.338653,E:\Data\winter\s1_63\ROIs2017_winter_s1_63_p295.png,E:\Data\winter\s2_63\ROIs2017_winter_s2_63_p295.png
winter,ROIs2017_winter_67_p800,E:\Data\winter\s1_67\ROIs2017_winter_s1_67_p800.png,E:\Data\winter\s2_67\ROIs2017_winter_s2_67_p800.png,False,water_like,20.610184,32.092076,0.768229,59.156754,38.595268,E:\Data\winter\s1_67\ROIs2017_winter_s1_67_p800.png,E:\Data\winter\s2_67\ROIs2017_winter_s2_67_p800.png
fall,ROIs1970_fall_127_p301,E:\Data\fall\s1_127\ROIs1970_fall_s1_127_p301.png,E:\Data\fall\s2_127\ROIs1970_fall_s2_127_p301.png,False,low_texture,12.787613,13.355181,0.0,31.944519,19.258069,E:\Data\fall\s1_127\ROIs1970_fall_s1_127_p301.png,E:\Data\fall\s2_127\ROIs1970_fall_s2_127_p301.png
winter,winter_img_temperate_p1774,E:\Data\winter\s1_170\winter_img_temperate_p1774.png,E:\Data\winter\s2_170\winter_img_temperate_p1774.png,False,low_texture;sar_low_texture,14.663101,16.912741,0.0,3.61586,2.725746,E:\Data\winter\s1_170\winter_img_temperate_p1774.png,E:\Data\winter\s2_170\winter_img_temperate_p1774.png
summer,ROIs1868_summer_0_p537,E:\Data\summer\s1_0\ROIs1868_summer_s1_0_p537.png,E:\Data\summer\s2_0\ROIs1868_summer_s2_0_p537.png,False,water_like,37.230362,53.816172,0.601562,36.901108,26.90698,E:\Data\summer\s1_0\ROIs1868_summer_s1_0_p537.png,E:\Data\summer\s2_0\ROIs1868_summer_s2_0_p537.png
spring,ROIs1158_spring_112_p67,E:\Data\spring\s1_112\ROIs1158_spring_s1_112_p67.png,E:\Data\spring\s2_112\ROIs1158_spring_s2_112_p67.png,False,low_texture,11.296616,15.727766,0.000434,50.290298,36.596175,E:\Data\spring\s1_112\ROIs1158_spring_s1_112_p67.png,E:\Data\spring\s2_112\ROIs1158_spring_s2_112_p67.png
winter,ROIs2017_winter_102_p755,E:\Data\winter\s1_102\ROIs2017_winter_s1_102_p755.png,E:\Data\winter\s2_102\ROIs2017_winter_s2_102_p755.png,False,low_texture,10.149948,27.494619,0.045139,41.659927,35.794381,E:\Data\winter\s1_102\ROIs2017_winter_s1_102_p755.png,E:\Data\winter\s2_102\ROIs2017_winter_s2_102_p755.png
summer,ROIs1868_summer_56_p132,E:\Data\summer\s1_56\ROIs1868_summer_s1_56_p132.png,E:\Data\summer\s2_56\ROIs1868_summer_s2_56_p132.png,False,low_texture,12.224625,20.305996,0.0,51.610703,33.866503,E:\Data\summer\s1_56\ROIs1868_summer_s1_56_p132.png,E:\Data\summer\s2_56\ROIs1868_summer_s2_56_p132.png
fall,ROIs1970_fall_133_p689,E:\Data\fall\s1_133\ROIs1970_fall_s1_133_p689.png,E:\Data\fall\s2_133\ROIs1970_fall_s2_133_p689.png,False,low_texture,12.573364,16.855992,0.0,47.84169,34.647364,E:\Data\fall\s1_133\ROIs1970_fall_s1_133_p689.png,E:\Data\fall\s2_133\ROIs1970_fall_s2_133_p689.png
summer,ROIs1868_summer_57_p302,E:\Data\summer\s1_57\ROIs1868_summer_s1_57_p302.png,E:\Data\summer\s2_57\ROIs1868_summer_s2_57_p302.png,False,water_like,21.110809,32.249973,0.540365,41.244217,36.684379,E:\Data\summer\s1_57\ROIs1868_summer_s1_57_p302.png,E:\Data\summer\s2_57\ROIs1868_summer_s2_57_p302.png
winter,ROIs2017_winter_134_p408,E:\Data\winter\s1_134\ROIs2017_winter_s1_134_p408.png,E:\Data\winter\s2_134\ROIs2017_winter_s2_134_p408.png,False,low_texture,16.083481,17.16359,0.0,42.60231,53.988875,E:\Data\winter\s1_134\ROIs2017_winter_s1_134_p408.png,E:\Data\winter\s2_134\ROIs2017_winter_s2_134_p408.png
summer,summer_img_temperate_p6414,E:\Data\summer\s1_160\summer_img_temperate_p6414.png,E:\Data\summer\s2_160\summer_img_temperate_p6414.png,False,low_texture,12.700699,8.178723,0.0,11.046631,5.576831,E:\Data\summer\s1_160\summer_img_temperate_p6414.png,E:\Data\summer\s2_160\summer_img_temperate_p6414.png
fall,fall_img_tropical_p11684,E:\Data\fall\s1_150\fall_img_tropical_p11684.png,E:\Data\fall\s2_150\fall_img_tropical_p11684.png,False,low_texture,7.146881,5.566475,0.0,15.953156,16.149679,E:\Data\fall\s1_150\fall_img_tropical_p11684.png,E:\Data\fall\s2_150\fall_img_tropical_p11684.png
spring,ROIs1158_spring_136_p540,E:\Data\spring\s1_136\ROIs1158_spring_s1_136_p540.png,E:\Data\spring\s2_136\ROIs1158_spring_s2_136_p540.png,False,low_texture,14.8797,8.296206,0.0,68.148346,44.443046,E:\Data\spring\s1_136\ROIs1158_spring_s1_136_p540.png,E:\Data\spring\s2_136\ROIs1158_spring_s2_136_p540.png
winter,ROIs2017_winter_56_p1101,E:\Data\winter\s1_56\ROIs2017_winter_s1_56_p1101.png,E:\Data\winter\s2_56\ROIs2017_winter_s2_56_p1101.png,False,water_like,29.386963,32.116114,0.897135,36.45726,32.440275,E:\Data\winter\s1_56\ROIs2017_winter_s1_56_p1101.png,E:\Data\winter\s2_56\ROIs2017_winter_s2_56_p1101.png
summer,ROIs1868_summer_90_p532,E:\Data\summer\s1_90\ROIs1868_summer_s1_90_p532.png,E:\Data\summer\s2_90\ROIs1868_summer_s2_90_p532.png,False,low_texture,10.399323,16.246711,0.0,50.326248,39.52161,E:\Data\summer\s1_90\ROIs1868_summer_s1_90_p532.png,E:\Data\summer\s2_90\ROIs1868_summer_s2_90_p532.png
summer,ROIs1868_summer_102_p727,E:\Data\summer\s1_102\ROIs1868_summer_s1_102_p727.png,E:\Data\summer\s2_102\ROIs1868_summer_s2_102_p727.png,False,low_texture,11.841721,23.416181,0.0,47.910492,34.018499,E:\Data\summer\s1_102\ROIs1868_summer_s1_102_p727.png,E:\Data\summer\s2_102\ROIs1868_summer_s2_102_p727.png
fall,ROIs1970_fall_138_p957,E:\Data\fall\s1_138\ROIs1970_fall_s1_138_p957.png,E:\Data\fall\s2_138\ROIs1970_fall_s2_138_p957.png,False,low_texture,10.627304,8.313566,0.000868,54.16452,39.74001,E:\Data\fall\s1_138\ROIs1970_fall_s1_138_p957.png,E:\Data\fall\s2_138\ROIs1970_fall_s2_138_p957.png
fall,ROIs1970_fall_138_p679,E:\Data\fall\s1_138\ROIs1970_fall_s1_138_p679.png,E:\Data\fall\s2_138\ROIs1970_fall_s2_138_p679.png,False,low_texture,10.804413,12.385163,0.0,50.873367,39.150157,E:\Data\fall\s1_138\ROIs1970_fall_s1_138_p679.png,E:\Data\fall\s2_138\ROIs1970_fall_s2_138_p679.png
spring,ROIs1158_spring_6_p506,E:\Data\spring\s1_6\ROIs1158_spring_s1_6_p506.png,E:\Data\spring\s2_6\ROIs1158_spring_s2_6_p506.png,False,low_texture,12.454117,29.073148,0.0,35.628998,31.130085,E:\Data\spring\s1_6\ROIs1158_spring_s1_6_p506.png,E:\Data\spring\s2_6\ROIs1158_spring_s2_6_p506.png
fall,ROIs1970_fall_129_p1241,E:\Data\fall\s1_129\ROIs1970_fall_s1_129_p1241.png,E:\Data\fall\s2_129\ROIs1970_fall_s2_129_p1241.png,False,water_like,16.124466,29.321651,0.659288,51.093781,48.90644,E:\Data\fall\s1_129\ROIs1970_fall_s1_129_p1241.png,E:\Data\fall\s2_129\ROIs1970_fall_s2_129_p1241.png
fall,fall_img_temperate_p17,E:\Data\fall\s1_150\fall_img_temperate_p17.png,E:\Data\fall\s2_150\fall_img_temperate_p17.png,False,low_texture,20.63443,7.053203,0.0,9.048553,4.226832,E:\Data\fall\s1_150\fall_img_temperate_p17.png,E:\Data\fall\s2_150\fall_img_temperate_p17.png
summer,ROIs1868_summer_148_p677,E:\Data\summer\s1_148\ROIs1868_summer_s1_148_p677.png,E:\Data\summer\s2_148\ROIs1868_summer_s2_148_p677.png,False,low_texture,16.813156,13.240313,0.005208,53.063477,43.448605,E:\Data\summer\s1_148\ROIs1868_summer_s1_148_p677.png,E:\Data\summer\s2_148\ROIs1868_summer_s2_148_p677.png
spring,ROIs1158_spring_23_p1028,E:\Data\spring\s1_23\ROIs1158_spring_s1_23_p1028.png,E:\Data\spring\s2_23\ROIs1158_spring_s2_23_p1028.png,False,water_like,19.195419,33.948563,0.982205,40.156113,41.900415,E:\Data\spring\s1_23\ROIs1158_spring_s1_23_p1028.png,E:\Data\spring\s2_23\ROIs1158_spring_s2_23_p1028.png
summer,ROIs1868_summer_57_p437,E:\Data\summer\s1_57\ROIs1868_summer_s1_57_p437.png,E:\Data\summer\s2_57\ROIs1868_summer_s2_57_p437.png,False,water_like,24.822113,19.234029,0.889757,43.876968,41.013551,E:\Data\summer\s1_57\ROIs1868_summer_s1_57_p437.png,E:\Data\summer\s2_57\ROIs1868_summer_s2_57_p437.png
fall,ROIs1970_fall_80_p837,E:\Data\fall\s1_80\ROIs1970_fall_s1_80_p837.png,E:\Data\fall\s2_80\ROIs1970_fall_s2_80_p837.png,False,water_like,33.834061,45.092368,0.472222,73.864822,60.172232,E:\Data\fall\s1_80\ROIs1970_fall_s1_80_p837.png,E:\Data\fall\s2_80\ROIs1970_fall_s2_80_p837.png
summer,ROIs1868_summer_136_p417,E:\Data\summer\s1_136\ROIs1868_summer_s1_136_p417.png,E:\Data\summer\s2_136\ROIs1868_summer_s2_136_p417.png,False,low_texture,13.175598,15.318829,0.000868,45.749069,40.525763,E:\Data\summer\s1_136\ROIs1868_summer_s1_136_p417.png,E:\Data\summer\s2_136\ROIs1868_summer_s2_136_p417.png
fall,ROIs1970_fall_110_p195,E:\Data\fall\s1_110\ROIs1970_fall_s1_110_p195.png,E:\Data\fall\s2_110\ROIs1970_fall_s2_110_p195.png,False,low_texture,16.197861,16.93265,0.0,53.871353,40.178875,E:\Data\fall\s1_110\ROIs1970_fall_s1_110_p195.png,E:\Data\fall\s2_110\ROIs1970_fall_s2_110_p195.png
fall,fall_img_tropical_p5280,E:\Data\fall\s1_150\fall_img_tropical_p5280.png,E:\Data\fall\s2_150\fall_img_tropical_p5280.png,False,low_texture,6.53244,3.893153,0.0,31.445999,13.405989,E:\Data\fall\s1_150\fall_img_tropical_p5280.png,E:\Data\fall\s2_150\fall_img_tropical_p5280.png
summer,ROIs1868_summer_88_p758,E:\Data\summer\s1_88\ROIs1868_summer_s1_88_p758.png,E:\Data\summer\s2_88\ROIs1868_summer_s2_88_p758.png,False,low_texture,5.250427,24.474814,0.0,43.138214,80.400688,E:\Data\summer\s1_88\ROIs1868_summer_s1_88_p758.png,E:\Data\summer\s2_88\ROIs1868_summer_s2_88_p758.png
summer,summer_img_temperate_p5277,E:\Data\summer\s1_160\summer_img_temperate_p5277.png,E:\Data\summer\s2_160\summer_img_temperate_p5277.png,False,low_texture;sar_low_texture,6.740479,2.570754,0.0,3.65387,1.873527,E:\Data\summer\s1_160\summer_img_temperate_p5277.png,E:\Data\summer\s2_160\summer_img_temperate_p5277.png
summer,ROIs1868_summer_45_p583,E:\Data\summer\s1_45\ROIs1868_summer_s1_45_p583.png,E:\Data\summer\s2_45\ROIs1868_summer_s2_45_p583.png,False,water_like,31.510727,50.509993,0.83724,55.836304,38.282705,E:\Data\summer\s1_45\ROIs1868_summer_s1_45_p583.png,E:\Data\summer\s2_45\ROIs1868_summer_s2_45_p583.png
winter,ROIs2017_winter_146_p1337,E:\Data\winter\s1_146\ROIs2017_winter_s1_146_p1337.png,E:\Data\winter\s2_146\ROIs2017_winter_s2_146_p1337.png,False,low_texture,13.502777,23.944347,0.073351,60.027481,44.390757,E:\Data\winter\s1_146\ROIs2017_winter_s1_146_p1337.png,E:\Data\winter\s2_146\ROIs2017_winter_s2_146_p1337.png
summer,ROIs1868_summer_121_p207,E:\Data\summer\s1_121\ROIs1868_summer_s1_121_p207.png,E:\Data\summer\s2_121\ROIs1868_summer_s2_121_p207.png,False,water_like,39.61084,34.700603,0.396701,68.831268,44.860237,E:\Data\summer\s1_121\ROIs1868_summer_s1_121_p207.png,E:\Data\summer\s2_121\ROIs1868_summer_s2_121_p207.png
fall,ROIs1970_fall_16_p245,E:\Data\fall\s1_16\ROIs1970_fall_s1_16_p245.png,E:\Data\fall\s2_16\ROIs1970_fall_s2_16_p245.png,False,low_texture,1.931808,1.029376,0.0,33.598953,18.117179,E:\Data\fall\s1_16\ROIs1970_fall_s1_16_p245.png,E:\Data\fall\s2_16\ROIs1970_fall_s2_16_p245.png
winter,ROIs2017_winter_93_p453,E:\Data\winter\s1_93\ROIs2017_winter_s1_93_p453.png,E:\Data\winter\s2_93\ROIs2017_winter_s2_93_p453.png,False,water_like,16.974197,41.392333,0.940972,59.593109,47.303038,E:\Data\winter\s1_93\ROIs2017_winter_s1_93_p453.png,E:\Data\winter\s2_93\ROIs2017_winter_s2_93_p453.png
fall,fall_img_temperate_p5203,E:\Data\fall\s1_150\fall_img_temperate_p5203.png,E:\Data\fall\s2_150\fall_img_temperate_p5203.png,False,sar_low_texture,16.099411,20.636387,0.0,4.834595,5.261863,E:\Data\fall\s1_150\fall_img_temperate_p5203.png,E:\Data\fall\s2_150\fall_img_temperate_p5203.png
fall,fall_img_tropical_p12539,E:\Data\fall\s1_150\fall_img_tropical_p12539.png,E:\Data\fall\s2_150\fall_img_tropical_p12539.png,False,low_texture,9.214417,8.220289,0.0,21.655899,15.248921,E:\Data\fall\s1_150\fall_img_tropical_p12539.png,E:\Data\fall\s2_150\fall_img_tropical_p12539.png
fall,fall_img_temperate_p610,E:\Data\fall\s1_150\fall_img_temperate_p610.png,E:\Data\fall\s2_150\fall_img_temperate_p610.png,False,low_texture,15.500092,13.296786,0.0,6.207947,5.4896,E:\Data\fall\s1_150\fall_img_temperate_p610.png,E:\Data\fall\s2_150\fall_img_temperate_p610.png
fall,ROIs1970_fall_37_p268,E:\Data\fall\s1_37\ROIs1970_fall_s1_37_p268.png,E:\Data\fall\s2_37\ROIs1970_fall_s2_37_p268.png,False,low_texture,11.661346,16.81767,0.0,46.495193,38.943132,E:\Data\fall\s1_37\ROIs1970_fall_s1_37_p268.png,E:\Data\fall\s2_37\ROIs1970_fall_s2_37_p268.png
summer,ROIs1868_summer_47_p613,E:\Data\summer\s1_47\ROIs1868_summer_s1_47_p613.png,E:\Data\summer\s2_47\ROIs1868_summer_s2_47_p613.png,False,water_like,17.556549,23.982437,0.999132,45.823502,46.871544,E:\Data\summer\s1_47\ROIs1868_summer_s1_47_p613.png,E:\Data\summer\s2_47\ROIs1868_summer_s2_47_p613.png
winter,ROIs2017_winter_102_p704,E:\Data\winter\s1_102\ROIs2017_winter_s1_102_p704.png,E:\Data\winter\s2_102\ROIs2017_winter_s2_102_p704.png,False,low_texture,11.936996,20.939616,0.001736,41.673279,38.930784,E:\Data\winter\s1_102\ROIs2017_winter_s1_102_p704.png,E:\Data\winter\s2_102\ROIs2017_winter_s2_102_p704.png
summer,ROIs1868_summer_57_p352,E:\Data\summer\s1_57\ROIs1868_summer_s1_57_p352.png,E:\Data\summer\s2_57\ROIs1868_summer_s2_57_p352.png,False,water_like,21.615768,28.118898,0.71875,44.251007,46.187861,E:\Data\summer\s1_57\ROIs1868_summer_s1_57_p352.png,E:\Data\summer\s2_57\ROIs1868_summer_s2_57_p352.png
fall,ROIs1970_fall_138_p372,E:\Data\fall\s1_138\ROIs1970_fall_s1_138_p372.png,E:\Data\fall\s2_138\ROIs1970_fall_s2_138_p372.png,False,low_texture,12.678665,9.325226,0.001736,48.872299,43.055703,E:\Data\fall\s1_138\ROIs1970_fall_s1_138_p372.png,E:\Data\fall\s2_138\ROIs1970_fall_s2_138_p372.png
summer,ROIs1868_summer_25_p878,E:\Data\summer\s1_25\ROIs1868_summer_s1_25_p878.png,E:\Data\summer\s2_25\ROIs1868_summer_s2_25_p878.png,False,low_texture,15.273163,17.068859,0.0,37.495392,23.975946,E:\Data\summer\s1_25\ROIs1868_summer_s1_25_p878.png,E:\Data\summer\s2_25\ROIs1868_summer_s2_25_p878.png
fall,fall_img_tropical_p10588,E:\Data\fall\s1_150\fall_img_tropical_p10588.png,E:\Data\fall\s2_150\fall_img_tropical_p10588.png,False,low_texture,6.762329,4.020068,0.0,34.048111,15.889492,E:\Data\fall\s1_150\fall_img_tropical_p10588.png,E:\Data\fall\s2_150\fall_img_tropical_p10588.png
fall,fall_img_tropical_p12067,E:\Data\fall\s1_150\fall_img_tropical_p12067.png,E:\Data\fall\s2_150\fall_img_tropical_p12067.png,False,low_texture,9.065796,5.828851,0.0,31.205948,16.928458,E:\Data\fall\s1_150\fall_img_tropical_p12067.png,E:\Data\fall\s2_150\fall_img_tropical_p12067.png
winter,ROIs2017_winter_93_p809,E:\Data\winter\s1_93\ROIs2017_winter_s1_93_p809.png,E:\Data\winter\s2_93\ROIs2017_winter_s2_93_p809.png,False,water_like,21.698624,39.235577,0.721788,57.660324,47.503083,E:\Data\winter\s1_93\ROIs2017_winter_s1_93_p809.png,E:\Data\winter\s2_93\ROIs2017_winter_s2_93_p809.png
winter,ROIs2017_winter_56_p1237,E:\Data\winter\s1_56\ROIs2017_winter_s1_56_p1237.png,E:\Data\winter\s2_56\ROIs2017_winter_s2_56_p1237.png,False,water_like,22.750427,27.132006,0.94184,35.267609,29.76841,E:\Data\winter\s1_56\ROIs2017_winter_s1_56_p1237.png,E:\Data\winter\s2_56\ROIs2017_winter_s2_56_p1237.png
winter,winter_img_temperate_p389,E:\Data\winter\s1_171\winter_img_temperate_p389.png,E:\Data\winter\s2_171\winter_img_temperate_p389.png,False,low_texture,20.15799,13.819315,0.0,7.662109,8.577484,E:\Data\winter\s1_171\winter_img_temperate_p389.png,E:\Data\winter\s2_171\winter_img_temperate_p389.png
summer,summer_img_temperate_p2496,E:\Data\summer\s1_160\summer_img_temperate_p2496.png,E:\Data\summer\s2_160\summer_img_temperate_p2496.png,False,low_texture;sar_low_texture,15.93689,5.299302,0.0,5.250793,2.413056,E:\Data\summer\s1_160\summer_img_temperate_p2496.png,E:\Data\summer\s2_160\summer_img_temperate_p2496.png
winter,ROIs2017_winter_140_p516,E:\Data\winter\s1_140\ROIs2017_winter_s1_140_p516.png,E:\Data\winter\s2_140\ROIs2017_winter_s2_140_p516.png,False,water_like,27.783066,48.102698,0.916233,20.180817,17.412828,E:\Data\winter\s1_140\ROIs2017_winter_s1_140_p516.png,E:\Data\winter\s2_140\ROIs2017_winter_s2_140_p516.png
summer,ROIs1868_summer_113_p418,E:\Data\summer\s1_113\ROIs1868_summer_s1_113_p418.png,E:\Data\summer\s2_113\ROIs1868_summer_s2_113_p418.png,False,water_like,17.696411,60.103996,0.37934,52.489716,40.673623,E:\Data\summer\s1_113\ROIs1868_summer_s1_113_p418.png,E:\Data\summer\s2_113\ROIs1868_summer_s2_113_p418.png
summer,ROIs1868_summer_115_p169,E:\Data\summer\s1_115\ROIs1868_summer_s1_115_p169.png,E:\Data\summer\s2_115\ROIs1868_summer_s2_115_p169.png,False,low_texture;water_like,10.591629,10.729413,1.0,47.465775,30.639607,E:\Data\summer\s1_115\ROIs1868_summer_s1_115_p169.png,E:\Data\summer\s2_115\ROIs1868_summer_s2_115_p169.png
spring,ROIs1158_spring_109_p929,E:\Data\spring\s1_109\ROIs1158_spring_s1_109_p929.png,E:\Data\spring\s2_109\ROIs1158_spring_s2_109_p929.png,False,water_like,29.097076,42.724324,0.633681,65.245087,59.998965,E:\Data\spring\s1_109\ROIs1158_spring_s1_109_p929.png,E:\Data\spring\s2_109\ROIs1158_spring_s2_109_p929.png
summer,ROIs1868_summer_113_p157,E:\Data\summer\s1_113\ROIs1868_summer_s1_113_p157.png,E:\Data\summer\s2_113\ROIs1868_summer_s2_113_p157.png,False,water_like,35.349487,61.416662,0.390625,53.89595,49.461381,E:\Data\summer\s1_113\ROIs1868_summer_s1_113_p157.png,E:\Data\summer\s2_113\ROIs1868_summer_s2_113_p157.png
summer,ROIs1868_summer_90_p983,E:\Data\summer\s1_90\ROIs1868_summer_s1_90_p983.png,E:\Data\summer\s2_90\ROIs1868_summer_s2_90_p983.png,False,low_texture,12.684311,31.695113,0.06684,50.285858,51.327401,E:\Data\summer\s1_90\ROIs1868_summer_s1_90_p983.png,E:\Data\summer\s2_90\ROIs1868_summer_s2_90_p983.png
spring,ROIs1158_spring_40_p842,E:\Data\spring\s1_40\ROIs1158_spring_s1_40_p842.png,E:\Data\spring\s2_40\ROIs1158_spring_s2_40_p842.png,False,low_texture,8.492798,17.468041,0.0,33.693344,32.799548,E:\Data\spring\s1_40\ROIs1158_spring_s1_40_p842.png,E:\Data\spring\s2_40\ROIs1158_spring_s2_40_p842.png
winter,winter_img_temperate_p2389,E:\Data\winter\s1_170\winter_img_temperate_p2389.png,E:\Data\winter\s2_170\winter_img_temperate_p2389.png,False,low_texture,18.529633,14.050802,0.0,18.248871,17.391889,E:\Data\winter\s1_170\winter_img_temperate_p2389.png,E:\Data\winter\s2_170\winter_img_temperate_p2389.png
fall,ROIs1970_fall_106_p796,E:\Data\fall\s1_106\ROIs1970_fall_s1_106_p796.png,E:\Data\fall\s2_106\ROIs1970_fall_s2_106_p796.png,False,low_texture,13.271988,57.423987,0.00651,47.612015,58.584419,E:\Data\fall\s1_106\ROIs1970_fall_s1_106_p796.png,E:\Data\fall\s2_106\ROIs1970_fall_s2_106_p796.png
summer,ROIs1868_summer_54_p670,E:\Data\summer\s1_54\ROIs1868_summer_s1_54_p670.png,E:\Data\summer\s2_54\ROIs1868_summer_s2_54_p670.png,False,low_texture;water_like,9.941635,11.265256,0.996962,31.67981,23.395514,E:\Data\summer\s1_54\ROIs1868_summer_s1_54_p670.png,E:\Data\summer\s2_54\ROIs1868_summer_s2_54_p670.png
fall,fall_img_tropical_p9795,E:\Data\fall\s1_150\fall_img_tropical_p9795.png,E:\Data\fall\s2_150\fall_img_tropical_p9795.png,False,low_texture,9.23642,9.503072,0.0,29.978333,17.100686,E:\Data\fall\s1_150\fall_img_tropical_p9795.png,E:\Data\fall\s2_150\fall_img_tropical_p9795.png
summer,ROIs1868_summer_136_p299,E:\Data\summer\s1_136\ROIs1868_summer_s1_136_p299.png,E:\Data\summer\s2_136\ROIs1868_summer_s2_136_p299.png,False,low_texture,12.431122,17.616633,0.0,44.189407,48.525334,E:\Data\summer\s1_136\ROIs1868_summer_s1_136_p299.png,E:\Data\summer\s2_136\ROIs1868_summer_s2_136_p299.png
fall,ROIs1970_fall_139_p1746,E:\Data\fall\s1_139\ROIs1970_fall_s1_139_p1746.png,E:\Data\fall\s2_139\ROIs1970_fall_s2_139_p1746.png,False,water_like,25.817291,22.824259,0.469184,31.97554,34.401175,E:\Data\fall\s1_139\ROIs1970_fall_s1_139_p1746.png,E:\Data\fall\s2_139\ROIs1970_fall_s2_139_p1746.png
winter,winter_img_temperate_p7357,E:\Data\winter\s1_170\winter_img_temperate_p7357.png,E:\Data\winter\s2_170\winter_img_temperate_p7357.png,False,low_texture,19.429596,13.995442,0.0,6.310364,8.999587,E:\Data\winter\s1_170\winter_img_temperate_p7357.png,E:\Data\winter\s2_170\winter_img_temperate_p7357.png
summer,ROIs1868_summer_10_p154,E:\Data\summer\s1_10\ROIs1868_summer_s1_10_p154.png,E:\Data\summer\s2_10\ROIs1868_summer_s2_10_p154.png,False,low_texture,9.730637,4.188646,0.0,37.677139,22.516262,E:\Data\summer\s1_10\ROIs1868_summer_s1_10_p154.png,E:\Data\summer\s2_10\ROIs1868_summer_s2_10_p154.png
spring,spring_img_temperate_p605,E:\Data\spring\s1_155\spring_img_temperate_p605.png,E:\Data\spring\s2_155\spring_img_temperate_p605.png,False,low_texture;sar_low_texture,4.581726,3.59194,0.0,4.763611,2.649984,E:\Data\spring\s1_155\spring_img_temperate_p605.png,E:\Data\spring\s2_155\spring_img_temperate_p605.png
winter,winter_img_temperate_p7077,E:\Data\winter\s1_170\winter_img_temperate_p7077.png,E:\Data\winter\s2_170\winter_img_temperate_p7077.png,False,low_texture;sar_low_texture,23.263062,13.588405,0.0,4.997131,3.116874,E:\Data\winter\s1_170\winter_img_temperate_p7077.png,E:\Data\winter\s2_170\winter_img_temperate_p7077.png
fall,fall_img_tropical_p6237,E:\Data\fall\s1_150\fall_img_tropical_p6237.png,E:\Data\fall\s2_150\fall_img_tropical_p6237.png,False,low_texture,5.109695,3.057544,0.0,34.317856,16.232499,E:\Data\fall\s1_150\fall_img_tropical_p6237.png,E:\Data\fall\s2_150\fall_img_tropical_p6237.png
winter,winter_img_temperate_p6891,E:\Data\winter\s1_170\winter_img_temperate_p6891.png,E:\Data\winter\s2_170\winter_img_temperate_p6891.png,False,low_texture,11.54834,8.845219,0.0,19.138367,17.629465,E:\Data\winter\s1_170\winter_img_temperate_p6891.png,E:\Data\winter\s2_170\winter_img_temperate_p6891.png
fall,ROIs1970_fall_7_p622,E:\Data\fall\s1_7\ROIs1970_fall_s1_7_p622.png,E:\Data\fall\s2_7\ROIs1970_fall_s2_7_p622.png,False,water_like,29.112183,23.801765,0.994358,46.147522,47.668699,E:\Data\fall\s1_7\ROIs1970_fall_s1_7_p622.png,E:\Data\fall\s2_7\ROIs1970_fall_s2_7_p622.png
winter,ROIs2017_winter_134_p510,E:\Data\winter\s1_134\ROIs2017_winter_s1_134_p510.png,E:\Data\winter\s2_134\ROIs2017_winter_s2_134_p510.png,False,low_texture,3.193832,1.430266,0.0,36.725494,24.545787,E:\Data\winter\s1_134\ROIs2017_winter_s1_134_p510.png,E:\Data\winter\s2_134\ROIs2017_winter_s2_134_p510.png
summer,ROIs1868_summer_47_p1448,E:\Data\summer\s1_47\ROIs1868_summer_s1_47_p1448.png,E:\Data\summer\s2_47\ROIs1868_summer_s2_47_p1448.png,False,low_texture;water_like,13.880569,32.081602,0.75,44.631241,37.183486,E:\Data\summer\s1_47\ROIs1868_summer_s1_47_p1448.png,E:\Data\summer\s2_47\ROIs1868_summer_s2_47_p1448.png
fall,fall_img_tropical_p12439,E:\Data\fall\s1_150\fall_img_tropical_p12439.png,E:\Data\fall\s2_150\fall_img_tropical_p12439.png,False,low_texture,6.720383,5.21341,0.0,20.988495,13.866514,E:\Data\fall\s1_150\fall_img_tropical_p12439.png,E:\Data\fall\s2_150\fall_img_tropical_p12439.png
summer,summer_img_temperate_p4619,E:\Data\summer\s1_160\summer_img_temperate_p4619.png,E:\Data\summer\s2_160\summer_img_temperate_p4619.png,False,low_texture;sar_low_texture,20.301239,15.84782,0.0,3.409073,2.549921,E:\Data\summer\s1_160\summer_img_temperate_p4619.png,E:\Data\summer\s2_160\summer_img_temperate_p4619.png
summer,ROIs1868_summer_54_p1167,E:\Data\summer\s1_54\ROIs1868_summer_s1_54_p1167.png,E:\Data\summer\s2_54\ROIs1868_summer_s2_54_p1167.png,False,water_like,16.634079,27.566915,0.976128,34.338547,33.781944,E:\Data\summer\s1_54\ROIs1868_summer_s1_54_p1167.png,E:\Data\summer\s2_54\ROIs1868_summer_s2_54_p1167.png
fall,fall_img_temperate_p2333,E:\Data\fall\s1_150\fall_img_temperate_p2333.png,E:\Data\fall\s2_150\fall_img_temperate_p2333.png,False,low_texture,16.913727,15.469867,0.0,7.30687,4.198011,E:\Data\fall\s1_150\fall_img_temperate_p2333.png,E:\Data\fall\s2_150\fall_img_temperate_p2333.png
summer,ROIs1868_summer_106_p218,E:\Data\summer\s1_106\ROIs1868_summer_s1_106_p218.png,E:\Data\summer\s2_106\ROIs1868_summer_s2_106_p218.png,False,low_texture,12.046524,19.323764,0.0,55.69429,44.278725,E:\Data\summer\s1_106\ROIs1868_summer_s1_106_p218.png,E:\Data\summer\s2_106\ROIs1868_summer_s2_106_p218.png
summer,summer_img_temperate_p781,E:\Data\summer\s1_160\summer_img_temperate_p781.png,E:\Data\summer\s2_160\summer_img_temperate_p781.png,False,low_texture,18.450211,13.899082,0.0,7.313736,7.077815,E:\Data\summer\s1_160\summer_img_temperate_p781.png,E:\Data\summer\s2_160\summer_img_temperate_p781.png
spring,ROIs1158_spring_0_p1173,E:\Data\spring\s1_0\ROIs1158_spring_s1_0_p1173.png,E:\Data\spring\s2_0\ROIs1158_spring_s2_0_p1173.png,False,low_texture,9.238571,11.361098,0.0,35.510208,27.535092,E:\Data\spring\s1_0\ROIs1158_spring_s1_0_p1173.png,E:\Data\spring\s2_0\ROIs1158_spring_s2_0_p1173.png
spring,ROIs1158_spring_60_p15,E:\Data\spring\s1_60\ROIs1158_spring_s1_60_p15.png,E:\Data\spring\s2_60\ROIs1158_spring_s2_60_p15.png,False,water_like,46.335342,49.821764,0.915799,65.945923,45.546261,E:\Data\spring\s1_60\ROIs1158_spring_s1_60_p15.png,E:\Data\spring\s2_60\ROIs1158_spring_s2_60_p15.png
fall,ROIs1970_fall_7_p580,E:\Data\fall\s1_7\ROIs1970_fall_s1_7_p580.png,E:\Data\fall\s2_7\ROIs1970_fall_s2_7_p580.png,False,water_like,21.987427,24.260487,0.990451,45.522263,44.632451,E:\Data\fall\s1_7\ROIs1970_fall_s1_7_p580.png,E:\Data\fall\s2_7\ROIs1970_fall_s2_7_p580.png
winter,ROIs2017_winter_134_p108,E:\Data\winter\s1_134\ROIs2017_winter_s1_134_p108.png,E:\Data\winter\s2_134\ROIs2017_winter_s2_134_p108.png,False,low_texture,11.778122,37.610436,0.0,40.506546,41.616469,E:\Data\winter\s1_134\ROIs2017_winter_s1_134_p108.png,E:\Data\winter\s2_134\ROIs2017_winter_s2_134_p108.png
summer,summer_img_temperate_p5120,E:\Data\summer\s1_160\summer_img_temperate_p5120.png,E:\Data\summer\s2_160\summer_img_temperate_p5120.png,False,low_texture,16.350937,16.312573,0.0,14.252441,11.232363,E:\Data\summer\s1_160\summer_img_temperate_p5120.png,E:\Data\summer\s2_160\summer_img_temperate_p5120.png
fall,ROIs1970_fall_10_p1116,E:\Data\fall\s1_10\ROIs1970_fall_s1_10_p1116.png,E:\Data\fall\s2_10\ROIs1970_fall_s2_10_p1116.png,False,water_like,24.113663,23.043105,0.988715,49.175995,43.895974,E:\Data\fall\s1_10\ROIs1970_fall_s1_10_p1116.png,E:\Data\fall\s2_10\ROIs1970_fall_s2_10_p1116.png
fall,ROIs1970_fall_134_p900,E:\Data\fall\s1_134\ROIs1970_fall_s1_134_p900.png,E:\Data\fall\s2_134\ROIs1970_fall_s2_134_p900.png,False,water_like,31.078629,53.831536,0.663628,47.639679,52.13945,E:\Data\fall\s1_134\ROIs1970_fall_s1_134_p900.png,E:\Data\fall\s2_134\ROIs1970_fall_s2_134_p900.png
fall,ROIs1970_fall_129_p1771,E:\Data\fall\s1_129\ROIs1970_fall_s1_129_p1771.png,E:\Data\fall\s2_129\ROIs1970_fall_s2_129_p1771.png,False,low_texture;water_like,13.78096,22.679451,0.763021,53.754959,49.103455,E:\Data\fall\s1_129\ROIs1970_fall_s1_129_p1771.png,E:\Data\fall\s2_129\ROIs1970_fall_s2_129_p1771.png
fall,ROIs1970_fall_120_p1161,E:\Data\fall\s1_120\ROIs1970_fall_s1_120_p1161.png,E:\Data\fall\s2_120\ROIs1970_fall_s2_120_p1161.png,False,water_like,38.434143,52.993309,0.43316,49.681427,32.755381,E:\Data\fall\s1_120\ROIs1970_fall_s1_120_p1161.png,E:\Data\fall\s2_120\ROIs1970_fall_s2_120_p1161.png
fall,ROIs1970_fall_124_p125,E:\Data\fall\s1_124\ROIs1970_fall_s1_124_p125.png,E:\Data\fall\s2_124\ROIs1970_fall_s2_124_p125.png,False,water_like,23.843506,46.973511,0.551649,60.78862,51.645551,E:\Data\fall\s1_124\ROIs1970_fall_s1_124_p125.png,E:\Data\fall\s2_124\ROIs1970_fall_s2_124_p125.png
winter,ROIs2017_winter_56_p962,E:\Data\winter\s1_56\ROIs2017_winter_s1_56_p962.png,E:\Data\winter\s2_56\ROIs2017_winter_s2_56_p962.png,False,water_like,36.434296,40.247125,0.835938,38.295914,33.300867,E:\Data\winter\s1_56\ROIs2017_winter_s1_56_p962.png,E:\Data\winter\s2_56\ROIs2017_winter_s2_56_p962.png
winter,winter_img_temperate_p10822,E:\Data\winter\s1_170\winter_img_temperate_p10822.png,E:\Data\winter\s2_170\winter_img_temperate_p10822.png,False,low_texture,9.893082,10.623207,0.0,6.007355,8.323926,E:\Data\winter\s1_170\winter_img_temperate_p10822.png,E:\Data\winter\s2_170\winter_img_temperate_p10822.png
winter,ROIs2017_winter_33_p1844,E:\Data\winter\s1_33\ROIs2017_winter_s1_33_p1844.png,E:\Data\winter\s2_33\ROIs2017_winter_s2_33_p1844.png,False,low_texture,10.444061,38.677541,0.00651,56.460876,43.356987,E:\Data\winter\s1_33\ROIs2017_winter_s1_33_p1844.png,E:\Data\winter\s2_33\ROIs2017_winter_s2_33_p1844.png
fall,ROIs1970_fall_138_p896,E:\Data\fall\s1_138\ROIs1970_fall_s1_138_p896.png,E:\Data\fall\s2_138\ROIs1970_fall_s2_138_p896.png,False,low_texture,9.850479,8.141404,0.00651,53.718048,37.737202,E:\Data\fall\s1_138\ROIs1970_fall_s1_138_p896.png,E:\Data\fall\s2_138\ROIs1970_fall_s2_138_p896.png
spring,ROIs1158_spring_101_p2297,E:\Data\spring\s1_101\ROIs1158_spring_s1_101_p2297.png,E:\Data\spring\s2_101\ROIs1158_spring_s2_101_p2297.png,False,water_like,19.025208,24.744318,0.574219,62.079651,48.762354,E:\Data\spring\s1_101\ROIs1158_spring_s1_101_p2297.png,E:\Data\spring\s2_101\ROIs1158_spring_s2_101_p2297.png
fall,fall_img_tropical_p11381,E:\Data\fall\s1_150\fall_img_tropical_p11381.png,E:\Data\fall\s2_150\fall_img_tropical_p11381.png,False,low_texture,4.877121,2.681737,0.0,35.515961,18.524018,E:\Data\fall\s1_150\fall_img_tropical_p11381.png,E:\Data\fall\s2_150\fall_img_tropical_p11381.png
summer,summer_img_temperate_p517,E:\Data\summer\s1_160\summer_img_temperate_p517.png,E:\Data\summer\s2_160\summer_img_temperate_p517.png,False,low_texture,10.56543,8.0805,0.0,6.457108,4.868079,E:\Data\summer\s1_160\summer_img_temperate_p517.png,E:\Data\summer\s2_160\summer_img_temperate_p517.png
fall,fall_img_tropical_p11811,E:\Data\fall\s1_150\fall_img_tropical_p11811.png,E:\Data\fall\s2_150\fall_img_tropical_p11811.png,False,low_texture,7.20752,5.986341,0.0,30.002335,13.654796,E:\Data\fall\s1_150\fall_img_tropical_p11811.png,E:\Data\fall\s2_150\fall_img_tropical_p11811.png
spring,ROIs1158_spring_25_p521,E:\Data\spring\s1_25\ROIs1158_spring_s1_25_p521.png,E:\Data\spring\s2_25\ROIs1158_spring_s2_25_p521.png,False,water_like,43.31871,54.063272,0.694878,44.860855,48.920743,E:\Data\spring\s1_25\ROIs1158_spring_s1_25_p521.png,E:\Data\spring\s2_25\ROIs1158_spring_s2_25_p521.png
summer,summer_img_temperate_p4940,E:\Data\summer\s1_160\summer_img_temperate_p4940.png,E:\Data\summer\s2_160\summer_img_temperate_p4940.png,False,low_texture,21.747772,17.408467,0.0,8.468781,12.022859,E:\Data\summer\s1_160\summer_img_temperate_p4940.png,E:\Data\summer\s2_160\summer_img_temperate_p4940.png
winter,winter_img_temperate_p2374,E:\Data\winter\s1_170\winter_img_temperate_p2374.png,E:\Data\winter\s2_170\winter_img_temperate_p2374.png,False,low_texture,15.031754,8.796421,0.0,14.586197,14.470983,E:\Data\winter\s1_170\winter_img_temperate_p2374.png,E:\Data\winter\s2_170\winter_img_temperate_p2374.png
spring,ROIs1158_spring_54_p1260,E:\Data\spring\s1_54\ROIs1158_spring_s1_54_p1260.png,E:\Data\spring\s2_54\ROIs1158_spring_s2_54_p1260.png,False,water_like,15.247253,24.399462,0.791233,41.486725,34.353597,E:\Data\spring\s1_54\ROIs1158_spring_s1_54_p1260.png,E:\Data\spring\s2_54\ROIs1158_spring_s2_54_p1260.png
summer,summer_img_temperate_p5841,E:\Data\summer\s1_160\summer_img_temperate_p5841.png,E:\Data\summer\s2_160\summer_img_temperate_p5841.png,False,low_texture,19.839645,8.374267,0.0,5.234619,9.45671,E:\Data\summer\s1_160\summer_img_temperate_p5841.png,E:\Data\summer\s2_160\summer_img_temperate_p5841.png
fall,fall_img_tropical_p7801,E:\Data\fall\s1_150\fall_img_tropical_p7801.png,E:\Data\fall\s2_150\fall_img_tropical_p7801.png,False,low_texture,5.479004,4.526121,0.0,29.640915,14.121182,E:\Data\fall\s1_150\fall_img_tropical_p7801.png,E:\Data\fall\s2_150\fall_img_tropical_p7801.png
fall,ROIs1970_fall_79_p436,E:\Data\fall\s1_79\ROIs1970_fall_s1_79_p436.png,E:\Data\fall\s2_79\ROIs1970_fall_s2_79_p436.png,False,water_like,43.02536,60.294727,0.93533,56.557022,47.431076,E:\Data\fall\s1_79\ROIs1970_fall_s1_79_p436.png,E:\Data\fall\s2_79\ROIs1970_fall_s2_79_p436.png
fall,ROIs1970_fall_62_p1267,E:\Data\fall\s1_62\ROIs1970_fall_s1_62_p1267.png,E:\Data\fall\s2_62\ROIs1970_fall_s2_62_p1267.png,False,water_like,25.958023,50.793629,0.809028,50.457947,67.779231,E:\Data\fall\s1_62\ROIs1970_fall_s1_62_p1267.png,E:\Data\fall\s2_62\ROIs1970_fall_s2_62_p1267.png
winter,ROIs2017_winter_3_p234,E:\Data\winter\s1_3\ROIs2017_winter_s1_3_p234.png,E:\Data\winter\s2_3\ROIs2017_winter_s2_3_p234.png,False,low_texture;water_like,8.129028,29.254156,0.530382,37.590912,49.816112,E:\Data\winter\s1_3\ROIs2017_winter_s1_3_p234.png,E:\Data\winter\s2_3\ROIs2017_winter_s2_3_p234.png
spring,ROIs1158_spring_2_p873,E:\Data\spring\s1_2\ROIs1158_spring_s1_2_p873.png,E:\Data\spring\s2_2\ROIs1158_spring_s2_2_p873.png,False,water_like,25.403122,41.161116,0.450521,49.408646,42.016053,E:\Data\spring\s1_2\ROIs1158_spring_s1_2_p873.png,E:\Data\spring\s2_2\ROIs1158_spring_s2_2_p873.png
spring,ROIs1158_spring_23_p977,E:\Data\spring\s1_23\ROIs1158_spring_s1_23_p977.png,E:\Data\spring\s2_23\ROIs1158_spring_s2_23_p977.png,False,low_texture;water_like,8.992661,18.732962,0.985677,38.176422,40.243926,E:\Data\spring\s1_23\ROIs1158_spring_s1_23_p977.png,E:\Data\spring\s2_23\ROIs1158_spring_s2_23_p977.png
summer,ROIs1868_summer_90_p320,E:\Data\summer\s1_90\ROIs1868_summer_s1_90_p320.png,E:\Data\summer\s2_90\ROIs1868_summer_s2_90_p320.png,False,low_texture,1.82753,0.954168,0.0,51.311966,36.991304,E:\Data\summer\s1_90\ROIs1868_summer_s1_90_p320.png,E:\Data\summer\s2_90\ROIs1868_summer_s2_90_p320.png
fall,ROIs1970_fall_109_p660,E:\Data\fall\s1_109\ROIs1970_fall_s1_109_p660.png,E:\Data\fall\s2_109\ROIs1970_fall_s2_109_p660.png,False,water_like,23.572525,55.62839,0.697049,53.630722,51.692637,E:\Data\fall\s1_109\ROIs1970_fall_s1_109_p660.png,E:\Data\fall\s2_109\ROIs1970_fall_s2_109_p660.png
summer,ROIs1868_summer_88_p1404,E:\Data\summer\s1_88\ROIs1868_summer_s1_88_p1404.png,E:\Data\summer\s2_88\ROIs1868_summer_s2_88_p1404.png,False,low_texture,6.518692,7.440911,0.0,41.179642,32.99945,E:\Data\summer\s1_88\ROIs1868_summer_s1_88_p1404.png,E:\Data\summer\s2_88\ROIs1868_summer_s2_88_p1404.png
winter,ROIs2017_winter_2_p243,E:\Data\winter\s1_2\ROIs2017_winter_s1_2_p243.png,E:\Data\winter\s2_2\ROIs2017_winter_s2_2_p243.png,False,low_texture,10.713364,10.764007,0.061632,65.654144,42.556249,E:\Data\winter\s1_2\ROIs2017_winter_s1_2_p243.png,E:\Data\winter\s2_2\ROIs2017_winter_s2_2_p243.png
fall,fall_img_tropical_p7035,E:\Data\fall\s1_150\fall_img_tropical_p7035.png,E:\Data\fall\s2_150\fall_img_tropical_p7035.png,False,low_texture,6.866776,3.344222,0.0,33.045853,14.477907,E:\Data\fall\s1_150\fall_img_tropical_p7035.png,E:\Data\fall\s2_150\fall_img_tropical_p7035.png
fall,ROIs1970_fall_109_p1637,E:\Data\fall\s1_109\ROIs1970_fall_s1_109_p1637.png,E:\Data\fall\s2_109\ROIs1970_fall_s2_109_p1637.png,False,low_texture;water_like,11.068024,34.410509,0.942708,53.098541,44.099561,E:\Data\fall\s1_109\ROIs1970_fall_s1_109_p1637.png,E:\Data\fall\s2_109\ROIs1970_fall_s2_109_p1637.png
winter,ROIs2017_winter_97_p1309,E:\Data\winter\s1_97\ROIs2017_winter_s1_97_p1309.png,E:\Data\winter\s2_97\ROIs2017_winter_s2_97_p1309.png,False,low_texture,8.716034,27.674517,0.0,64.842789,49.745366,E:\Data\winter\s1_97\ROIs2017_winter_s1_97_p1309.png,E:\Data\winter\s2_97\ROIs2017_winter_s2_97_p1309.png
spring,ROIs1158_spring_23_p853,E:\Data\spring\s1_23\ROIs1158_spring_s1_23_p853.png,E:\Data\spring\s2_23\ROIs1158_spring_s2_23_p853.png,False,water_like,22.057617,24.643015,0.934896,37.603134,31.427665,E:\Data\spring\s1_23\ROIs1158_spring_s1_23_p853.png,E:\Data\spring\s2_23\ROIs1158_spring_s2_23_p853.png
winter,ROIs2017_winter_33_p1445,E:\Data\winter\s1_33\ROIs2017_winter_s1_33_p1445.png,E:\Data\winter\s2_33\ROIs2017_winter_s2_33_p1445.png,False,low_texture,10.13884,68.82614,0.011719,57.075851,50.687481,E:\Data\winter\s1_33\ROIs2017_winter_s1_33_p1445.png,E:\Data\winter\s2_33\ROIs2017_winter_s2_33_p1445.png
summer,ROIs1868_summer_61_p526,E:\Data\summer\s1_61\ROIs1868_summer_s1_61_p526.png,E:\Data\summer\s2_61\ROIs1868_summer_s2_61_p526.png,False,low_texture,13.466156,28.895946,0.0,73.289368,49.956001,E:\Data\summer\s1_61\ROIs1868_summer_s1_61_p526.png,E:\Data\summer\s2_61\ROIs1868_summer_s2_61_p526.png
spring,ROIs1158_spring_3_p786,E:\Data\spring\s1_3\ROIs1158_spring_s1_3_p786.png,E:\Data\spring\s2_3\ROIs1158_spring_s2_3_p786.png,False,water_like,45.243881,42.584674,0.638455,36.930099,34.221392,E:\Data\spring\s1_3\ROIs1158_spring_s1_3_p786.png,E:\Data\spring\s2_3\ROIs1158_spring_s2_3_p786.png
summer,ROIs1868_summer_127_p491,E:\Data\summer\s1_127\ROIs1868_summer_s1_127_p491.png,E:\Data\summer\s2_127\ROIs1868_summer_s2_127_p491.png,False,low_texture,9.52684,22.82339,0.0,37.356186,89.193986,E:\Data\summer\s1_127\ROIs1868_summer_s1_127_p491.png,E:\Data\summer\s2_127\ROIs1868_summer_s2_127_p491.png
spring,ROIs1158_spring_0_p655,E:\Data\spring\s1_0\ROIs1158_spring_s1_0_p655.png,E:\Data\spring\s2_0\ROIs1158_spring_s2_0_p655.png,False,low_texture,11.335754,12.468958,0.0,45.669952,36.402254,E:\Data\spring\s1_0\ROIs1158_spring_s1_0_p655.png,E:\Data\spring\s2_0\ROIs1158_spring_s2_0_p655.png
summer,ROIs1868_summer_148_p666,E:\Data\summer\s1_148\ROIs1868_summer_s1_148_p666.png,E:\Data\summer\s2_148\ROIs1868_summer_s2_148_p666.png,False,low_texture,15.127594,14.740657,0.0,55.566147,52.606691,E:\Data\summer\s1_148\ROIs1868_summer_s1_148_p666.png,E:\Data\summer\s2_148\ROIs1868_summer_s2_148_p666.png
winter,ROIs2017_winter_117_p875,E:\Data\winter\s1_117\ROIs2017_winter_s1_117_p875.png,E:\Data\winter\s2_117\ROIs2017_winter_s2_117_p875.png,False,low_texture,2.467285,0.952237,0.0,36.703979,22.125054,E:\Data\winter\s1_117\ROIs2017_winter_s1_117_p875.png,E:\Data\winter\s2_117\ROIs2017_winter_s2_117_p875.png
spring,ROIs1158_spring_40_p363,E:\Data\spring\s1_40\ROIs1158_spring_s1_40_p363.png,E:\Data\spring\s2_40\ROIs1158_spring_s2_40_p363.png,False,low_texture,13.350052,24.376573,0.0,33.736099,33.274856,E:\Data\spring\s1_40\ROIs1158_spring_s1_40_p363.png,E:\Data\spring\s2_40\ROIs1158_spring_s2_40_p363.png
fall,fall_img_temperate_p4080,E:\Data\fall\s1_150\fall_img_temperate_p4080.png,E:\Data\fall\s2_150\fall_img_temperate_p4080.png,False,low_texture,19.200241,14.55025,0.0,7.353577,8.802018,E:\Data\fall\s1_150\fall_img_temperate_p4080.png,E:\Data\fall\s2_150\fall_img_temperate_p4080.png
spring,ROIs1158_spring_0_p188,E:\Data\spring\s1_0\ROIs1158_spring_s1_0_p188.png,E:\Data\spring\s2_0\ROIs1158_spring_s2_0_p188.png,False,low_texture,2.455368,0.915406,0.0,36.053024,23.563354,E:\Data\spring\s1_0\ROIs1158_spring_s1_0_p188.png,E:\Data\spring\s2_0\ROIs1158_spring_s2_0_p188.png
spring,ROIs1158_spring_72_p270,E:\Data\spring\s1_72\ROIs1158_spring_s1_72_p270.png,E:\Data\spring\s2_72\ROIs1158_spring_s2_72_p270.png,False,water_like,23.042648,31.148717,0.722222,44.545212,44.446999,E:\Data\spring\s1_72\ROIs1158_spring_s1_72_p270.png,E:\Data\spring\s2_72\ROIs1158_spring_s2_72_p270.png
fall,ROIs1970_fall_7_p120,E:\Data\fall\s1_7\ROIs1970_fall_s1_7_p120.png,E:\Data\fall\s2_7\ROIs1970_fall_s2_7_p120.png,False,water_like,31.750565,24.785922,0.981771,48.859833,46.261672,E:\Data\fall\s1_7\ROIs1970_fall_s1_7_p120.png,E:\Data\fall\s2_7\ROIs1970_fall_s2_7_p120.png
spring,ROIs1158_spring_79_p551,E:\Data\spring\s1_79\ROIs1158_spring_s1_79_p551.png,E:\Data\spring\s2_79\ROIs1158_spring_s2_79_p551.png,False,water_like,40.460815,35.518823,0.691406,72.716721,51.612734,E:\Data\spring\s1_79\ROIs1158_spring_s1_79_p551.png,E:\Data\spring\s2_79\ROIs1158_spring_s2_79_p551.png
winter,ROIs2017_winter_8_p640,E:\Data\winter\s1_8\ROIs2017_winter_s1_8_p640.png,E:\Data\winter\s2_8\ROIs2017_winter_s2_8_p640.png,False,water_like,17.156357,34.022085,0.914062,44.097733,41.51945,E:\Data\winter\s1_8\ROIs2017_winter_s1_8_p640.png,E:\Data\winter\s2_8\ROIs2017_winter_s2_8_p640.png
winter,winter_img_temperate_p9269,E:\Data\winter\s1_170\winter_img_temperate_p9269.png,E:\Data\winter\s2_170\winter_img_temperate_p9269.png,False,low_texture,13.99823,12.140977,0.0,15.180817,12.711208,E:\Data\winter\s1_170\winter_img_temperate_p9269.png,E:\Data\winter\s2_170\winter_img_temperate_p9269.png
spring,ROIs1158_spring_49_p307,E:\Data\spring\s1_49\ROIs1158_spring_s1_49_p307.png,E:\Data\spring\s2_49\ROIs1158_spring_s2_49_p307.png,False,water_like,23.76683,42.224373,0.887153,45.376236,43.52507,E:\Data\spring\s1_49\ROIs1158_spring_s1_49_p307.png,E:\Data\spring\s2_49\ROIs1158_spring_s2_49_p307.png
fall,ROIs1970_fall_64_p468,E:\Data\fall\s1_64\ROIs1970_fall_s1_64_p468.png,E:\Data\fall\s2_64\ROIs1970_fall_s2_64_p468.png,False,water_like,29.497482,42.39545,0.380642,55.187057,39.700107,E:\Data\fall\s1_64\ROIs1970_fall_s1_64_p468.png,E:\Data\fall\s2_64\ROIs1970_fall_s2_64_p468.png
winter,ROIs2017_winter_3_p108,E:\Data\winter\s1_3\ROIs2017_winter_s1_3_p108.png,E:\Data\winter\s2_3\ROIs2017_winter_s2_3_p108.png,False,low_texture,13.373352,24.784658,0.228733,34.298752,44.979741,E:\Data\winter\s1_3\ROIs2017_winter_s1_3_p108.png,E:\Data\winter\s2_3\ROIs2017_winter_s2_3_p108.png
fall,ROIs1970_fall_10_p819,E:\Data\fall\s1_10\ROIs1970_fall_s1_10_p819.png,E:\Data\fall\s2_10\ROIs1970_fall_s2_10_p819.png,False,water_like,20.866409,20.958632,0.97309,47.415604,38.656689,E:\Data\fall\s1_10\ROIs1970_fall_s1_10_p819.png,E:\Data\fall\s2_10\ROIs1970_fall_s2_10_p819.png
spring,ROIs1158_spring_54_p827,E:\Data\spring\s1_54\ROIs1158_spring_s1_54_p827.png,E:\Data\spring\s2_54\ROIs1158_spring_s2_54_p827.png,False,water_like,42.518921,33.39385,0.84375,54.424438,51.532436,E:\Data\spring\s1_54\ROIs1158_spring_s1_54_p827.png,E:\Data\spring\s2_54\ROIs1158_spring_s2_54_p827.png
summer,ROIs1868_summer_132_p108,E:\Data\summer\s1_132\ROIs1868_summer_s1_132_p108.png,E:\Data\summer\s2_132\ROIs1868_summer_s2_132_p108.png,False,low_texture,10.86026,13.224294,0.0,64.395325,40.567525,E:\Data\summer\s1_132\ROIs1868_summer_s1_132_p108.png,E:\Data\summer\s2_132\ROIs1868_summer_s2_132_p108.png
summer,ROIs1868_summer_106_p188,E:\Data\summer\s1_106\ROIs1868_summer_s1_106_p188.png,E:\Data\summer\s2_106\ROIs1868_summer_s2_106_p188.png,False,low_texture,11.925751,24.006474,0.0,55.716599,44.746468,E:\Data\summer\s1_106\ROIs1868_summer_s1_106_p188.png,E:\Data\summer\s2_106\ROIs1868_summer_s2_106_p188.png
summer,ROIs1868_summer_41_p202,E:\Data\summer\s1_41\ROIs1868_summer_s1_41_p202.png,E:\Data\summer\s2_41\ROIs1868_summer_s2_41_p202.png,False,water_like,38.034225,73.76114,0.698351,35.838165,85.8542,E:\Data\summer\s1_41\ROIs1868_summer_s1_41_p202.png,E:\Data\summer\s2_41\ROIs1868_summer_s2_41_p202.png
winter,ROIs2017_winter_51_p50,E:\Data\winter\s1_51\ROIs2017_winter_s1_51_p50.png,E:\Data\winter\s2_51\ROIs2017_winter_s2_51_p50.png,False,water_like,44.35585,54.142034,0.583333,33.529953,30.683836,E:\Data\winter\s1_51\ROIs2017_winter_s1_51_p50.png,E:\Data\winter\s2_51\ROIs2017_winter_s2_51_p50.png
summer,ROIs1868_summer_88_p1953,E:\Data\summer\s1_88\ROIs1868_summer_s1_88_p1953.png,E:\Data\summer\s2_88\ROIs1868_summer_s2_88_p1953.png,False,low_texture,5.874496,8.920827,0.0,41.122482,41.4858,E:\Data\summer\s1_88\ROIs1868_summer_s1_88_p1953.png,E:\Data\summer\s2_88\ROIs1868_summer_s2_88_p1953.png
winter,ROIs2017_winter_84_p388,E:\Data\winter\s1_84\ROIs2017_winter_s1_84_p388.png,E:\Data\winter\s2_84\ROIs2017_winter_s2_84_p388.png,False,low_texture,13.248871,23.979902,0.0,66.287949,46.137371,E:\Data\winter\s1_84\ROIs2017_winter_s1_84_p388.png,E:\Data\winter\s2_84\ROIs2017_winter_s2_84_p388.png
summer,ROIs1868_summer_135_p13,E:\Data\summer\s1_135\ROIs1868_summer_s1_135_p13.png,E:\Data\summer\s2_135\ROIs1868_summer_s2_135_p13.png,False,low_texture,40.810226,17.963723,0.0,67.39444,45.446441,E:\Data\summer\s1_135\ROIs1868_summer_s1_135_p13.png,E:\Data\summer\s2_135\ROIs1868_summer_s2_135_p13.png
fall,ROIs1970_fall_139_p1641,E:\Data\fall\s1_139\ROIs1970_fall_s1_139_p1641.png,E:\Data\fall\s2_139\ROIs1970_fall_s2_139_p1641.png,False,water_like,23.380386,26.983681,0.61849,32.164917,59.205134,E:\Data\fall\s1_139\ROIs1970_fall_s1_139_p1641.png,E:\Data\fall\s2_139\ROIs1970_fall_s2_139_p1641.png
winter,winter_img_temperate_p5177,E:\Data\winter\s1_170\winter_img_temperate_p5177.png,E:\Data\winter\s2_170\winter_img_temperate_p5177.png,False,low_texture,11.319427,7.510614,0.0,13.934601,14.399842,E:\Data\winter\s1_170\winter_img_temperate_p5177.png,E:\Data\winter\s2_170\winter_img_temperate_p5177.png
winter,winter_img_temperate_p8781,E:\Data\winter\s1_170\winter_img_temperate_p8781.png,E:\Data\winter\s2_170\winter_img_temperate_p8781.png,False,low_texture;sar_low_texture,16.690964,15.443774,0.0,4.839615,5.424162,E:\Data\winter\s1_170\winter_img_temperate_p8781.png,E:\Data\winter\s2_170\winter_img_temperate_p8781.png
winter,ROIs2017_winter_77_p694,E:\Data\winter\s1_77\ROIs2017_winter_s1_77_p694.png,E:\Data\winter\s2_77\ROIs2017_winter_s2_77_p694.png,False,low_texture,7.232376,12.129714,0.0,38.470535,36.430474,E:\Data\winter\s1_77\ROIs2017_winter_s1_77_p694.png,E:\Data\winter\s2_77\ROIs2017_winter_s2_77_p694.png
summer,ROIs1868_summer_41_p880,E:\Data\summer\s1_41\ROIs1868_summer_s1_41_p880.png,E:\Data\summer\s2_41\ROIs1868_summer_s2_41_p880.png,False,low_texture,13.512161,23.154409,0.0,31.252472,30.297249,E:\Data\summer\s1_41\ROIs1868_summer_s1_41_p880.png,E:\Data\summer\s2_41\ROIs1868_summer_s2_41_p880.png
fall,ROIs1970_fall_106_p814,E:\Data\fall\s1_106\ROIs1970_fall_s1_106_p814.png,E:\Data\fall\s2_106\ROIs1970_fall_s2_106_p814.png,False,low_texture;water_like,10.918884,14.977156,0.66276,45.765884,33.87369,E:\Data\fall\s1_106\ROIs1970_fall_s1_106_p814.png,E:\Data\fall\s2_106\ROIs1970_fall_s2_106_p814.png
winter,ROIs2017_winter_51_p234,E:\Data\winter\s1_51\ROIs2017_winter_s1_51_p234.png,E:\Data\winter\s2_51\ROIs2017_winter_s2_51_p234.png,False,water_like,26.559692,36.291704,0.582465,32.406815,40.479649,E:\Data\winter\s1_51\ROIs2017_winter_s1_51_p234.png,E:\Data\winter\s2_51\ROIs2017_winter_s2_51_p234.png
winter,ROIs2017_winter_46_p529,E:\Data\winter\s1_46\ROIs2017_winter_s1_46_p529.png,E:\Data\winter\s2_46\ROIs2017_winter_s2_46_p529.png,False,water_like,34.372025,36.882056,0.540365,45.511856,53.276448,E:\Data\winter\s1_46\ROIs2017_winter_s1_46_p529.png,E:\Data\winter\s2_46\ROIs2017_winter_s2_46_p529.png
spring,ROIs1158_spring_2_p808,E:\Data\spring\s1_2\ROIs1158_spring_s1_2_p808.png,E:\Data\spring\s2_2\ROIs1158_spring_s2_2_p808.png,False,water_like,34.18631,43.305375,0.487847,52.837799,52.474229,E:\Data\spring\s1_2\ROIs1158_spring_s1_2_p808.png,E:\Data\spring\s2_2\ROIs1158_spring_s2_2_p808.png
summer,ROIs1868_summer_41_p347,E:\Data\summer\s1_41\ROIs1868_summer_s1_41_p347.png,E:\Data\summer\s2_41\ROIs1868_summer_s2_41_p347.png,False,low_texture,3.701981,2.183021,0.0,31.392197,21.563759,E:\Data\summer\s1_41\ROIs1868_summer_s1_41_p347.png,E:\Data\summer\s2_41\ROIs1868_summer_s2_41_p347.png
summer,summer_img_temperate_p737,E:\Data\summer\s1_160\summer_img_temperate_p737.png,E:\Data\summer\s2_160\summer_img_temperate_p737.png,False,sar_low_texture,14.652863,18.246552,0.0,4.809692,5.997324,E:\Data\summer\s1_160\summer_img_temperate_p737.png,E:\Data\summer\s2_160\summer_img_temperate_p737.png
fall,ROIs1970_fall_116_p1235,E:\Data\fall\s1_116\ROIs1970_fall_s1_116_p1235.png,E:\Data\fall\s2_116\ROIs1970_fall_s2_116_p1235.png,False,water_like,16.419632,49.884886,0.501302,36.363113,46.324272,E:\Data\fall\s1_116\ROIs1970_fall_s1_116_p1235.png,E:\Data\fall\s2_116\ROIs1970_fall_s2_116_p1235.png
fall,fall_img_temperate_p2166,E:\Data\fall\s1_150\fall_img_temperate_p2166.png,E:\Data\fall\s2_150\fall_img_temperate_p2166.png,False,low_texture,13.711273,11.118072,0.0,7.640198,4.566628,E:\Data\fall\s1_150\fall_img_temperate_p2166.png,E:\Data\fall\s2_150\fall_img_temperate_p2166.png
winter,ROIs2017_winter_34_p1240,E:\Data\winter\s1_34\ROIs2017_winter_s1_34_p1240.png,E:\Data\winter\s2_34\ROIs2017_winter_s2_34_p1240.png,False,low_texture,11.057007,14.458411,0.0,36.208786,26.069644,E:\Data\winter\s1_34\ROIs2017_winter_s1_34_p1240.png,E:\Data\winter\s2_34\ROIs2017_winter_s2_34_p1240.png
spring,ROIs1158_spring_86_p37,E:\Data\spring\s1_86\ROIs1158_spring_s1_86_p37.png,E:\Data\spring\s2_86\ROIs1158_spring_s2_86_p37.png,False,water_like,21.895508,28.504194,0.999566,47.414169,46.983362,E:\Data\spring\s1_86\ROIs1158_spring_s1_86_p37.png,E:\Data\spring\s2_86\ROIs1158_spring_s2_86_p37.png
winter,ROIs2017_winter_33_p428,E:\Data\winter\s1_33\ROIs2017_winter_s1_33_p428.png,E:\Data\winter\s2_33\ROIs2017_winter_s2_33_p428.png,False,low_texture,10.497879,52.886998,0.00651,56.222351,40.296462,E:\Data\winter\s1_33\ROIs2017_winter_s1_33_p428.png,E:\Data\winter\s2_33\ROIs2017_winter_s2_33_p428.png
summer,ROIs1868_summer_115_p778,E:\Data\summer\s1_115\ROIs1868_summer_s1_115_p778.png,E:\Data\summer\s2_115\ROIs1868_summer_s2_115_p778.png,False,low_texture,10.712921,24.524102,0.186632,43.195129,37.861176,E:\Data\summer\s1_115\ROIs1868_summer_s1_115_p778.png,E:\Data\summer\s2_115\ROIs1868_summer_s2_115_p778.png
summer,ROIs1868_summer_47_p966,E:\Data\summer\s1_47\ROIs1868_summer_s1_47_p966.png,E:\Data\summer\s2_47\ROIs1868_summer_s2_47_p966.png,False,water_like,15.140228,21.410883,0.993924,44.257278,32.142461,E:\Data\summer\s1_47\ROIs1868_summer_s1_47_p966.png,E:\Data\summer\s2_47\ROIs1868_summer_s2_47_p966.png
fall,fall_img_temperate_p2657,E:\Data\fall\s1_150\fall_img_temperate_p2657.png,E:\Data\fall\s2_150\fall_img_temperate_p2657.png,False,low_texture,17.520264,10.164756,0.0,7.884628,5.878028,E:\Data\fall\s1_150\fall_img_temperate_p2657.png,E:\Data\fall\s2_150\fall_img_temperate_p2657.png
winter,ROIs2017_winter_10_p366,E:\Data\winter\s1_10\ROIs2017_winter_s1_10_p366.png,E:\Data\winter\s2_10\ROIs2017_winter_s2_10_p366.png,False,water_like,33.218903,40.920714,0.394097,48.685455,55.942952,E:\Data\winter\s1_10\ROIs2017_winter_s1_10_p366.png,E:\Data\winter\s2_10\ROIs2017_winter_s2_10_p366.png
fall,ROIs1970_fall_138_p347,E:\Data\fall\s1_138\ROIs1970_fall_s1_138_p347.png,E:\Data\fall\s2_138\ROIs1970_fall_s2_138_p347.png,False,low_texture,11.752701,6.978498,0.006944,50.914291,51.463397,E:\Data\fall\s1_138\ROIs1970_fall_s1_138_p347.png,E:\Data\fall\s2_138\ROIs1970_fall_s2_138_p347.png
winter,winter_img_temperate_p7167,E:\Data\winter\s1_170\winter_img_temperate_p7167.png,E:\Data\winter\s2_170\winter_img_temperate_p7167.png,False,low_texture,16.495041,15.644427,0.0,5.174103,6.826268,E:\Data\winter\s1_170\winter_img_temperate_p7167.png,E:\Data\winter\s2_170\winter_img_temperate_p7167.png
fall,ROIs1970_fall_109_p737,E:\Data\fall\s1_109\ROIs1970_fall_s1_109_p737.png,E:\Data\fall\s2_109\ROIs1970_fall_s2_109_p737.png,False,low_texture;water_like,13.347549,51.937301,0.542101,50.443283,42.234722,E:\Data\fall\s1_109\ROIs1970_fall_s1_109_p737.png,E:\Data\fall\s2_109\ROIs1970_fall_s2_109_p737.png
summer,ROIs1868_summer_4_p511,E:\Data\summer\s1_4\ROIs1868_summer_s1_4_p511.png,E:\Data\summer\s2_4\ROIs1868_summer_s2_4_p511.png,False,low_texture,12.238571,4.619325,0.0,38.796326,24.66262,E:\Data\summer\s1_4\ROIs1868_summer_s1_4_p511.png,E:\Data\summer\s2_4\ROIs1868_summer_s2_4_p511.png
fall,ROIs1970_fall_116_p1168,E:\Data\fall\s1_116\ROIs1970_fall_s1_116_p1168.png,E:\Data\fall\s2_116\ROIs1970_fall_s2_116_p1168.png,False,low_texture,9.514542,68.48231,0.071181,38.653564,41.530603,E:\Data\fall\s1_116\ROIs1970_fall_s1_116_p1168.png,E:\Data\fall\s2_116\ROIs1970_fall_s2_116_p1168.png
spring,spring_img_temperate_p483,E:\Data\spring\s1_155\spring_img_temperate_p483.png,E:\Data\spring\s2_155\spring_img_temperate_p483.png,False,low_texture,17.383774,13.627362,0.0,16.883347,14.284094,E:\Data\spring\s1_155\spring_img_temperate_p483.png,E:\Data\spring\s2_155\spring_img_temperate_p483.png
winter,winter_img_temperate_p5905,E:\Data\winter\s1_170\winter_img_temperate_p5905.png,E:\Data\winter\s2_170\winter_img_temperate_p5905.png,False,low_texture,20.072464,16.134478,0.0,7.102661,7.421141,E:\Data\winter\s1_170\winter_img_temperate_p5905.png,E:\Data\winter\s2_170\winter_img_temperate_p5905.png
spring,ROIs1158_spring_86_p196,E:\Data\spring\s1_86\ROIs1158_spring_s1_86_p196.png,E:\Data\spring\s2_86\ROIs1158_spring_s2_86_p196.png,False,water_like,27.358017,32.975438,0.99783,46.561188,51.862506,E:\Data\spring\s1_86\ROIs1158_spring_s1_86_p196.png,E:\Data\spring\s2_86\ROIs1158_spring_s2_86_p196.png
winter,ROIs2017_winter_2_p282,E:\Data\winter\s1_2\ROIs2017_winter_s1_2_p282.png,E:\Data\winter\s2_2\ROIs2017_winter_s2_2_p282.png,False,low_texture,12.360031,13.893943,0.0,69.274765,47.881904,E:\Data\winter\s1_2\ROIs2017_winter_s1_2_p282.png,E:\Data\winter\s2_2\ROIs2017_winter_s2_2_p282.png
fall,ROIs1970_fall_141_p701,E:\Data\fall\s1_141\ROIs1970_fall_s1_141_p701.png,E:\Data\fall\s2_141\ROIs1970_fall_s2_141_p701.png,False,water_like,21.592728,31.572807,0.654514,73.670425,50.455971,E:\Data\fall\s1_141\ROIs1970_fall_s1_141_p701.png,E:\Data\fall\s2_141\ROIs1970_fall_s2_141_p701.png
fall,fall_img_temperate_p2789,E:\Data\fall\s1_150\fall_img_temperate_p2789.png,E:\Data\fall\s2_150\fall_img_temperate_p2789.png,False,low_texture,18.092987,10.35432,0.0,10.185059,5.143426,E:\Data\fall\s1_150\fall_img_temperate_p2789.png,E:\Data\fall\s2_150\fall_img_temperate_p2789.png
spring,ROIs1158_spring_40_p458,E:\Data\spring\s1_40\ROIs1158_spring_s1_40_p458.png,E:\Data\spring\s2_40\ROIs1158_spring_s2_40_p458.png,False,low_texture,9.050446,14.877812,0.000868,33.415329,29.170927,E:\Data\spring\s1_40\ROIs1158_spring_s1_40_p458.png,E:\Data\spring\s2_40\ROIs1158_spring_s2_40_p458.png
fall,fall_img_temperate_p2731,E:\Data\fall\s1_150\fall_img_temperate_p2731.png,E:\Data\fall\s2_150\fall_img_temperate_p2731.png,False,low_texture;sar_low_texture,18.494751,10.12442,0.0,6.154221,3.658134,E:\Data\fall\s1_150\fall_img_temperate_p2731.png,E:\Data\fall\s2_150\fall_img_temperate_p2731.png
winter,ROIs2017_winter_13_p511,E:\Data\winter\s1_13\ROIs2017_winter_s1_13_p511.png,E:\Data\winter\s2_13\ROIs2017_winter_s2_13_p511.png,False,water_like,45.871994,36.798838,0.939236,51.120483,48.080507,E:\Data\winter\s1_13\ROIs2017_winter_s1_13_p511.png,E:\Data\winter\s2_13\ROIs2017_winter_s2_13_p511.png
spring,ROIs1158_spring_59_p229,E:\Data\spring\s1_59\ROIs1158_spring_s1_59_p229.png,E:\Data\spring\s2_59\ROIs1158_spring_s2_59_p229.png,False,water_like,19.691589,20.777063,0.988281,63.797043,54.537501,E:\Data\spring\s1_59\ROIs1158_spring_s1_59_p229.png,E:\Data\spring\s2_59\ROIs1158_spring_s2_59_p229.png
summer,ROIs1868_summer_115_p8,E:\Data\summer\s1_115\ROIs1868_summer_s1_115_p8.png,E:\Data\summer\s2_115\ROIs1868_summer_s2_115_p8.png,False,low_texture;water_like,10.13588,11.032851,0.464844,47.347,35.10366,E:\Data\summer\s1_115\ROIs1868_summer_s1_115_p8.png,E:\Data\summer\s2_115\ROIs1868_summer_s2_115_p8.png
winter,ROIs2017_winter_101_p282,E:\Data\winter\s1_101\ROIs2017_winter_s1_101_p282.png,E:\Data\winter\s2_101\ROIs2017_winter_s2_101_p282.png,False,low_texture,12.75795,26.958278,0.0,50.276443,40.553091,E:\Data\winter\s1_101\ROIs2017_winter_s1_101_p282.png,E:\Data\winter\s2_101\ROIs2017_winter_s2_101_p282.png
fall,fall_img_tropical_p10824,E:\Data\fall\s1_150\fall_img_tropical_p10824.png,E:\Data\fall\s2_150\fall_img_tropical_p10824.png,False,low_texture,4.480438,4.136985,0.0,10.498535,11.653879,E:\Data\fall\s1_150\fall_img_tropical_p10824.png,E:\Data\fall\s2_150\fall_img_tropical_p10824.png
fall,fall_img_tropical_p8821,E:\Data\fall\s1_150\fall_img_tropical_p8821.png,E:\Data\fall\s2_150\fall_img_tropical_p8821.png,False,low_texture,6.555267,9.29892,0.0,31.716446,22.225963,E:\Data\fall\s1_150\fall_img_tropical_p8821.png,E:\Data\fall\s2_150\fall_img_tropical_p8821.png
summer,ROIs1868_summer_88_p1590,E:\Data\summer\s1_88\ROIs1868_summer_s1_88_p1590.png,E:\Data\summer\s2_88\ROIs1868_summer_s2_88_p1590.png,False,low_texture,6.612305,8.267784,0.0,40.768661,39.808349,E:\Data\summer\s1_88\ROIs1868_summer_s1_88_p1590.png,E:\Data\summer\s2_88\ROIs1868_summer_s2_88_p1590.png
fall,fall_img_temperate_p4203,E:\Data\fall\s1_150\fall_img_temperate_p4203.png,E:\Data\fall\s2_150\fall_img_temperate_p4203.png,False,low_texture;sar_low_texture,3.284302,0.967368,0.0,4.920258,2.271456,E:\Data\fall\s1_150\fall_img_temperate_p4203.png,E:\Data\fall\s2_150\fall_img_temperate_p4203.png
winter,ROIs2017_winter_77_p582,E:\Data\winter\s1_77\ROIs2017_winter_s1_77_p582.png,E:\Data\winter\s2_77\ROIs2017_winter_s2_77_p582.png,False,low_texture,8.031158,15.119425,0.0,33.977112,25.541956,E:\Data\winter\s1_77\ROIs2017_winter_s1_77_p582.png,E:\Data\winter\s2_77\ROIs2017_winter_s2_77_p582.png
summer,ROIs1868_summer_132_p205,E:\Data\summer\s1_132\ROIs1868_summer_s1_132_p205.png,E:\Data\summer\s2_132\ROIs1868_summer_s2_132_p205.png,False,low_texture,13.241974,19.182884,0.0,60.635269,44.552292,E:\Data\summer\s1_132\ROIs1868_summer_s1_132_p205.png,E:\Data\summer\s2_132\ROIs1868_summer_s2_132_p205.png
summer,ROIs1868_summer_88_p1941,E:\Data\summer\s1_88\ROIs1868_summer_s1_88_p1941.png,E:\Data\summer\s2_88\ROIs1868_summer_s2_88_p1941.png,False,low_texture,8.233292,9.566856,0.0,41.220963,31.814849,E:\Data\summer\s1_88\ROIs1868_summer_s1_88_p1941.png,E:\Data\summer\s2_88\ROIs1868_summer_s2_88_p1941.png
fall,fall_img_tropical_p10881,E:\Data\fall\s1_150\fall_img_tropical_p10881.png,E:\Data\fall\s2_150\fall_img_tropical_p10881.png,False,low_texture,7.205231,5.542169,0.0,15.886902,15.306545,E:\Data\fall\s1_150\fall_img_tropical_p10881.png,E:\Data\fall\s2_150\fall_img_tropical_p10881.png
summer,ROIs1868_summer_127_p1558,E:\Data\summer\s1_127\ROIs1868_summer_s1_127_p1558.png,E:\Data\summer\s2_127\ROIs1868_summer_s2_127_p1558.png,False,low_texture,11.899109,29.611439,0.003906,40.921478,56.888345,E:\Data\summer\s1_127\ROIs1868_summer_s1_127_p1558.png,E:\Data\summer\s2_127\ROIs1868_summer_s2_127_p1558.png
fall,fall_img_temperate_p2995,E:\Data\fall\s1_150\fall_img_temperate_p2995.png,E:\Data\fall\s2_150\fall_img_temperate_p2995.png,False,low_texture;sar_low_texture,27.020493,9.148425,0.0,7.806778,3.612605,E:\Data\fall\s1_150\fall_img_temperate_p2995.png,E:\Data\fall\s2_150\fall_img_temperate_p2995.png
winter,winter_img_temperate_p3282,E:\Data\winter\s1_170\winter_img_temperate_p3282.png,E:\Data\winter\s2_170\winter_img_temperate_p3282.png,False,low_texture;sar_low_texture,15.166122,12.387809,0.0,4.123276,4.175162,E:\Data\winter\s1_170\winter_img_temperate_p3282.png,E:\Data\winter\s2_170\winter_img_temperate_p3282.png
fall,ROIs1970_fall_116_p268,E:\Data\fall\s1_116\ROIs1970_fall_s1_116_p268.png,E:\Data\fall\s2_116\ROIs1970_fall_s2_116_p268.png,False,water_like,19.644333,48.82561,0.425781,35.735825,53.075794,E:\Data\fall\s1_116\ROIs1970_fall_s1_116_p268.png,E:\Data\fall\s2_116\ROIs1970_fall_s2_116_p268.png
summer,ROIs1868_summer_4_p1093,E:\Data\summer\s1_4\ROIs1868_summer_s1_4_p1093.png,E:\Data\summer\s2_4\ROIs1868_summer_s2_4_p1093.png,False,low_texture,11.349167,8.68878,0.12283,37.61763,23.376449,E:\Data\summer\s1_4\ROIs1868_summer_s1_4_p1093.png,E:\Data\summer\s2_4\ROIs1868_summer_s2_4_p1093.png
fall,ROIs1970_fall_129_p1562,E:\Data\fall\s1_129\ROIs1970_fall_s1_129_p1562.png,E:\Data\fall\s2_129\ROIs1970_fall_s2_129_p1562.png,False,low_texture;water_like,5.240219,8.857531,1.0,56.485046,47.256466,E:\Data\fall\s1_129\ROIs1970_fall_s1_129_p1562.png,E:\Data\fall\s2_129\ROIs1970_fall_s2_129_p1562.png
spring,ROIs1158_spring_35_p198,E:\Data\spring\s1_35\ROIs1158_spring_s1_35_p198.png,E:\Data\spring\s2_35\ROIs1158_spring_s2_35_p198.png,False,low_texture,7.73468,14.490014,0.0,40.454926,50.542445,E:\Data\spring\s1_35\ROIs1158_spring_s1_35_p198.png,E:\Data\spring\s2_35\ROIs1158_spring_s2_35_p198.png
summer,ROIs1868_summer_58_p382,E:\Data\summer\s1_58\ROIs1868_summer_s1_58_p382.png,E:\Data\summer\s2_58\ROIs1868_summer_s2_58_p382.png,False,water_like,25.458344,46.598199,0.684462,43.404663,29.833641,E:\Data\summer\s1_58\ROIs1868_summer_s1_58_p382.png,E:\Data\summer\s2_58\ROIs1868_summer_s2_58_p382.png
summer,ROIs1868_summer_135_p642,E:\Data\summer\s1_135\ROIs1868_summer_s1_135_p642.png,E:\Data\summer\s2_135\ROIs1868_summer_s2_135_p642.png,False,low_texture,34.930573,15.450545,0.0,63.968704,41.011528,E:\Data\summer\s1_135\ROIs1868_summer_s1_135_p642.png,E:\Data\summer\s2_135\ROIs1868_summer_s2_135_p642.png
winter,ROIs2017_winter_146_p922,E:\Data\winter\s1_146\ROIs2017_winter_s1_146_p922.png,E:\Data\winter\s2_146\ROIs2017_winter_s2_146_p922.png,False,water_like,17.98465,44.862581,0.47092,61.315567,48.45818,E:\Data\winter\s1_146\ROIs2017_winter_s1_146_p922.png,E:\Data\winter\s2_146\ROIs2017_winter_s2_146_p922.png
winter,winter_img_temperate_p10729,E:\Data\winter\s1_170\winter_img_temperate_p10729.png,E:\Data\winter\s2_170\winter_img_temperate_p10729.png,False,low_texture,12.243759,13.591379,0.0,14.758163,17.657788,E:\Data\winter\s1_170\winter_img_temperate_p10729.png,E:\Data\winter\s2_170\winter_img_temperate_p10729.png
winter,ROIs2017_winter_8_p1394,E:\Data\winter\s1_8\ROIs2017_winter_s1_8_p1394.png,E:\Data\winter\s2_8\ROIs2017_winter_s2_8_p1394.png,False,water_like,26.1922,83.486615,0.364149,46.479355,48.419442,E:\Data\winter\s1_8\ROIs2017_winter_s1_8_p1394.png,E:\Data\winter\s2_8\ROIs2017_winter_s2_8_p1394.png
summer,summer_img_temperate_p1184,E:\Data\summer\s1_160\summer_img_temperate_p1184.png,E:\Data\summer\s2_160\summer_img_temperate_p1184.png,False,low_texture,12.820923,10.42835,0.0,6.602173,4.630705,E:\Data\summer\s1_160\summer_img_temperate_p1184.png,E:\Data\summer\s2_160\summer_img_temperate_p1184.png
fall,ROIs1970_fall_73_p1072,E:\Data\fall\s1_73\ROIs1970_fall_s1_73_p1072.png,E:\Data\fall\s2_73\ROIs1970_fall_s2_73_p1072.png,False,water_like,31.146484,47.828851,0.494358,43.511597,40.314626,E:\Data\fall\s1_73\ROIs1970_fall_s1_73_p1072.png,E:\Data\fall\s2_73\ROIs1970_fall_s2_73_p1072.png
summer,summer_img_temperate_p5664,E:\Data\summer\s1_160\summer_img_temperate_p5664.png,E:\Data\summer\s2_160\summer_img_temperate_p5664.png,False,low_texture,17.635132,14.069567,0.0,14.555496,10.842728,E:\Data\summer\s1_160\summer_img_temperate_p5664.png,E:\Data\summer\s2_160\summer_img_temperate_p5664.png
fall,fall_img_tropical_p8431,E:\Data\fall\s1_150\fall_img_tropical_p8431.png,E:\Data\fall\s2_150\fall_img_tropical_p8431.png,False,low_texture,4.90921,2.795319,0.0,34.255188,15.65998,E:\Data\fall\s1_150\fall_img_tropical_p8431.png,E:\Data\fall\s2_150\fall_img_tropical_p8431.png
spring,ROIs1158_spring_145_p130,E:\Data\spring\s1_145\ROIs1158_spring_s1_145_p130.png,E:\Data\spring\s2_145\ROIs1158_spring_s2_145_p130.png,False,water_like,34.635666,39.970604,0.520399,60.295898,48.365613,E:\Data\spring\s1_145\ROIs1158_spring_s1_145_p130.png,E:\Data\spring\s2_145\ROIs1158_spring_s2_145_p130.png
spring,ROIs1158_spring_64_p483,E:\Data\spring\s1_64\ROIs1158_spring_s1_64_p483.png,E:\Data\spring\s2_64\ROIs1158_spring_s2_64_p483.png,False,low_texture,13.256927,15.177637,0.0,34.900742,20.896584,E:\Data\spring\s1_64\ROIs1158_spring_s1_64_p483.png,E:\Data\spring\s2_64\ROIs1158_spring_s2_64_p483.png
fall,fall_img_temperate_p1194,E:\Data\fall\s1_150\fall_img_temperate_p1194.png,E:\Data\fall\s2_150\fall_img_temperate_p1194.png,False,low_texture,13.838303,14.528337,0.0,6.260605,7.868909,E:\Data\fall\s1_150\fall_img_temperate_p1194.png,E:\Data\fall\s2_150\fall_img_temperate_p1194.png
summer,ROIs1868_summer_58_p249,E:\Data\summer\s1_58\ROIs1868_summer_s1_58_p249.png,E:\Data\summer\s2_58\ROIs1868_summer_s2_58_p249.png,False,low_texture,30.844345,17.02419,0.003906,46.992737,29.622995,E:\Data\summer\s1_58\ROIs1868_summer_s1_58_p249.png,E:\Data\summer\s2_58\ROIs1868_summer_s2_58_p249.png
spring,ROIs1158_spring_101_p2177,E:\Data\spring\s1_101\ROIs1158_spring_s1_101_p2177.png,E:\Data\spring\s2_101\ROIs1158_spring_s2_101_p2177.png,False,water_like,20.692673,26.696749,0.375868,61.77713,45.87294,E:\Data\spring\s1_101\ROIs1158_spring_s1_101_p2177.png,E:\Data\spring\s2_101\ROIs1158_spring_s2_101_p2177.png
winter,ROIs2017_winter_101_p1458,E:\Data\winter\s1_101\ROIs2017_winter_s1_101_p1458.png,E:\Data\winter\s2_101\ROIs2017_winter_s2_101_p1458.png,False,low_texture;water_like,12.560318,31.623665,0.652778,53.064392,41.932607,E:\Data\winter\s1_101\ROIs2017_winter_s1_101_p1458.png,E:\Data\winter\s2_101\ROIs2017_winter_s2_101_p1458.png
fall,fall_img_temperate_p2140,E:\Data\fall\s1_150\fall_img_temperate_p2140.png,E:\Data\fall\s2_150\fall_img_temperate_p2140.png,False,low_texture,10.349243,8.764535,0.0,10.695099,6.610058,E:\Data\fall\s1_150\fall_img_temperate_p2140.png,E:\Data\fall\s2_150\fall_img_temperate_p2140.png
fall,fall_img_tropical_p6192,E:\Data\fall\s1_150\fall_img_tropical_p6192.png,E:\Data\fall\s2_150\fall_img_tropical_p6192.png,False,low_texture,7.077515,3.135489,0.0,32.617859,14.136728,E:\Data\fall\s1_150\fall_img_tropical_p6192.png,E:\Data\fall\s2_150\fall_img_tropical_p6192.png
summer,ROIs1868_summer_90_p420,E:\Data\summer\s1_90\ROIs1868_summer_s1_90_p420.png,E:\Data\summer\s2_90\ROIs1868_summer_s2_90_p420.png,False,low_texture,1.55481,0.810372,0.0,50.17041,36.11745,E:\Data\summer\s1_90\ROIs1868_summer_s1_90_p420.png,E:\Data\summer\s2_90\ROIs1868_summer_s2_90_p420.png
spring,ROIs1158_spring_65_p1603,E:\Data\spring\s1_65\ROIs1158_spring_s1_65_p1603.png,E:\Data\spring\s2_65\ROIs1158_spring_s2_65_p1603.png,False,low_texture,8.923782,17.288832,0.0,63.572495,59.919387,E:\Data\spring\s1_65\ROIs1158_spring_s1_65_p1603.png,E:\Data\spring\s2_65\ROIs1158_spring_s2_65_p1603.png
summer,ROIs1868_summer_121_p502,E:\Data\summer\s1_121\ROIs1868_summer_s1_121_p502.png,E:\Data\summer\s2_121\ROIs1868_summer_s2_121_p502.png,False,water_like,32.391846,27.523377,0.671875,68.413971,51.270647,E:\Data\summer\s1_121\ROIs1868_summer_s1_121_p502.png,E:\Data\summer\s2_121\ROIs1868_summer_s2_121_p502.png
fall,fall_img_tropical_p11839,E:\Data\fall\s1_150\fall_img_tropical_p11839.png,E:\Data\fall\s2_150\fall_img_tropical_p11839.png,False,low_texture,9.131165,6.558996,0.0,25.350082,16.203437,E:\Data\fall\s1_150\fall_img_tropical_p11839.png,E:\Data\fall\s2_150\fall_img_tropical_p11839.png
summer,ROIs1868_summer_127_p533,E:\Data\summer\s1_127\ROIs1868_summer_s1_127_p533.png,E:\Data\summer\s2_127\ROIs1868_summer_s2_127_p533.png,False,low_texture,17.233063,16.792996,0.0,43.669907,34.082257,E:\Data\summer\s1_127\ROIs1868_summer_s1_127_p533.png,E:\Data\summer\s2_127\ROIs1868_summer_s2_127_p533.png
summer,ROIs1868_summer_88_p2213,E:\Data\summer\s1_88\ROIs1868_summer_s1_88_p2213.png,E:\Data\summer\s2_88\ROIs1868_summer_s2_88_p2213.png,False,low_texture,6.849411,6.694896,0.0,41.291367,28.0155,E:\Data\summer\s1_88\ROIs1868_summer_s1_88_p2213.png,E:\Data\summer\s2_88\ROIs1868_summer_s2_88_p2213.png
summer,ROIs1868_summer_61_p207,E:\Data\summer\s1_61\ROIs1868_summer_s1_61_p207.png,E:\Data\summer\s2_61\ROIs1868_summer_s2_61_p207.png,False,low_texture,13.688705,18.12932,0.000434,74.107468,48.404748,E:\Data\summer\s1_61\ROIs1868_summer_s1_61_p207.png,E:\Data\summer\s2_61\ROIs1868_summer_s2_61_p207.png
fall,ROIs1970_fall_50_p972,E:\Data\fall\s1_50\ROIs1970_fall_s1_50_p972.png,E:\Data\fall\s2_50\ROIs1970_fall_s2_50_p972.png,False,low_texture,15.760071,16.644088,0.0,39.726425,35.079813,E:\Data\fall\s1_50\ROIs1970_fall_s1_50_p972.png,E:\Data\fall\s2_50\ROIs1970_fall_s2_50_p972.png
winter,ROIs2017_winter_9_p40,E:\Data\winter\s1_9\ROIs2017_winter_s1_9_p40.png,E:\Data\winter\s2_9\ROIs2017_winter_s2_9_p40.png,False,low_texture,11.099533,15.974076,0.00217,43.151154,40.408334,E:\Data\winter\s1_9\ROIs2017_winter_s1_9_p40.png,E:\Data\winter\s2_9\ROIs2017_winter_s2_9_p40.png
fall,ROIs1970_fall_134_p766,E:\Data\fall\s1_134\ROIs1970_fall_s1_134_p766.png,E:\Data\fall\s2_134\ROIs1970_fall_s2_134_p766.png,False,water_like,37.398727,37.792748,0.541667,51.852493,47.606401,E:\Data\fall\s1_134\ROIs1970_fall_s1_134_p766.png,E:\Data\fall\s2_134\ROIs1970_fall_s2_134_p766.png
winter,ROIs2017_winter_146_p1763,E:\Data\winter\s1_146\ROIs2017_winter_s1_146_p1763.png,E:\Data\winter\s2_146\ROIs2017_winter_s2_146_p1763.png,False,low_texture;water_like,10.094635,39.249601,0.780816,61.164093,45.432711,E:\Data\winter\s1_146\ROIs2017_winter_s1_146_p1763.png,E:\Data\winter\s2_146\ROIs2017_winter_s2_146_p1763.png
spring,ROIs1158_spring_83_p609,E:\Data\spring\s1_83\ROIs1158_spring_s1_83_p609.png,E:\Data\spring\s2_83\ROIs1158_spring_s2_83_p609.png,False,water_like,30.996521,40.585796,0.652778,66.351456,44.16699,E:\Data\spring\s1_83\ROIs1158_spring_s1_83_p609.png,E:\Data\spring\s2_83\ROIs1158_spring_s2_83_p609.png
summer,ROIs1868_summer_90_p90,E:\Data\summer\s1_90\ROIs1868_summer_s1_90_p90.png,E:\Data\summer\s2_90\ROIs1868_summer_s2_90_p90.png,False,low_texture,1.726501,0.715568,0.0,50.990814,34.118305,E:\Data\summer\s1_90\ROIs1868_summer_s1_90_p90.png,E:\Data\summer\s2_90\ROIs1868_summer_s2_90_p90.png
spring,ROIs1158_spring_64_p238,E:\Data\spring\s1_64\ROIs1158_spring_s1_64_p238.png,E:\Data\spring\s2_64\ROIs1158_spring_s2_64_p238.png,False,low_texture;water_like,7.86882,30.434585,0.99783,48.831223,35.875314,E:\Data\spring\s1_64\ROIs1158_spring_s1_64_p238.png,E:\Data\spring\s2_64\ROIs1158_spring_s2_64_p238.png
winter,winter_img_temperate_p3816,E:\Data\winter\s1_170\winter_img_temperate_p3816.png,E:\Data\winter\s2_170\winter_img_temperate_p3816.png,False,low_texture,15.304474,10.190082,0.0,14.148499,12.964553,E:\Data\winter\s1_170\winter_img_temperate_p3816.png,E:\Data\winter\s2_170\winter_img_temperate_p3816.png
spring,ROIs1158_spring_60_p287,E:\Data\spring\s1_60\ROIs1158_spring_s1_60_p287.png,E:\Data\spring\s2_60\ROIs1158_spring_s2_60_p287.png,False,water_like,28.252304,50.668897,0.456597,66.989197,46.546733,E:\Data\spring\s1_60\ROIs1158_spring_s1_60_p287.png,E:\Data\spring\s2_60\ROIs1158_spring_s2_60_p287.png
summer,summer_img_temperate_p5367,E:\Data\summer\s1_160\summer_img_temperate_p5367.png,E:\Data\summer\s2_160\summer_img_temperate_p5367.png,False,low_texture,12.902222,6.966197,0.0,12.350311,6.397369,E:\Data\summer\s1_160\summer_img_temperate_p5367.png,E:\Data\summer\s2_160\summer_img_temperate_p5367.png
winter,winter_img_temperate_p5310,E:\Data\winter\s1_170\winter_img_temperate_p5310.png,E:\Data\winter\s2_170\winter_img_temperate_p5310.png,False,low_texture,13.091614,9.538613,0.0,21.196686,19.83164,E:\Data\winter\s1_170\winter_img_temperate_p5310.png,E:\Data\winter\s2_170\winter_img_temperate_p5310.png
summer,ROIs1868_summer_54_p1370,E:\Data\summer\s1_54\ROIs1868_summer_s1_54_p1370.png,E:\Data\summer\s2_54\ROIs1868_summer_s2_54_p1370.png,False,water_like,14.481979,20.912112,0.996528,34.092148,35.180737,E:\Data\summer\s1_54\ROIs1868_summer_s1_54_p1370.png,E:\Data\summer\s2_54\ROIs1868_summer_s2_54_p1370.png
spring,ROIs1158_spring_24_p121,E:\Data\spring\s1_24\ROIs1158_spring_s1_24_p121.png,E:\Data\spring\s2_24\ROIs1158_spring_s2_24_p121.png,False,water_like,21.375748,29.327472,0.822483,43.088272,43.377744,E:\Data\spring\s1_24\ROIs1158_spring_s1_24_p121.png,E:\Data\spring\s2_24\ROIs1158_spring_s2_24_p121.png
fall,ROIs1970_fall_139_p2092,E:\Data\fall\s1_139\ROIs1970_fall_s1_139_p2092.png,E:\Data\fall\s2_139\ROIs1970_fall_s2_139_p2092.png,False,water_like,23.359436,33.961665,0.793403,32.197769,38.254009,E:\Data\fall\s1_139\ROIs1970_fall_s1_139_p2092.png,E:\Data\fall\s2_139\ROIs1970_fall_s2_139_p2092.png
spring,ROIs1158_spring_115_p452,E:\Data\spring\s1_115\ROIs1158_spring_s1_115_p452.png,E:\Data\spring\s2_115\ROIs1158_spring_s2_115_p452.png,False,low_texture,10.955475,13.628924,0.0,43.739349,32.789681,E:\Data\spring\s1_115\ROIs1158_spring_s1_115_p452.png,E:\Data\spring\s2_115\ROIs1158_spring_s2_115_p452.png
spring,ROIs1158_spring_6_p939,E:\Data\spring\s1_6\ROIs1158_spring_s1_6_p939.png,E:\Data\spring\s2_6\ROIs1158_spring_s2_6_p939.png,False,low_texture,12.581787,21.549939,0.0,35.578812,32.028856,E:\Data\spring\s1_6\ROIs1158_spring_s1_6_p939.png,E:\Data\spring\s2_6\ROIs1158_spring_s2_6_p939.png
summer,ROIs1868_summer_41_p114,E:\Data\summer\s1_41\ROIs1868_summer_s1_41_p114.png,E:\Data\summer\s2_41\ROIs1868_summer_s2_41_p114.png,False,low_texture,8.05806,22.447153,0.165799,32.634476,36.782536,E:\Data\summer\s1_41\ROIs1868_summer_s1_41_p114.png,E:\Data\summer\s2_41\ROIs1868_summer_s2_41_p114.png
winter,ROIs2017_winter_8_p1066,E:\Data\winter\s1_8\ROIs2017_winter_s1_8_p1066.png,E:\Data\winter\s2_8\ROIs2017_winter_s2_8_p1066.png,False,water_like,24.694412,36.407695,0.374132,47.853226,55.177252,E:\Data\winter\s1_8\ROIs2017_winter_s1_8_p1066.png,E:\Data\winter\s2_8\ROIs2017_winter_s2_8_p1066.png
spring,ROIs1158_spring_49_p933,E:\Data\spring\s1_49\ROIs1158_spring_s1_49_p933.png,E:\Data\spring\s2_49\ROIs1158_spring_s2_49_p933.png,False,water_like,34.825699,30.638599,1.0,50.70874,49.531337,E:\Data\spring\s1_49\ROIs1158_spring_s1_49_p933.png,E:\Data\spring\s2_49\ROIs1158_spring_s2_49_p933.png
fall,ROIs1970_fall_83_p549,E:\Data\fall\s1_83\ROIs1970_fall_s1_83_p549.png,E:\Data\fall\s2_83\ROIs1970_fall_s2_83_p549.png,False,water_like,47.455536,51.557711,0.405816,57.508575,49.943735,E:\Data\fall\s1_83\ROIs1970_fall_s1_83_p549.png,E:\Data\fall\s2_83\ROIs1970_fall_s2_83_p549.png
winter,ROIs2017_winter_34_p906,E:\Data\winter\s1_34\ROIs2017_winter_s1_34_p906.png,E:\Data\winter\s2_34\ROIs2017_winter_s2_34_p906.png,False,low_texture,8.792206,13.089184,0.0,36.57373,29.752455,E:\Data\winter\s1_34\ROIs2017_winter_s1_34_p906.png,E:\Data\winter\s2_34\ROIs2017_winter_s2_34_p906.png
winter,ROIs2017_winter_58_p7,E:\Data\winter\s1_58\ROIs2017_winter_s1_58_p7.png,E:\Data\winter\s2_58\ROIs2017_winter_s2_58_p7.png,False,water_like,44.643188,33.270985,0.37934,74.581375,51.115581,E:\Data\winter\s1_58\ROIs2017_winter_s1_58_p7.png,E:\Data\winter\s2_58\ROIs2017_winter_s2_58_p7.png
fall,ROIs1970_fall_109_p131,E:\Data\fall\s1_109\ROIs1970_fall_s1_109_p131.png,E:\Data\fall\s2_109\ROIs1970_fall_s2_109_p131.png,False,water_like,28.87764,66.113502,0.630642,53.483521,45.697167,E:\Data\fall\s1_109\ROIs1970_fall_s1_109_p131.png,E:\Data\fall\s2_109\ROIs1970_fall_s2_109_p131.png
fall,ROIs1970_fall_102_p1650,E:\Data\fall\s1_102\ROIs1970_fall_s1_102_p1650.png,E:\Data\fall\s2_102\ROIs1970_fall_s2_102_p1650.png,False,water_like,34.714386,28.320805,0.490885,69.555084,50.80045,E:\Data\fall\s1_102\ROIs1970_fall_s1_102_p1650.png,E:\Data\fall\s2_102\ROIs1970_fall_s2_102_p1650.png
spring,ROIs1158_spring_40_p405,E:\Data\spring\s1_40\ROIs1158_spring_s1_40_p405.png,E:\Data\spring\s2_40\ROIs1158_spring_s2_40_p405.png,False,low_texture,12.583038,30.329429,0.0,33.519089,35.05244,E:\Data\spring\s1_40\ROIs1158_spring_s1_40_p405.png,E:\Data\spring\s2_40\ROIs1158_spring_s2_40_p405.png
winter,winter_img_temperate_p4914,E:\Data\winter\s1_170\winter_img_temperate_p4914.png,E:\Data\winter\s2_170\winter_img_temperate_p4914.png,False,low_texture,24.979431,17.516905,0.0,13.809341,25.584106,E:\Data\winter\s1_170\winter_img_temperate_p4914.png,E:\Data\winter\s2_170\winter_img_temperate_p4914.png
summer,ROIs1868_summer_4_p705,E:\Data\summer\s1_4\ROIs1868_summer_s1_4_p705.png,E:\Data\summer\s2_4\ROIs1868_summer_s2_4_p705.png,False,water_like,14.984985,24.126469,0.731771,38.284698,26.315372,E:\Data\summer\s1_4\ROIs1868_summer_s1_4_p705.png,E:\Data\summer\s2_4\ROIs1868_summer_s2_4_p705.png
winter,ROIs2017_winter_77_p53,E:\Data\winter\s1_77\ROIs2017_winter_s1_77_p53.png,E:\Data\winter\s2_77\ROIs2017_winter_s2_77_p53.png,False,low_texture,10.864624,17.114202,0.000434,32.681458,25.437069,E:\Data\winter\s1_77\ROIs2017_winter_s1_77_p53.png,E:\Data\winter\s2_77\ROIs2017_winter_s2_77_p53.png
fall,ROIs1970_fall_105_p281,E:\Data\fall\s1_105\ROIs1970_fall_s1_105_p281.png,E:\Data\fall\s2_105\ROIs1970_fall_s2_105_p281.png,False,water_like,30.82518,52.925009,0.355035,40.208679,50.611981,E:\Data\fall\s1_105\ROIs1970_fall_s1_105_p281.png,E:\Data\fall\s2_105\ROIs1970_fall_s2_105_p281.png
summer,ROIs1868_summer_121_p653,E:\Data\summer\s1_121\ROIs1868_summer_s1_121_p653.png,E:\Data\summer\s2_121\ROIs1868_summer_s2_121_p653.png,False,water_like,47.216415,26.749275,0.677517,68.692551,46.023519,E:\Data\summer\s1_121\ROIs1868_summer_s1_121_p653.png,E:\Data\summer\s2_121\ROIs1868_summer_s2_121_p653.png
winter,winter_img_temperate_p10258,E:\Data\winter\s1_170\winter_img_temperate_p10258.png,E:\Data\winter\s2_170\winter_img_temperate_p10258.png,False,low_texture,19.652786,15.968503,0.0,10.773148,11.28409,E:\Data\winter\s1_170\winter_img_temperate_p10258.png,E:\Data\winter\s2_170\winter_img_temperate_p10258.png
spring,ROIs1158_spring_24_p308,E:\Data\spring\s1_24\ROIs1158_spring_s1_24_p308.png,E:\Data\spring\s2_24\ROIs1158_spring_s2_24_p308.png,False,water_like,30.35466,31.837974,0.697917,48.870895,56.547391,E:\Data\spring\s1_24\ROIs1158_spring_s1_24_p308.png,E:\Data\spring\s2_24\ROIs1158_spring_s2_24_p308.png
summer,ROIs1868_summer_113_p268,E:\Data\summer\s1_113\ROIs1868_summer_s1_113_p268.png,E:\Data\summer\s2_113\ROIs1868_summer_s2_113_p268.png,False,water_like,19.019089,41.824504,0.548177,51.620422,42.557789,E:\Data\summer\s1_113\ROIs1868_summer_s1_113_p268.png,E:\Data\summer\s2_113\ROIs1868_summer_s2_113_p268.png
winter,winter_img_temperate_p2644,E:\Data\winter\s1_170\winter_img_temperate_p2644.png,E:\Data\winter\s2_170\winter_img_temperate_p2644.png,False,low_texture,13.452164,10.690845,0.0,12.749924,16.019482,E:\Data\winter\s1_170\winter_img_temperate_p2644.png,E:\Data\winter\s2_170\winter_img_temperate_p2644.png
summer,ROIs1868_summer_25_p118,E:\Data\summer\s1_25\ROIs1868_summer_s1_25_p118.png,E:\Data\summer\s2_25\ROIs1868_summer_s2_25_p118.png,False,low_texture,14.504852,12.939306,0.0,38.535049,52.983963,E:\Data\summer\s1_25\ROIs1868_summer_s1_25_p118.png,E:\Data\summer\s2_25\ROIs1868_summer_s2_25_p118.png
fall,ROIs1970_fall_10_p753,E:\Data\fall\s1_10\ROIs1970_fall_s1_10_p753.png,E:\Data\fall\s2_10\ROIs1970_fall_s2_10_p753.png,False,low_texture;water_like,20.045166,17.519611,1.0,47.62352,43.452259,E:\Data\fall\s1_10\ROIs1970_fall_s1_10_p753.png,E:\Data\fall\s2_10\ROIs1970_fall_s2_10_p753.png
summer,ROIs1868_summer_115_p19,E:\Data\summer\s1_115\ROIs1868_summer_s1_115_p19.png,E:\Data\summer\s2_115\ROIs1868_summer_s2_115_p19.png,False,low_texture;water_like,16.794098,17.156585,0.661458,47.91832,38.291078,E:\Data\summer\s1_115\ROIs1868_summer_s1_115_p19.png,E:\Data\summer\s2_115\ROIs1868_summer_s2_115_p19.png
fall,ROIs1970_fall_56_p1200,E:\Data\fall\s1_56\ROIs1970_fall_s1_56_p1200.png,E:\Data\fall\s2_56\ROIs1970_fall_s2_56_p1200.png,False,low_texture,4.52742,4.390056,0.0,39.166794,25.121116,E:\Data\fall\s1_56\ROIs1970_fall_s1_56_p1200.png,E:\Data\fall\s2_56\ROIs1970_fall_s2_56_p1200.png
summer,ROIs1868_summer_132_p288,E:\Data\summer\s1_132\ROIs1868_summer_s1_132_p288.png,E:\Data\summer\s2_132\ROIs1868_summer_s2_132_p288.png,False,low_texture,11.08107,19.540414,0.0,64.110458,39.282641,E:\Data\summer\s1_132\ROIs1868_summer_s1_132_p288.png,E:\Data\summer\s2_132\ROIs1868_summer_s2_132_p288.png
summer,summer_img_temperate_p3022,E:\Data\summer\s1_160\summer_img_temperate_p3022.png,E:\Data\summer\s2_160\summer_img_temperate_p3022.png,False,low_texture,15.781952,17.343726,0.0,6.198608,5.235229,E:\Data\summer\s1_160\summer_img_temperate_p3022.png,E:\Data\summer\s2_160\summer_img_temperate_p3022.png
winter,ROIs2017_winter_33_p335,E:\Data\winter\s1_33\ROIs2017_winter_s1_33_p335.png,E:\Data\winter\s2_33\ROIs2017_winter_s2_33_p335.png,False,low_texture,9.005127,35.641231,0.00434,56.885056,40.35335,E:\Data\winter\s1_33\ROIs2017_winter_s1_33_p335.png,E:\Data\winter\s2_33\ROIs2017_winter_s2_33_p335.png
summer,ROIs1868_summer_135_p562,E:\Data\summer\s1_135\ROIs1868_summer_s1_135_p562.png,E:\Data\summer\s2_135\ROIs1868_summer_s2_135_p562.png,False,water_like,29.004044,26.653517,0.596788,63.760162,38.796182,E:\Data\summer\s1_135\ROIs1868_summer_s1_135_p562.png,E:\Data\summer\s2_135\ROIs1868_summer_s2_135_p562.png
winter,ROIs2017_winter_33_p1319,E:\Data\winter\s1_33\ROIs2017_winter_s1_33_p1319.png,E:\Data\winter\s2_33\ROIs2017_winter_s2_33_p1319.png,False,low_texture,7.022293,76.958239,0.012153,56.592911,53.755408,E:\Data\winter\s1_33\ROIs2017_winter_s1_33_p1319.png,E:\Data\winter\s2_33\ROIs2017_winter_s2_33_p1319.png
summer,summer_img_temperate_p3454,E:\Data\summer\s1_160\summer_img_temperate_p3454.png,E:\Data\summer\s2_160\summer_img_temperate_p3454.png,False,low_texture,15.783722,7.963389,0.0,7.411575,4.214094,E:\Data\summer\s1_160\summer_img_temperate_p3454.png,E:\Data\summer\s2_160\summer_img_temperate_p3454.png
fall,ROIs1970_fall_38_p345,E:\Data\fall\s1_38\ROIs1970_fall_s1_38_p345.png,E:\Data\fall\s2_38\ROIs1970_fall_s2_38_p345.png,False,low_texture,11.653397,24.312066,0.0,21.413971,15.597968,E:\Data\fall\s1_38\ROIs1970_fall_s1_38_p345.png,E:\Data\fall\s2_38\ROIs1970_fall_s2_38_p345.png
summer,ROIs1868_summer_88_p2303,E:\Data\summer\s1_88\ROIs1868_summer_s1_88_p2303.png,E:\Data\summer\s2_88\ROIs1868_summer_s2_88_p2303.png,False,low_texture,6.562164,7.645474,0.0,40.394714,28.640961,E:\Data\summer\s1_88\ROIs1868_summer_s1_88_p2303.png,E:\Data\summer\s2_88\ROIs1868_summer_s2_88_p2303.png
fall,fall_img_tropical_p9363,E:\Data\fall\s1_150\fall_img_tropical_p9363.png,E:\Data\fall\s2_150\fall_img_tropical_p9363.png,False,low_texture,5.906006,5.11514,0.0,35.411087,19.674598,E:\Data\fall\s1_150\fall_img_tropical_p9363.png,E:\Data\fall\s2_150\fall_img_tropical_p9363.png
winter,ROIs2017_winter_34_p717,E:\Data\winter\s1_34\ROIs2017_winter_s1_34_p717.png,E:\Data\winter\s2_34\ROIs2017_winter_s2_34_p717.png,False,low_texture,13.462723,13.970123,0.0,36.115723,24.680884,E:\Data\winter\s1_34\ROIs2017_winter_s1_34_p717.png,E:\Data\winter\s2_34\ROIs2017_winter_s2_34_p717.png
spring,spring_img_temperate_p715,E:\Data\spring\s1_155\spring_img_temperate_p715.png,E:\Data\spring\s2_155\spring_img_temperate_p715.png,False,low_texture,8.253693,9.903205,0.0,7.575195,4.284898,E:\Data\spring\s1_155\spring_img_temperate_p715.png,E:\Data\spring\s2_155\spring_img_temperate_p715.png
fall,ROIs1970_fall_10_p193,E:\Data\fall\s1_10\ROIs1970_fall_s1_10_p193.png,E:\Data\fall\s2_10\ROIs1970_fall_s2_10_p193.png,False,water_like,26.395782,28.437226,0.895399,48.455566,41.710569,E:\Data\fall\s1_10\ROIs1970_fall_s1_10_p193.png,E:\Data\fall\s2_10\ROIs1970_fall_s2_10_p193.png
winter,ROIs2017_winter_9_p244,E:\Data\winter\s1_9\ROIs2017_winter_s1_9_p244.png,E:\Data\winter\s2_9\ROIs2017_winter_s2_9_p244.png,False,low_texture,9.609512,32.184538,0.001302,45.219528,53.629629,E:\Data\winter\s1_9\ROIs2017_winter_s1_9_p244.png,E:\Data\winter\s2_9\ROIs2017_winter_s2_9_p244.png
winter,ROIs2017_winter_93_p116,E:\Data\winter\s1_93\ROIs2017_winter_s1_93_p116.png,E:\Data\winter\s2_93\ROIs2017_winter_s2_93_p116.png,False,water_like,19.044357,25.213327,0.407118,62.272125,48.406599,E:\Data\winter\s1_93\ROIs2017_winter_s1_93_p116.png,E:\Data\winter\s2_93\ROIs2017_winter_s2_93_p116.png
summer,ROIs1868_summer_47_p845,E:\Data\summer\s1_47\ROIs1868_summer_s1_47_p845.png,E:\Data\summer\s2_47\ROIs1868_summer_s2_47_p845.png,False,low_texture;water_like,11.138458,7.082472,0.990451,44.152832,30.873118,E:\Data\summer\s1_47\ROIs1868_summer_s1_47_p845.png,E:\Data\summer\s2_47\ROIs1868_summer_s2_47_p845.png
fall,ROIs1970_fall_120_p739,E:\Data\fall\s1_120\ROIs1970_fall_s1_120_p739.png,E:\Data\fall\s2_120\ROIs1970_fall_s2_120_p739.png,False,water_like,33.345901,52.134854,0.364149,50.240967,34.103415,E:\Data\fall\s1_120\ROIs1970_fall_s1_120_p739.png,E:\Data\fall\s2_120\ROIs1970_fall_s2_120_p739.png
fall,ROIs1970_fall_139_p1656,E:\Data\fall\s1_139\ROIs1970_fall_s1_139_p1656.png,E:\Data\fall\s2_139\ROIs1970_fall_s2_139_p1656.png,False,water_like,28.494019,26.334078,0.482205,30.990372,32.327536,E:\Data\fall\s1_139\ROIs1970_fall_s1_139_p1656.png,E:\Data\fall\s2_139\ROIs1970_fall_s2_139_p1656.png
spring,ROIs1158_spring_101_p915,E:\Data\spring\s1_101\ROIs1158_spring_s1_101_p915.png,E:\Data\spring\s2_101\ROIs1158_spring_s2_101_p915.png,False,water_like,20.772415,28.346991,0.618056,61.674438,50.485944,E:\Data\spring\s1_101\ROIs1158_spring_s1_101_p915.png,E:\Data\spring\s2_101\ROIs1158_spring_s2_101_p915.png
fall,ROIs1970_fall_62_p1314,E:\Data\fall\s1_62\ROIs1970_fall_s1_62_p1314.png,E:\Data\fall\s2_62\ROIs1970_fall_s2_62_p1314.png,False,water_like,23.121948,47.242516,0.754774,46.829025,72.74798,E:\Data\fall\s1_62\ROIs1970_fall_s1_62_p1314.png,E:\Data\fall\s2_62\ROIs1970_fall_s2_62_p1314.png
fall,ROIs1970_fall_144_p1295,E:\Data\fall\s1_144\ROIs1970_fall_s1_144_p1295.png,E:\Data\fall\s2_144\ROIs1970_fall_s2_144_p1295.png,False,low_texture,12.414871,18.51881,0.0,57.328384,45.479149,E:\Data\fall\s1_144\ROIs1970_fall_s1_144_p1295.png,E:\Data\fall\s2_144\ROIs1970_fall_s2_144_p1295.png
winter,winter_img_temperate_p9826,E:\Data\winter\s1_170\winter_img_temperate_p9826.png,E:\Data\winter\s2_170\winter_img_temperate_p9826.png,False,low_texture,16.213211,15.711276,0.0,22.724838,24.216318,E:\Data\winter\s1_170\winter_img_temperate_p9826.png,E:\Data\winter\s2_170\winter_img_temperate_p9826.png
summer,ROIs1868_summer_132_p236,E:\Data\summer\s1_132\ROIs1868_summer_s1_132_p236.png,E:\Data\summer\s2_132\ROIs1868_summer_s2_132_p236.png,False,low_texture,14.694687,17.77768,0.0,61.13591,45.617197,E:\Data\summer\s1_132\ROIs1868_summer_s1_132_p236.png,E:\Data\summer\s2_132\ROIs1868_summer_s2_132_p236.png
winter,ROIs2017_winter_93_p901,E:\Data\winter\s1_93\ROIs2017_winter_s1_93_p901.png,E:\Data\winter\s2_93\ROIs2017_winter_s2_93_p901.png,False,low_texture;water_like,13.528214,27.96796,0.707899,58.096008,50.041431,E:\Data\winter\s1_93\ROIs2017_winter_s1_93_p901.png,E:\Data\winter\s2_93\ROIs2017_winter_s2_93_p901.png
summer,ROIs1868_summer_41_p230,E:\Data\summer\s1_41\ROIs1868_summer_s1_41_p230.png,E:\Data\summer\s2_41\ROIs1868_summer_s2_41_p230.png,False,low_texture,4.032745,4.456087,0.137587,32.33815,22.229881,E:\Data\summer\s1_41\ROIs1868_summer_s1_41_p230.png,E:\Data\summer\s2_41\ROIs1868_summer_s2_41_p230.png
fall,ROIs1970_fall_144_p431,E:\Data\fall\s1_144\ROIs1970_fall_s1_144_p431.png,E:\Data\fall\s2_144\ROIs1970_fall_s2_144_p431.png,False,low_texture,13.900787,12.209305,0.0,56.071304,39.196802,E:\Data\fall\s1_144\ROIs1970_fall_s1_144_p431.png,E:\Data\fall\s2_144\ROIs1970_fall_s2_144_p431.png
summer,ROIs1868_summer_132_p401,E:\Data\summer\s1_132\ROIs1868_summer_s1_132_p401.png,E:\Data\summer\s2_132\ROIs1868_summer_s2_132_p401.png,False,low_texture,8.643326,22.265458,0.207465,62.910339,46.394205,E:\Data\summer\s1_132\ROIs1868_summer_s1_132_p401.png,E:\Data\summer\s2_132\ROIs1868_summer_s2_132_p401.png
winter,ROIs2017_winter_47_p35,E:\Data\winter\s1_47\ROIs2017_winter_s1_47_p35.png,E:\Data\winter\s2_47\ROIs2017_winter_s2_47_p35.png,False,water_like,14.23291,38.46948,0.590278,54.855377,48.467375,E:\Data\winter\s1_47\ROIs2017_winter_s1_47_p35.png,E:\Data\winter\s2_47\ROIs2017_winter_s2_47_p35.png
summer,ROIs1868_summer_78_p499,E:\Data\summer\s1_78\ROIs1868_summer_s1_78_p499.png,E:\Data\summer\s2_78\ROIs1868_summer_s2_78_p499.png,False,low_texture,10.796616,23.006698,0.0,65.244888,41.77331,E:\Data\summer\s1_78\ROIs1868_summer_s1_78_p499.png,E:\Data\summer\s2_78\ROIs1868_summer_s2_78_p499.png
winter,ROIs2017_winter_33_p557,E:\Data\winter\s1_33\ROIs2017_winter_s1_33_p557.png,E:\Data\winter\s2_33\ROIs2017_winter_s2_33_p557.png,False,low_texture,9.85347,49.336806,0.009549,56.568604,41.525223,E:\Data\winter\s1_33\ROIs2017_winter_s1_33_p557.png,E:\Data\winter\s2_33\ROIs2017_winter_s2_33_p557.png
winter,ROIs2017_winter_13_p139,E:\Data\winter\s1_13\ROIs2017_winter_s1_13_p139.png,E:\Data\winter\s2_13\ROIs2017_winter_s2_13_p139.png,False,water_like,17.581131,23.667067,0.924913,46.83812,38.803184,E:\Data\winter\s1_13\ROIs2017_winter_s1_13_p139.png,E:\Data\winter\s2_13\ROIs2017_winter_s2_13_p139.png
summer,ROIs1868_summer_115_p629,E:\Data\summer\s1_115\ROIs1868_summer_s1_115_p629.png,E:\Data\summer\s2_115\ROIs1868_summer_s2_115_p629.png,False,low_texture,12.534698,28.730455,0.021701,42.495651,35.037225,E:\Data\summer\s1_115\ROIs1868_summer_s1_115_p629.png,E:\Data\summer\s2_115\ROIs1868_summer_s2_115_p629.png
winter,ROIs2017_winter_63_p675,E:\Data\winter\s1_63\ROIs2017_winter_s1_63_p675.png,E:\Data\winter\s2_63\ROIs2017_winter_s2_63_p675.png,False,water_like,26.799759,30.180888,0.41276,54.119614,41.676016,E:\Data\winter\s1_63\ROIs2017_winter_s1_63_p675.png,E:\Data\winter\s2_63\ROIs2017_winter_s2_63_p675.png
spring,ROIs1158_spring_60_p304,E:\Data\spring\s1_60\ROIs1158_spring_s1_60_p304.png,E:\Data\spring\s2_60\ROIs1158_spring_s2_60_p304.png,False,low_texture,23.512238,11.5212,0.002604,66.685867,44.79495,E:\Data\spring\s1_60\ROIs1158_spring_s1_60_p304.png,E:\Data\spring\s2_60\ROIs1158_spring_s2_60_p304.png
spring,ROIs1158_spring_42_p431,E:\Data\spring\s1_42\ROIs1158_spring_s1_42_p431.png,E:\Data\spring\s2_42\ROIs1158_spring_s2_42_p431.png,False,low_texture,12.935425,33.767779,0.0,39.76001,32.514089,E:\Data\spring\s1_42\ROIs1158_spring_s1_42_p431.png,E:\Data\spring\s2_42\ROIs1158_spring_s2_42_p431.png
summer,ROIs1868_summer_10_p200,E:\Data\summer\s1_10\ROIs1868_summer_s1_10_p200.png,E:\Data\summer\s2_10\ROIs1868_summer_s2_10_p200.png,False,low_texture,12.588348,70.159914,0.072049,34.902298,41.132457,E:\Data\summer\s1_10\ROIs1868_summer_s1_10_p200.png,E:\Data\summer\s2_10\ROIs1868_summer_s2_10_p200.png
spring,ROIs1158_spring_136_p654,E:\Data\spring\s1_136\ROIs1158_spring_s1_136_p654.png,E:\Data\spring\s2_136\ROIs1158_spring_s2_136_p654.png,False,low_texture,16.202927,7.857413,0.0,66.238724,44.380755,E:\Data\spring\s1_136\ROIs1158_spring_s1_136_p654.png,E:\Data\spring\s2_136\ROIs1158_spring_s2_136_p654.png
spring,spring_img_temperate_p358,E:\Data\spring\s1_155\spring_img_temperate_p358.png,E:\Data\spring\s2_155\spring_img_temperate_p358.png,False,low_texture;sar_low_texture,5.714798,2.495484,0.0,6.508408,2.793817,E:\Data\spring\s1_155\spring_img_temperate_p358.png,E:\Data\spring\s2_155\spring_img_temperate_p358.png
spring,ROIs1158_spring_38_p422,E:\Data\spring\s1_38\ROIs1158_spring_s1_38_p422.png,E:\Data\spring\s2_38\ROIs1158_spring_s2_38_p422.png,False,low_texture,11.833755,27.447308,0.0,45.206146,50.385021,E:\Data\spring\s1_38\ROIs1158_spring_s1_38_p422.png,E:\Data\spring\s2_38\ROIs1158_spring_s2_38_p422.png
fall,fall_img_temperate_p3061,E:\Data\fall\s1_150\fall_img_temperate_p3061.png,E:\Data\fall\s2_150\fall_img_temperate_p3061.png,False,low_texture;sar_low_texture,21.435837,12.852834,0.0,6.159058,3.884015,E:\Data\fall\s1_150\fall_img_temperate_p3061.png,E:\Data\fall\s2_150\fall_img_temperate_p3061.png
winter,ROIs2017_winter_146_p1096,E:\Data\winter\s1_146\ROIs2017_winter_s1_146_p1096.png,E:\Data\winter\s2_146\ROIs2017_winter_s2_146_p1096.png,False,low_texture,13.935638,20.004933,0.019965,60.959122,43.220959,E:\Data\winter\s1_146\ROIs2017_winter_s1_146_p1096.png,E:\Data\winter\s2_146\ROIs2017_winter_s2_146_p1096.png
winter,winter_img_temperate_p4120,E:\Data\winter\s1_170\winter_img_temperate_p4120.png,E:\Data\winter\s2_170\winter_img_temperate_p4120.png,False,low_texture,15.160278,12.883741,0.0,15.62764,14.072517,E:\Data\winter\s1_170\winter_img_temperate_p4120.png,E:\Data\winter\s2_170\winter_img_temperate_p4120.png
winter,ROIs2017_winter_9_p608,E:\Data\winter\s1_9\ROIs2017_winter_s1_9_p608.png,E:\Data\winter\s2_9\ROIs2017_winter_s2_9_p608.png,False,low_texture,11.217422,22.303598,0.0,42.98822,41.88879,E:\Data\winter\s1_9\ROIs2017_winter_s1_9_p608.png,E:\Data\winter\s2_9\ROIs2017_winter_s2_9_p608.png
fall,fall_img_tropical_p6216,E:\Data\fall\s1_150\fall_img_tropical_p6216.png,E:\Data\fall\s2_150\fall_img_tropical_p6216.png,False,low_texture,7.281693,6.335522,0.0,32.648071,19.015576,E:\Data\fall\s1_150\fall_img_tropical_p6216.png,E:\Data\fall\s2_150\fall_img_tropical_p6216.png
fall,fall_img_temperate_p1918,E:\Data\fall\s1_150\fall_img_temperate_p1918.png,E:\Data\fall\s2_150\fall_img_temperate_p1918.png,False,low_texture;sar_low_texture,11.179581,5.090769,0.0,6.23938,3.204828,E:\Data\fall\s1_150\fall_img_temperate_p1918.png,E:\Data\fall\s2_150\fall_img_temperate_p1918.png
fall,ROIs1970_fall_37_p15,E:\Data\fall\s1_37\ROIs1970_fall_s1_37_p15.png,E:\Data\fall\s2_37\ROIs1970_fall_s2_37_p15.png,False,low_texture,13.035995,20.580568,0.0,46.604416,38.253376,E:\Data\fall\s1_37\ROIs1970_fall_s1_37_p15.png,E:\Data\fall\s2_37\ROIs1970_fall_s2_37_p15.png
spring,ROIs1158_spring_79_p446,E:\Data\spring\s1_79\ROIs1158_spring_s1_79_p446.png,E:\Data\spring\s2_79\ROIs1158_spring_s2_79_p446.png,False,water_like,49.100967,47.438638,0.467882,73.887711,51.442317,E:\Data\spring\s1_79\ROIs1158_spring_s1_79_p446.png,E:\Data\spring\s2_79\ROIs1158_spring_s2_79_p446.png
summer,ROIs1868_summer_88_p2154,E:\Data\summer\s1_88\ROIs1868_summer_s1_88_p2154.png,E:\Data\summer\s2_88\ROIs1868_summer_s2_88_p2154.png,False,low_texture,7.065598,16.242395,0.0,43.623978,67.364451,E:\Data\summer\s1_88\ROIs1868_summer_s1_88_p2154.png,E:\Data\summer\s2_88\ROIs1868_summer_s2_88_p2154.png
winter,ROIs2017_winter_146_p214,E:\Data\winter\s1_146\ROIs2017_winter_s1_146_p214.png,E:\Data\winter\s2_146\ROIs2017_winter_s2_146_p214.png,False,low_texture,13.034241,19.544815,0.253038,60.843384,42.719905,E:\Data\winter\s1_146\ROIs2017_winter_s1_146_p214.png,E:\Data\winter\s2_146\ROIs2017_winter_s2_146_p214.png
winter,winter_img_temperate_p4007,E:\Data\winter\s1_170\winter_img_temperate_p4007.png,E:\Data\winter\s2_170\winter_img_temperate_p4007.png,False,low_texture,12.461395,8.93451,0.0,15.675385,14.171413,E:\Data\winter\s1_170\winter_img_temperate_p4007.png,E:\Data\winter\s2_170\winter_img_temperate_p4007.png
spring,ROIs1158_spring_35_p732,E:\Data\spring\s1_35\ROIs1158_spring_s1_35_p732.png,E:\Data\spring\s2_35\ROIs1158_spring_s2_35_p732.png,False,low_texture,12.440079,14.030968,0.0,44.239807,60.092818,E:\Data\spring\s1_35\ROIs1158_spring_s1_35_p732.png,E:\Data\spring\s2_35\ROIs1158_spring_s2_35_p732.png
summer,summer_img_temperate_p5873,E:\Data\summer\s1_160\summer_img_temperate_p5873.png,E:\Data\summer\s2_160\summer_img_temperate_p5873.png,False,low_texture;sar_low_texture,18.76561,11.047246,0.0,3.845474,2.534029,E:\Data\summer\s1_160\summer_img_temperate_p5873.png,E:\Data\summer\s2_160\summer_img_temperate_p5873.png
winter,ROIs2017_winter_13_p601,E:\Data\winter\s1_13\ROIs2017_winter_s1_13_p601.png,E:\Data\winter\s2_13\ROIs2017_winter_s2_13_p601.png,False,water_like,39.686829,32.082343,0.935764,51.781708,43.908587,E:\Data\winter\s1_13\ROIs2017_winter_s1_13_p601.png,E:\Data\winter\s2_13\ROIs2017_winter_s2_13_p601.png
summer,ROIs1868_summer_57_p254,E:\Data\summer\s1_57\ROIs1868_summer_s1_57_p254.png,E:\Data\summer\s2_57\ROIs1868_summer_s2_57_p254.png,False,water_like,21.757263,34.997842,0.508681,43.000275,62.792877,E:\Data\summer\s1_57\ROIs1868_summer_s1_57_p254.png,E:\Data\summer\s2_57\ROIs1868_summer_s2_57_p254.png
winter,winter_img_tropical_p494,E:\Data\winter\s1_172\winter_img_tropical_p494.png,E:\Data\winter\s2_172\winter_img_tropical_p494.png,False,low_texture,8.433167,7.895901,0.0,41.156509,21.052597,E:\Data\winter\s1_172\winter_img_tropical_p494.png,E:\Data\winter\s2_172\winter_img_tropical_p494.png
fall,fall_img_tropical_p6042,E:\Data\fall\s1_150\fall_img_tropical_p6042.png,E:\Data\fall\s2_150\fall_img_tropical_p6042.png,False,low_texture,7.773651,7.799787,0.000868,35.565887,19.873468,E:\Data\fall\s1_150\fall_img_tropical_p6042.png,E:\Data\fall\s2_150\fall_img_tropical_p6042.png
spring,ROIs1158_spring_72_p452,E:\Data\spring\s1_72\ROIs1158_spring_s1_72_p452.png,E:\Data\spring\s2_72\ROIs1158_spring_s2_72_p452.png,False,low_texture;water_like,16.815826,17.537027,0.998698,46.635452,30.233309,E:\Data\spring\s1_72\ROIs1158_spring_s1_72_p452.png,E:\Data\spring\s2_72\ROIs1158_spring_s2_72_p452.png
spring,ROIs1158_spring_143_p50,E:\Data\spring\s1_143\ROIs1158_spring_s1_143_p50.png,E:\Data\spring\s2_143\ROIs1158_spring_s2_143_p50.png,False,water_like,21.216934,24.166116,0.578125,65.227158,45.265549,E:\Data\spring\s1_143\ROIs1158_spring_s1_143_p50.png,E:\Data\spring\s2_143\ROIs1158_spring_s2_143_p50.png
spring,ROIs1158_spring_65_p2063,E:\Data\spring\s1_65\ROIs1158_spring_s1_65_p2063.png,E:\Data\spring\s2_65\ROIs1158_spring_s2_65_p2063.png,False,water_like,17.101578,22.749157,0.473958,46.234253,31.469992,E:\Data\spring\s1_65\ROIs1158_spring_s1_65_p2063.png,E:\Data\spring\s2_65\ROIs1158_spring_s2_65_p2063.png
winter,ROIs2017_winter_46_p899,E:\Data\winter\s1_46\ROIs2017_winter_s1_46_p899.png,E:\Data\winter\s2_46\ROIs2017_winter_s2_46_p899.png,False,low_texture,18.069855,17.026354,0.138021,38.988632,31.359533,E:\Data\winter\s1_46\ROIs2017_winter_s1_46_p899.png,E:\Data\winter\s2_46\ROIs2017_winter_s2_46_p899.png
spring,ROIs1158_spring_112_p912,E:\Data\spring\s1_112\ROIs1158_spring_s1_112_p912.png,E:\Data\spring\s2_112\ROIs1158_spring_s2_112_p912.png,False,low_texture,18.486115,17.18826,0.0,50.238266,41.339988,E:\Data\spring\s1_112\ROIs1158_spring_s1_112_p912.png,E:\Data\spring\s2_112\ROIs1158_spring_s2_112_p912.png
fall,ROIs1970_fall_59_p299,E:\Data\fall\s1_59\ROIs1970_fall_s1_59_p299.png,E:\Data\fall\s2_59\ROIs1970_fall_s2_59_p299.png,False,water_like,41.49353,46.456452,0.390191,49.761307,48.828925,E:\Data\fall\s1_59\ROIs1970_fall_s1_59_p299.png,E:\Data\fall\s2_59\ROIs1970_fall_s2_59_p299.png
fall,ROIs1970_fall_109_p215,E:\Data\fall\s1_109\ROIs1970_fall_s1_109_p215.png,E:\Data\fall\s2_109\ROIs1970_fall_s2_109_p215.png,False,water_like,30.92215,52.23208,0.865885,53.153,54.332966,E:\Data\fall\s1_109\ROIs1970_fall_s1_109_p215.png,E:\Data\fall\s2_109\ROIs1970_fall_s2_109_p215.png
fall,fall_img_tropical_p5837,E:\Data\fall\s1_150\fall_img_tropical_p5837.png,E:\Data\fall\s2_150\fall_img_tropical_p5837.png,False,low_texture,5.552246,2.958116,0.0,34.723831,18.346194,E:\Data\fall\s1_150\fall_img_tropical_p5837.png,E:\Data\fall\s2_150\fall_img_tropical_p5837.png
fall,ROIs1970_fall_138_p920,E:\Data\fall\s1_138\ROIs1970_fall_s1_138_p920.png,E:\Data\fall\s2_138\ROIs1970_fall_s2_138_p920.png,False,low_texture,10.203827,5.370321,0.0,54.271744,38.48521,E:\Data\fall\s1_138\ROIs1970_fall_s1_138_p920.png,E:\Data\fall\s2_138\ROIs1970_fall_s2_138_p920.png
summer,summer_img_temperate_p4036,E:\Data\summer\s1_160\summer_img_temperate_p4036.png,E:\Data\summer\s2_160\summer_img_temperate_p4036.png,False,low_texture,13.873535,8.095789,0.0,8.844254,5.705422,E:\Data\summer\s1_160\summer_img_temperate_p4036.png,E:\Data\summer\s2_160\summer_img_temperate_p4036.png
fall,ROIs1970_fall_110_p682,E:\Data\fall\s1_110\ROIs1970_fall_s1_110_p682.png,E:\Data\fall\s2_110\ROIs1970_fall_s2_110_p682.png,False,water_like,24.677078,31.076704,0.788628,53.202393,41.067172,E:\Data\fall\s1_110\ROIs1970_fall_s1_110_p682.png,E:\Data\fall\s2_110\ROIs1970_fall_s2_110_p682.png
summer,ROIs1868_summer_148_p785,E:\Data\summer\s1_148\ROIs1868_summer_s1_148_p785.png,E:\Data\summer\s2_148\ROIs1868_summer_s2_148_p785.png,False,low_texture,13.558701,10.874845,0.0,53.887558,57.988295,E:\Data\summer\s1_148\ROIs1868_summer_s1_148_p785.png,E:\Data\summer\s2_148\ROIs1868_summer_s2_148_p785.png
summer,ROIs1868_summer_54_p578,E:\Data\summer\s1_54\ROIs1868_summer_s1_54_p578.png,E:\Data\summer\s2_54\ROIs1868_summer_s2_54_p578.png,False,water_like,14.953033,31.160512,0.802517,32.27124,33.887567,E:\Data\summer\s1_54\ROIs1868_summer_s1_54_p578.png,E:\Data\summer\s2_54\ROIs1868_summer_s2_54_p578.png
fall,fall_img_tropical_p10109,E:\Data\fall\s1_150\fall_img_tropical_p10109.png,E:\Data\fall\s2_150\fall_img_tropical_p10109.png,False,low_texture,5.891144,5.115396,0.0,25.942581,18.253705,E:\Data\fall\s1_150\fall_img_tropical_p10109.png,E:\Data\fall\s2_150\fall_img_tropical_p10109.png
fall,ROIs1970_fall_116_p2398,E:\Data\fall\s1_116\ROIs1970_fall_s1_116_p2398.png,E:\Data\fall\s2_116\ROIs1970_fall_s2_116_p2398.png,False,low_texture,13.121582,22.291746,0.0,33.953201,51.107855,E:\Data\fall\s1_116\ROIs1970_fall_s1_116_p2398.png,E:\Data\fall\s2_116\ROIs1970_fall_s2_116_p2398.png
winter,ROIs2017_winter_34_p1117,E:\Data\winter\s1_34\ROIs2017_winter_s1_34_p1117.png,E:\Data\winter\s2_34\ROIs2017_winter_s2_34_p1117.png,False,low_texture,10.003571,10.329707,0.0,34.857651,23.565892,E:\Data\winter\s1_34\ROIs2017_winter_s1_34_p1117.png,E:\Data\winter\s2_34\ROIs2017_winter_s2_34_p1117.png
winter,ROIs2017_winter_4_p540,E:\Data\winter\s1_4\ROIs2017_winter_s1_4_p540.png,E:\Data\winter\s2_4\ROIs2017_winter_s2_4_p540.png,False,low_texture,7.82663,19.694319,0.21658,36.197845,40.655402,E:\Data\winter\s1_4\ROIs2017_winter_s1_4_p540.png,E:\Data\winter\s2_4\ROIs2017_winter_s2_4_p540.png
spring,ROIs1158_spring_72_p496,E:\Data\spring\s1_72\ROIs1158_spring_s1_72_p496.png,E:\Data\spring\s2_72\ROIs1158_spring_s2_72_p496.png,False,water_like,35.203293,34.860153,0.890625,46.714722,32.167242,E:\Data\spring\s1_72\ROIs1158_spring_s1_72_p496.png,E:\Data\spring\s2_72\ROIs1158_spring_s2_72_p496.png
summer,ROIs1868_summer_106_p535,E:\Data\summer\s1_106\ROIs1868_summer_s1_106_p535.png,E:\Data\summer\s2_106\ROIs1868_summer_s2_106_p535.png,False,low_texture,13.363602,20.818144,0.0,57.40686,42.886762,E:\Data\summer\s1_106\ROIs1868_summer_s1_106_p535.png,E:\Data\summer\s2_106\ROIs1868_summer_s2_106_p535.png
spring,ROIs1158_spring_145_p748,E:\Data\spring\s1_145\ROIs1158_spring_s1_145_p748.png,E:\Data\spring\s2_145\ROIs1158_spring_s2_145_p748.png,False,water_like,40.024582,34.59589,0.664062,61.146912,40.22724,E:\Data\spring\s1_145\ROIs1158_spring_s1_145_p748.png,E:\Data\spring\s2_145\ROIs1158_spring_s2_145_p748.png
summer,ROIs1868_summer_88_p1145,E:\Data\summer\s1_88\ROIs1868_summer_s1_88_p1145.png,E:\Data\summer\s2_88\ROIs1868_summer_s2_88_p1145.png,False,low_texture,13.002884,55.842312,0.001302,40.963394,31.579195,E:\Data\summer\s1_88\ROIs1868_summer_s1_88_p1145.png,E:\Data\summer\s2_88\ROIs1868_summer_s2_88_p1145.png
winter,ROIs2017_winter_146_p1968,E:\Data\winter\s1_146\ROIs2017_winter_s1_146_p1968.png,E:\Data\winter\s2_146\ROIs2017_winter_s2_146_p1968.png,False,low_texture;water_like,10.626648,18.647826,0.498698,60.06926,43.226493,E:\Data\winter\s1_146\ROIs2017_winter_s1_146_p1968.png,E:\Data\winter\s2_146\ROIs2017_winter_s2_146_p1968.png
fall,ROIs1970_fall_121_p218,E:\Data\fall\s1_121\ROIs1970_fall_s1_121_p218.png,E:\Data\fall\s2_121\ROIs1970_fall_s2_121_p218.png,False,low_texture,13.007141,26.29971,0.007378,42.995514,47.995494,E:\Data\fall\s1_121\ROIs1970_fall_s1_121_p218.png,E:\Data\fall\s2_121\ROIs1970_fall_s2_121_p218.png
fall,fall_img_tropical_p10880,E:\Data\fall\s1_150\fall_img_tropical_p10880.png,E:\Data\fall\s2_150\fall_img_tropical_p10880.png,False,low_texture,6.882339,6.332733,0.0,15.886429,17.814022,E:\Data\fall\s1_150\fall_img_tropical_p10880.png,E:\Data\fall\s2_150\fall_img_tropical_p10880.png
summer,ROIs1868_summer_88_p1676,E:\Data\summer\s1_88\ROIs1868_summer_s1_88_p1676.png,E:\Data\summer\s2_88\ROIs1868_summer_s2_88_p1676.png,False,low_texture,6.517914,7.261743,0.0,40.4897,28.09507,E:\Data\summer\s1_88\ROIs1868_summer_s1_88_p1676.png,E:\Data\summer\s2_88\ROIs1868_summer_s2_88_p1676.png
fall,fall_img_tropical_p8643,E:\Data\fall\s1_150\fall_img_tropical_p8643.png,E:\Data\fall\s2_150\fall_img_tropical_p8643.png,False,low_texture,9.184677,10.855507,0.000434,34.270523,16.444692,E:\Data\fall\s1_150\fall_img_tropical_p8643.png,E:\Data\fall\s2_150\fall_img_tropical_p8643.png
summer,ROIs1868_summer_102_p699,E:\Data\summer\s1_102\ROIs1868_summer_s1_102_p699.png,E:\Data\summer\s2_102\ROIs1868_summer_s2_102_p699.png,False,low_texture,13.558273,37.045536,0.059896,48.731979,42.979129,E:\Data\summer\s1_102\ROIs1868_summer_s1_102_p699.png,E:\Data\summer\s2_102\ROIs1868_summer_s2_102_p699.png
fall,fall_img_tropical_p5398,E:\Data\fall\s1_150\fall_img_tropical_p5398.png,E:\Data\fall\s2_150\fall_img_tropical_p5398.png,False,low_texture,8.860367,8.570173,0.0,34.575348,15.561062,E:\Data\fall\s1_150\fall_img_tropical_p5398.png,E:\Data\fall\s2_150\fall_img_tropical_p5398.png
spring,ROIs1158_spring_59_p601,E:\Data\spring\s1_59\ROIs1158_spring_s1_59_p601.png,E:\Data\spring\s2_59\ROIs1158_spring_s2_59_p601.png,False,water_like,19.039749,21.965001,0.639323,61.932816,56.574693,E:\Data\spring\s1_59\ROIs1158_spring_s1_59_p601.png,E:\Data\spring\s2_59\ROIs1158_spring_s2_59_p601.png
fall,fall_img_tropical_p9572,E:\Data\fall\s1_150\fall_img_tropical_p9572.png,E:\Data\fall\s2_150\fall_img_tropical_p9572.png,False,low_texture,7.760742,9.522196,0.0,29.847794,19.625276,E:\Data\fall\s1_150\fall_img_tropical_p9572.png,E:\Data\fall\s2_150\fall_img_tropical_p9572.png
fall,ROIs1970_fall_120_p1097,E:\Data\fall\s1_120\ROIs1970_fall_s1_120_p1097.png,E:\Data\fall\s2_120\ROIs1970_fall_s2_120_p1097.png,False,water_like,38.818146,46.975542,0.846354,50.324554,35.706905,E:\Data\fall\s1_120\ROIs1970_fall_s1_120_p1097.png,E:\Data\fall\s2_120\ROIs1970_fall_s2_120_p1097.png
summer,ROIs1868_summer_75_p229,E:\Data\summer\s1_75\ROIs1868_summer_s1_75_p229.png,E:\Data\summer\s2_75\ROIs1868_summer_s2_75_p229.png,False,low_texture;water_like,9.651581,9.858587,1.0,31.11322,22.077104,E:\Data\summer\s1_75\ROIs1868_summer_s1_75_p229.png,E:\Data\summer\s2_75\ROIs1868_summer_s2_75_p229.png
winter,ROIs2017_winter_101_p722,E:\Data\winter\s1_101\ROIs2017_winter_s1_101_p722.png,E:\Data\winter\s2_101\ROIs2017_winter_s2_101_p722.png,False,water_like,14.303696,33.676615,0.711372,55.525192,39.434272,E:\Data\winter\s1_101\ROIs2017_winter_s1_101_p722.png,E:\Data\winter\s2_101\ROIs2017_winter_s2_101_p722.png
fall,ROIs1970_fall_65_p751,E:\Data\fall\s1_65\ROIs1970_fall_s1_65_p751.png,E:\Data\fall\s2_65\ROIs1970_fall_s2_65_p751.png,False,water_like,35.551483,39.436763,0.452691,45.330399,43.113652,E:\Data\fall\s1_65\ROIs1970_fall_s1_65_p751.png,E:\Data\fall\s2_65\ROIs1970_fall_s2_65_p751.png
summer,ROIs1868_summer_115_p983,E:\Data\summer\s1_115\ROIs1868_summer_s1_115_p983.png,E:\Data\summer\s2_115\ROIs1868_summer_s2_115_p983.png,False,low_texture,12.413849,20.37311,0.0,41.195847,70.339235,E:\Data\summer\s1_115\ROIs1868_summer_s1_115_p983.png,E:\Data\summer\s2_115\ROIs1868_summer_s2_115_p983.png
fall,ROIs1970_fall_106_p414,E:\Data\fall\s1_106\ROIs1970_fall_s1_106_p414.png,E:\Data\fall\s2_106\ROIs1970_fall_s2_106_p414.png,False,low_texture,8.235336,12.286679,0.029514,42.396515,32.281967,E:\Data\fall\s1_106\ROIs1970_fall_s1_106_p414.png,E:\Data\fall\s2_106\ROIs1970_fall_s2_106_p414.png
winter,winter_img_temperate_p5262,E:\Data\winter\s1_170\winter_img_temperate_p5262.png,E:\Data\winter\s2_170\winter_img_temperate_p5262.png,False,low_texture,9.23822,9.184809,0.0,18.732452,15.541422,E:\Data\winter\s1_170\winter_img_temperate_p5262.png,E:\Data\winter\s2_170\winter_img_temperate_p5262.png
fall,ROIs1970_fall_47_p316,E:\Data\fall\s1_47\ROIs1970_fall_s1_47_p316.png,E:\Data\fall\s2_47\ROIs1970_fall_s2_47_p316.png,False,water_like,57.357697,50.411979,0.527344,36.344086,36.026835,E:\Data\fall\s1_47\ROIs1970_fall_s1_47_p316.png,E:\Data\fall\s2_47\ROIs1970_fall_s2_47_p316.png
fall,ROIs1970_fall_138_p442,E:\Data\fall\s1_138\ROIs1970_fall_s1_138_p442.png,E:\Data\fall\s2_138\ROIs1970_fall_s2_138_p442.png,False,low_texture,10.38118,9.307027,0.001302,48.8228,36.334516,E:\Data\fall\s1_138\ROIs1970_fall_s1_138_p442.png,E:\Data\fall\s2_138\ROIs1970_fall_s2_138_p442.png
winter,ROIs2017_winter_51_p229,E:\Data\winter\s1_51\ROIs2017_winter_s1_51_p229.png,E:\Data\winter\s2_51\ROIs2017_winter_s2_51_p229.png,False,water_like,50.364944,44.939758,0.604601,34.467163,33.52816,E:\Data\winter\s1_51\ROIs2017_winter_s1_51_p229.png,E:\Data\winter\s2_51\ROIs2017_winter_s2_51_p229.png
summer,ROIs1868_summer_47_p1394,E:\Data\summer\s1_47\ROIs1868_summer_s1_47_p1394.png,E:\Data\summer\s2_47\ROIs1868_summer_s2_47_p1394.png,False,water_like,16.063721,29.165769,0.558594,44.349167,38.173064,E:\Data\summer\s1_47\ROIs1868_summer_s1_47_p1394.png,E:\Data\summer\s2_47\ROIs1868_summer_s2_47_p1394.png
fall,fall_img_temperate_p2277,E:\Data\fall\s1_150\fall_img_temperate_p2277.png,E:\Data\fall\s2_150\fall_img_temperate_p2277.png,False,low_texture;sar_low_texture,13.6409,10.219173,0.0,5.504562,2.89328,E:\Data\fall\s1_150\fall_img_temperate_p2277.png,E:\Data\fall\s2_150\fall_img_temperate_p2277.png
winter,winter_img_temperate_p795,E:\Data\winter\s1_171\winter_img_temperate_p795.png,E:\Data\winter\s2_171\winter_img_temperate_p795.png,False,water_like,40.210205,53.53125,0.454427,35.219803,38.921942,E:\Data\winter\s1_171\winter_img_temperate_p795.png,E:\Data\winter\s2_171\winter_img_temperate_p795.png
winter,ROIs2017_winter_117_p11,E:\Data\winter\s1_117\ROIs2017_winter_s1_117_p11.png,E:\Data\winter\s2_117\ROIs2017_winter_s2_117_p11.png,False,water_like,28.692917,39.851409,0.520833,36.564209,39.967604,E:\Data\winter\s1_117\ROIs2017_winter_s1_117_p11.png,E:\Data\winter\s2_117\ROIs2017_winter_s2_117_p11.png
winter,ROIs2017_winter_97_p317,E:\Data\winter\s1_97\ROIs2017_winter_s1_97_p317.png,E:\Data\winter\s2_97\ROIs2017_winter_s2_97_p317.png,False,low_texture,12.215073,28.722364,0.0,64.466492,47.915904,E:\Data\winter\s1_97\ROIs2017_winter_s1_97_p317.png,E:\Data\winter\s2_97\ROIs2017_winter_s2_97_p317.png
spring,ROIs1158_spring_14_p365,E:\Data\spring\s1_14\ROIs1158_spring_s1_14_p365.png,E:\Data\spring\s2_14\ROIs1158_spring_s2_14_p365.png,False,low_texture,10.792389,10.448286,0.0,53.414474,61.484089,E:\Data\spring\s1_14\ROIs1158_spring_s1_14_p365.png,E:\Data\spring\s2_14\ROIs1158_spring_s2_14_p365.png
fall,ROIs1970_fall_67_p384,E:\Data\fall\s1_67\ROIs1970_fall_s1_67_p384.png,E:\Data\fall\s2_67\ROIs1970_fall_s2_67_p384.png,False,low_texture,11.102173,14.998665,0.0,51.273041,36.139543,E:\Data\fall\s1_67\ROIs1970_fall_s1_67_p384.png,E:\Data\fall\s2_67\ROIs1970_fall_s2_67_p384.png
summer,summer_img_temperate_p5197,E:\Data\summer\s1_160\summer_img_temperate_p5197.png,E:\Data\summer\s2_160\summer_img_temperate_p5197.png,False,low_texture,22.326752,16.015007,0.0,8.113281,7.991623,E:\Data\summer\s1_160\summer_img_temperate_p5197.png,E:\Data\summer\s2_160\summer_img_temperate_p5197.png
spring,ROIs1158_spring_60_p512,E:\Data\spring\s1_60\ROIs1158_spring_s1_60_p512.png,E:\Data\spring\s2_60\ROIs1158_spring_s2_60_p512.png,False,water_like,19.389557,22.031577,0.992188,63.232269,45.480897,E:\Data\spring\s1_60\ROIs1158_spring_s1_60_p512.png,E:\Data\spring\s2_60\ROIs1158_spring_s2_60_p512.png
winter,winter_img_temperate_p944,E:\Data\winter\s1_170\winter_img_temperate_p944.png,E:\Data\winter\s2_170\winter_img_temperate_p944.png,False,low_texture,20.88475,13.020097,0.0,11.797989,14.402143,E:\Data\winter\s1_170\winter_img_temperate_p944.png,E:\Data\winter\s2_170\winter_img_temperate_p944.png
winter,winter_img_temperate_p3899,E:\Data\winter\s1_170\winter_img_temperate_p3899.png,E:\Data\winter\s2_170\winter_img_temperate_p3899.png,False,low_texture,14.856903,12.714244,0.0,13.466095,15.433654,E:\Data\winter\s1_170\winter_img_temperate_p3899.png,E:\Data\winter\s2_170\winter_img_temperate_p3899.png
winter,ROIs2017_winter_77_p631,E:\Data\winter\s1_77\ROIs2017_winter_s1_77_p631.png,E:\Data\winter\s2_77\ROIs2017_winter_s2_77_p631.png,False,low_texture,6.263611,17.760543,0.0,34.603607,38.654744,E:\Data\winter\s1_77\ROIs2017_winter_s1_77_p631.png,E:\Data\winter\s2_77\ROIs2017_winter_s2_77_p631.png
spring,ROIs1158_spring_24_p27,E:\Data\spring\s1_24\ROIs1158_spring_s1_24_p27.png,E:\Data\spring\s2_24\ROIs1158_spring_s2_24_p27.png,False,water_like,24.84874,29.560732,0.852431,46.736969,56.525344,E:\Data\spring\s1_24\ROIs1158_spring_s1_24_p27.png,E:\Data\spring\s2_24\ROIs1158_spring_s2_24_p27.png
summer,ROIs1868_summer_121_p91,E:\Data\summer\s1_121\ROIs1868_summer_s1_121_p91.png,E:\Data\summer\s2_121\ROIs1868_summer_s2_121_p91.png,False,water_like,50.354263,41.580851,0.624132,68.714951,48.065473,E:\Data\summer\s1_121\ROIs1868_summer_s1_121_p91.png,E:\Data\summer\s2_121\ROIs1868_summer_s2_121_p91.png
summer,ROIs1868_summer_135_p538,E:\Data\summer\s1_135\ROIs1868_summer_s1_135_p538.png,E:\Data\summer\s2_135\ROIs1868_summer_s2_135_p538.png,False,water_like,35.912811,51.320067,0.739149,63.424835,41.59164,E:\Data\summer\s1_135\ROIs1868_summer_s1_135_p538.png,E:\Data\summer\s2_135\ROIs1868_summer_s2_135_p538.png
winter,winter_img_temperate_p910,E:\Data\winter\s1_170\winter_img_temperate_p910.png,E:\Data\winter\s2_170\winter_img_temperate_p910.png,False,low_texture,19.852036,12.058153,0.0,5.227737,9.45078,E:\Data\winter\s1_170\winter_img_temperate_p910.png,E:\Data\winter\s2_170\winter_img_temperate_p910.png
fall,ROIs1970_fall_16_p63,E:\Data\fall\s1_16\ROIs1970_fall_s1_16_p63.png,E:\Data\fall\s2_16\ROIs1970_fall_s2_16_p63.png,False,low_texture,1.794434,0.60819,0.0,33.548386,18.497743,E:\Data\fall\s1_16\ROIs1970_fall_s1_16_p63.png,E:\Data\fall\s2_16\ROIs1970_fall_s2_16_p63.png
summer,ROIs1868_summer_45_p545,E:\Data\summer\s1_45\ROIs1868_summer_s1_45_p545.png,E:\Data\summer\s2_45\ROIs1868_summer_s2_45_p545.png,False,water_like,34.638275,52.661494,0.608073,56.109711,43.204606,E:\Data\summer\s1_45\ROIs1868_summer_s1_45_p545.png,E:\Data\summer\s2_45\ROIs1868_summer_s2_45_p545.png
summer,ROIs1868_summer_88_p1319,E:\Data\summer\s1_88\ROIs1868_summer_s1_88_p1319.png,E:\Data\summer\s2_88\ROIs1868_summer_s2_88_p1319.png,False,low_texture,6.634949,13.268372,0.0,43.682693,61.992336,E:\Data\summer\s1_88\ROIs1868_summer_s1_88_p1319.png,E:\Data\summer\s2_88\ROIs1868_summer_s2_88_p1319.png
fall,ROIs1970_fall_32_p6,E:\Data\fall\s1_32\ROIs1970_fall_s1_32_p6.png,E:\Data\fall\s2_32\ROIs1970_fall_s2_32_p6.png,False,low_texture,14.409943,12.904553,0.0,40.27919,35.470235,E:\Data\fall\s1_32\ROIs1970_fall_s1_32_p6.png,E:\Data\fall\s2_32\ROIs1970_fall_s2_32_p6.png
spring,ROIs1158_spring_23_p481,E:\Data\spring\s1_23\ROIs1158_spring_s1_23_p481.png,E:\Data\spring\s2_23\ROIs1158_spring_s2_23_p481.png,False,low_texture;water_like,13.210739,29.068109,0.93967,37.229324,36.739938,E:\Data\spring\s1_23\ROIs1158_spring_s1_23_p481.png,E:\Data\spring\s2_23\ROIs1158_spring_s2_23_p481.png
fall,ROIs1970_fall_108_p547,E:\Data\fall\s1_108\ROIs1970_fall_s1_108_p547.png,E:\Data\fall\s2_108\ROIs1970_fall_s2_108_p547.png,False,low_texture,13.695999,42.910142,0.000434,43.198334,38.314221,E:\Data\fall\s1_108\ROIs1970_fall_s1_108_p547.png,E:\Data\fall\s2_108\ROIs1970_fall_s2_108_p547.png
fall,ROIs1970_fall_139_p1865,E:\Data\fall\s1_139\ROIs1970_fall_s1_139_p1865.png,E:\Data\fall\s2_139\ROIs1970_fall_s2_139_p1865.png,False,water_like,19.711334,27.058702,0.469184,30.53833,61.144723,E:\Data\fall\s1_139\ROIs1970_fall_s1_139_p1865.png,E:\Data\fall\s2_139\ROIs1970_fall_s2_139_p1865.png
winter,winter_img_temperate_p4095,E:\Data\winter\s1_170\winter_img_temperate_p4095.png,E:\Data\winter\s2_170\winter_img_temperate_p4095.png,False,low_texture,15.700745,10.709403,0.0,13.140503,11.994067,E:\Data\winter\s1_170\winter_img_temperate_p4095.png,E:\Data\winter\s2_170\winter_img_temperate_p4095.png
spring,ROIs1158_spring_136_p756,E:\Data\spring\s1_136\ROIs1158_spring_s1_136_p756.png,E:\Data\spring\s2_136\ROIs1158_spring_s2_136_p756.png,False,low_texture,18.765533,17.864196,0.0,66.716812,45.006382,E:\Data\spring\s1_136\ROIs1158_spring_s1_136_p756.png,E:\Data\spring\s2_136\ROIs1158_spring_s2_136_p756.png
winter,ROIs2017_winter_56_p1061,E:\Data\winter\s1_56\ROIs2017_winter_s1_56_p1061.png,E:\Data\winter\s2_56\ROIs2017_winter_s2_56_p1061.png,False,water_like,34.662872,35.409196,0.936198,38.209534,37.867333,E:\Data\winter\s1_56\ROIs2017_winter_s1_56_p1061.png,E:\Data\winter\s2_56\ROIs2017_winter_s2_56_p1061.png
summer,ROIs1868_summer_90_p309,E:\Data\summer\s1_90\ROIs1868_summer_s1_90_p309.png,E:\Data\summer\s2_90\ROIs1868_summer_s2_90_p309.png,False,low_texture,1.770203,0.730337,0.0,50.99884,35.734371,E:\Data\summer\s1_90\ROIs1868_summer_s1_90_p309.png,E:\Data\summer\s2_90\ROIs1868_summer_s2_90_p309.png
fall,ROIs1970_fall_106_p680,E:\Data\fall\s1_106\ROIs1970_fall_s1_106_p680.png,E:\Data\fall\s2_106\ROIs1970_fall_s2_106_p680.png,False,low_texture,7.11377,14.018331,0.007812,37.032822,32.547947,E:\Data\fall\s1_106\ROIs1970_fall_s1_106_p680.png,E:\Data\fall\s2_106\ROIs1970_fall_s2_106_p680.png
winter,ROIs2017_winter_9_p499,E:\Data\winter\s1_9\ROIs2017_winter_s1_9_p499.png,E:\Data\winter\s2_9\ROIs2017_winter_s2_9_p499.png,False,low_texture,15.604416,16.998866,0.000434,44.768478,44.247483,E:\Data\winter\s1_9\ROIs2017_winter_s1_9_p499.png,E:\Data\winter\s2_9\ROIs2017_winter_s2_9_p499.png
fall,fall_img_temperate_p4900,E:\Data\fall\s1_150\fall_img_temperate_p4900.png,E:\Data\fall\s2_150\fall_img_temperate_p4900.png,False,low_texture,21.352432,16.313729,0.0,8.081161,7.80981,E:\Data\fall\s1_150\fall_img_temperate_p4900.png,E:\Data\fall\s2_150\fall_img_temperate_p4900.png
fall,ROIs1970_fall_7_p168,E:\Data\fall\s1_7\ROIs1970_fall_s1_7_p168.png,E:\Data\fall\s2_7\ROIs1970_fall_s2_7_p168.png,False,water_like,21.011978,22.550795,0.954427,43.332092,42.648528,E:\Data\fall\s1_7\ROIs1970_fall_s1_7_p168.png,E:\Data\fall\s2_7\ROIs1970_fall_s2_7_p168.png
fall,fall_img_tropical_p7799,E:\Data\fall\s1_150\fall_img_tropical_p7799.png,E:\Data\fall\s2_150\fall_img_tropical_p7799.png,False,low_texture,5.251984,5.651493,0.0,27.851517,14.943296,E:\Data\fall\s1_150\fall_img_tropical_p7799.png,E:\Data\fall\s2_150\fall_img_tropical_p7799.png
fall,ROIs1970_fall_78_p384,E:\Data\fall\s1_78\ROIs1970_fall_s1_78_p384.png,E:\Data\fall\s2_78\ROIs1970_fall_s2_78_p384.png,False,low_texture,16.374969,14.209729,0.0,48.794952,37.877148,E:\Data\fall\s1_78\ROIs1970_fall_s1_78_p384.png,E:\Data\fall\s2_78\ROIs1970_fall_s2_78_p384.png
fall,ROIs1970_fall_116_p2406,E:\Data\fall\s1_116\ROIs1970_fall_s1_116_p2406.png,E:\Data\fall\s2_116\ROIs1970_fall_s2_116_p2406.png,False,low_texture;water_like,8.036743,11.3662,0.617622,35.511322,29.474198,E:\Data\fall\s1_116\ROIs1970_fall_s1_116_p2406.png,E:\Data\fall\s2_116\ROIs1970_fall_s2_116_p2406.png
summer,summer_img_temperate_p6263,E:\Data\summer\s1_160\summer_img_temperate_p6263.png,E:\Data\summer\s2_160\summer_img_temperate_p6263.png,False,low_texture,14.663101,12.736994,0.0,9.341003,7.045438,E:\Data\summer\s1_160\summer_img_temperate_p6263.png,E:\Data\summer\s2_160\summer_img_temperate_p6263.png
summer,ROIs1868_summer_88_p2115,E:\Data\summer\s1_88\ROIs1868_summer_s1_88_p2115.png,E:\Data\summer\s2_88\ROIs1868_summer_s2_88_p2115.png,False,low_texture,8.208954,14.962275,0.0,41.464966,51.135317,E:\Data\summer\s1_88\ROIs1868_summer_s1_88_p2115.png,E:\Data\summer\s2_88\ROIs1868_summer_s2_88_p2115.png
spring,ROIs1158_spring_83_p85,E:\Data\spring\s1_83\ROIs1158_spring_s1_83_p85.png,E:\Data\spring\s2_83\ROIs1158_spring_s2_83_p85.png,False,water_like,25.689102,34.538673,0.859809,62.1194,43.10232,E:\Data\spring\s1_83\ROIs1158_spring_s1_83_p85.png,E:\Data\spring\s2_83\ROIs1158_spring_s2_83_p85.png
fall,fall_img_tropical_p10794,E:\Data\fall\s1_150\fall_img_tropical_p10794.png,E:\Data\fall\s2_150\fall_img_tropical_p10794.png,False,low_texture,3.550781,3.236484,0.0,11.550415,12.076029,E:\Data\fall\s1_150\fall_img_tropical_p10794.png,E:\Data\fall\s2_150\fall_img_tropical_p10794.png
fall,fall_img_tropical_p11253,E:\Data\fall\s1_150\fall_img_tropical_p11253.png,E:\Data\fall\s2_150\fall_img_tropical_p11253.png,False,low_texture,8.884537,9.28523,0.003038,33.760056,16.276248,E:\Data\fall\s1_150\fall_img_tropical_p11253.png,E:\Data\fall\s2_150\fall_img_tropical_p11253.png
spring,ROIs1158_spring_49_p289,E:\Data\spring\s1_49\ROIs1158_spring_s1_49_p289.png,E:\Data\spring\s2_49\ROIs1158_spring_s2_49_p289.png,False,low_texture;water_like,10.886459,22.140273,0.987413,40.239151,28.233454,E:\Data\spring\s1_49\ROIs1158_spring_s1_49_p289.png,E:\Data\spring\s2_49\ROIs1158_spring_s2_49_p289.png
fall,ROIs1970_fall_129_p1364,E:\Data\fall\s1_129\ROIs1970_fall_s1_129_p1364.png,E:\Data\fall\s2_129\ROIs1970_fall_s2_129_p1364.png,False,water_like,15.060318,25.076412,0.43316,54.71936,43.360187,E:\Data\fall\s1_129\ROIs1970_fall_s1_129_p1364.png,E:\Data\fall\s2_129\ROIs1970_fall_s2_129_p1364.png
spring,ROIs1158_spring_136_p628,E:\Data\spring\s1_136\ROIs1158_spring_s1_136_p628.png,E:\Data\spring\s2_136\ROIs1158_spring_s2_136_p628.png,False,low_texture,14.628983,7.638421,0.0,66.285065,43.79234,E:\Data\spring\s1_136\ROIs1158_spring_s1_136_p628.png,E:\Data\spring\s2_136\ROIs1158_spring_s2_136_p628.png
fall,ROIs1970_fall_65_p243,E:\Data\fall\s1_65\ROIs1970_fall_s1_65_p243.png,E:\Data\fall\s2_65\ROIs1970_fall_s2_65_p243.png,False,water_like,38.268799,46.619328,0.78342,47.313263,38.872022,E:\Data\fall\s1_65\ROIs1970_fall_s1_65_p243.png,E:\Data\fall\s2_65\ROIs1970_fall_s2_65_p243.png
summer,ROIs1868_summer_45_p858,E:\Data\summer\s1_45\ROIs1868_summer_s1_45_p858.png,E:\Data\summer\s2_45\ROIs1868_summer_s2_45_p858.png,False,water_like,28.813477,49.78285,0.62934,55.309769,44.264325,E:\Data\summer\s1_45\ROIs1868_summer_s1_45_p858.png,E:\Data\summer\s2_45\ROIs1868_summer_s2_45_p858.png
winter,ROIs2017_winter_41_p1025,E:\Data\winter\s1_41\ROIs2017_winter_s1_41_p1025.png,E:\Data\winter\s2_41\ROIs2017_winter_s2_41_p1025.png,False,low_texture,15.107849,12.80889,0.000868,27.333282,29.24803,E:\Data\winter\s1_41\ROIs2017_winter_s1_41_p1025.png,E:\Data\winter\s2_41\ROIs2017_winter_s2_41_p1025.png
spring,ROIs1158_spring_78_p717,E:\Data\spring\s1_78\ROIs1158_spring_s1_78_p717.png,E:\Data\spring\s2_78\ROIs1158_spring_s2_78_p717.png,False,water_like,49.062851,37.723523,0.380208,57.74234,56.938058,E:\Data\spring\s1_78\ROIs1158_spring_s1_78_p717.png,E:\Data\spring\s2_78\ROIs1158_spring_s2_78_p717.png
fall,fall_img_tropical_p8396,E:\Data\fall\s1_150\fall_img_tropical_p8396.png,E:\Data\fall\s2_150\fall_img_tropical_p8396.png,False,low_texture,6.066223,2.217931,0.0,31.877029,14.029217,E:\Data\fall\s1_150\fall_img_tropical_p8396.png,E:\Data\fall\s2_150\fall_img_tropical_p8396.png
fall,fall_img_tropical_p11926,E:\Data\fall\s1_150\fall_img_tropical_p11926.png,E:\Data\fall\s2_150\fall_img_tropical_p11926.png,False,low_texture,8.681229,7.31513,0.0,27.798279,15.284309,E:\Data\fall\s1_150\fall_img_tropical_p11926.png,E:\Data\fall\s2_150\fall_img_tropical_p11926.png
summer,ROIs1868_summer_106_p817,E:\Data\summer\s1_106\ROIs1868_summer_s1_106_p817.png,E:\Data\summer\s2_106\ROIs1868_summer_s2_106_p817.png,False,low_texture,11.391663,12.122372,0.0,57.155991,41.955694,E:\Data\summer\s1_106\ROIs1868_summer_s1_106_p817.png,E:\Data\summer\s2_106\ROIs1868_summer_s2_106_p817.png
winter,winter_img_temperate_p10200,E:\Data\winter\s1_170\winter_img_temperate_p10200.png,E:\Data\winter\s2_170\winter_img_temperate_p10200.png,False,low_texture,16.706482,16.188673,0.0,10.061035,14.454138,E:\Data\winter\s1_170\winter_img_temperate_p10200.png,E:\Data\winter\s2_170\winter_img_temperate_p10200.png
summer,ROIs1868_summer_132_p145,E:\Data\summer\s1_132\ROIs1868_summer_s1_132_p145.png,E:\Data\summer\s2_132\ROIs1868_summer_s2_132_p145.png,False,low_texture,9.913849,31.08261,0.0,61.892822,49.020646,E:\Data\summer\s1_132\ROIs1868_summer_s1_132_p145.png,E:\Data\summer\s2_132\ROIs1868_summer_s2_132_p145.png
fall,fall_img_tropical_p5646,E:\Data\fall\s1_150\fall_img_tropical_p5646.png,E:\Data\fall\s2_150\fall_img_tropical_p5646.png,False,low_texture,4.980362,3.584878,0.0,33.116623,16.392882,E:\Data\fall\s1_150\fall_img_tropical_p5646.png,E:\Data\fall\s2_150\fall_img_tropical_p5646.png
spring,ROIs1158_spring_92_p227,E:\Data\spring\s1_92\ROIs1158_spring_s1_92_p227.png,E:\Data\spring\s2_92\ROIs1158_spring_s2_92_p227.png,False,water_like,34.337463,41.496138,0.390625,62.825638,48.037543,E:\Data\spring\s1_92\ROIs1158_spring_s1_92_p227.png,E:\Data\spring\s2_92\ROIs1158_spring_s2_92_p227.png
fall,ROIs1970_fall_10_p428,E:\Data\fall\s1_10\ROIs1970_fall_s1_10_p428.png,E:\Data\fall\s2_10\ROIs1970_fall_s2_10_p428.png,False,low_texture;water_like,15.495667,17.69053,0.984375,46.091644,38.687825,E:\Data\fall\s1_10\ROIs1970_fall_s1_10_p428.png,E:\Data\fall\s2_10\ROIs1970_fall_s2_10_p428.png
summer,summer_img_temperate_p2105,E:\Data\summer\s1_160\summer_img_temperate_p2105.png,E:\Data\summer\s2_160\summer_img_temperate_p2105.png,False,low_texture;sar_low_texture,24.30629,16.384243,0.0,5.276962,3.145943,E:\Data\summer\s1_160\summer_img_temperate_p2105.png,E:\Data\summer\s2_160\summer_img_temperate_p2105.png
winter,ROIs2017_winter_146_p820,E:\Data\winter\s1_146\ROIs2017_winter_s1_146_p820.png,E:\Data\winter\s2_146\ROIs2017_winter_s2_146_p820.png,False,low_texture,9.104889,65.053821,0.076389,59.286316,56.711827,E:\Data\winter\s1_146\ROIs2017_winter_s1_146_p820.png,E:\Data\winter\s2_146\ROIs2017_winter_s2_146_p820.png
summer,ROIs1868_summer_54_p1035,E:\Data\summer\s1_54\ROIs1868_summer_s1_54_p1035.png,E:\Data\summer\s2_54\ROIs1868_summer_s2_54_p1035.png,False,low_texture;water_like,13.098907,29.226982,0.858507,31.63562,31.539369,E:\Data\summer\s1_54\ROIs1868_summer_s1_54_p1035.png,E:\Data\summer\s2_54\ROIs1868_summer_s2_54_p1035.png
spring,ROIs1158_spring_0_p55,E:\Data\spring\s1_0\ROIs1158_spring_s1_0_p55.png,E:\Data\spring\s2_0\ROIs1158_spring_s2_0_p55.png,False,low_texture,13.524506,42.840899,0.000434,36.203201,31.535954,E:\Data\spring\s1_0\ROIs1158_spring_s1_0_p55.png,E:\Data\spring\s2_0\ROIs1158_spring_s2_0_p55.png
winter,ROIs2017_winter_66_p83,E:\Data\winter\s1_66\ROIs2017_winter_s1_66_p83.png,E:\Data\winter\s2_66\ROIs2017_winter_s2_66_p83.png,False,low_texture,25.607422,15.214798,0.000868,59.292877,39.092026,E:\Data\winter\s1_66\ROIs2017_winter_s1_66_p83.png,E:\Data\winter\s2_66\ROIs2017_winter_s2_66_p83.png
spring,ROIs1158_spring_100_p486,E:\Data\spring\s1_100\ROIs1158_spring_s1_100_p486.png,E:\Data\spring\s2_100\ROIs1158_spring_s2_100_p486.png,False,low_texture;water_like,13.119904,54.445485,0.641927,41.313019,40.659518,E:\Data\spring\s1_100\ROIs1158_spring_s1_100_p486.png,E:\Data\spring\s2_100\ROIs1158_spring_s2_100_p486.png
winter,winter_img_tropical_p1045,E:\Data\winter\s1_172\winter_img_tropical_p1045.png,E:\Data\winter\s2_172\winter_img_tropical_p1045.png,False,low_texture,11.893356,14.564464,0.0,18.593185,14.022858,E:\Data\winter\s1_172\winter_img_tropical_p1045.png,E:\Data\winter\s2_172\winter_img_tropical_p1045.png
spring,ROIs1158_spring_54_p1049,E:\Data\spring\s1_54\ROIs1158_spring_s1_54_p1049.png,E:\Data\spring\s2_54\ROIs1158_spring_s2_54_p1049.png,False,low_texture;water_like,13.393997,23.444952,0.625434,41.054932,40.475864,E:\Data\spring\s1_54\ROIs1158_spring_s1_54_p1049.png,E:\Data\spring\s2_54\ROIs1158_spring_s2_54_p1049.png
summer,ROIs1868_summer_19_p895,E:\Data\summer\s1_19\ROIs1868_summer_s1_19_p895.png,E:\Data\summer\s2_19\ROIs1868_summer_s2_19_p895.png,False,low_texture,10.849091,40.498993,0.0,40.382401,39.69642,E:\Data\summer\s1_19\ROIs1868_summer_s1_19_p895.png,E:\Data\summer\s2_19\ROIs1868_summer_s2_19_p895.png
spring,ROIs1158_spring_64_p846,E:\Data\spring\s1_64\ROIs1158_spring_s1_64_p846.png,E:\Data\spring\s2_64\ROIs1158_spring_s2_64_p846.png,False,low_texture,7.932373,11.556886,0.0,34.687729,22.091961,E:\Data\spring\s1_64\ROIs1158_spring_s1_64_p846.png,E:\Data\spring\s2_64\ROIs1158_spring_s2_64_p846.png
summer,ROIs1868_summer_88_p1494,E:\Data\summer\s1_88\ROIs1868_summer_s1_88_p1494.png,E:\Data\summer\s2_88\ROIs1868_summer_s2_88_p1494.png,False,low_texture,6.305771,8.649394,0.0,40.665619,27.965177,E:\Data\summer\s1_88\ROIs1868_summer_s1_88_p1494.png,E:\Data\summer\s2_88\ROIs1868_summer_s2_88_p1494.png
summer,summer_img_temperate_p3130,E:\Data\summer\s1_160\summer_img_temperate_p3130.png,E:\Data\summer\s2_160\summer_img_temperate_p3130.png,False,low_texture,11.958405,7.280444,0.0,9.256088,4.735292,E:\Data\summer\s1_160\summer_img_temperate_p3130.png,E:\Data\summer\s2_160\summer_img_temperate_p3130.png
fall,ROIs1970_fall_129_p1110,E:\Data\fall\s1_129\ROIs1970_fall_s1_129_p1110.png,E:\Data\fall\s2_129\ROIs1970_fall_s2_129_p1110.png,False,water_like,15.606491,21.411834,0.813368,52.908234,49.057385,E:\Data\fall\s1_129\ROIs1970_fall_s1_129_p1110.png,E:\Data\fall\s2_129\ROIs1970_fall_s2_129_p1110.png
winter,winter_img_tropical_p688,E:\Data\winter\s1_172\winter_img_tropical_p688.png,E:\Data\winter\s2_172\winter_img_tropical_p688.png,False,low_texture,12.432053,17.443061,0.0,30.573914,15.758377,E:\Data\winter\s1_172\winter_img_tropical_p688.png,E:\Data\winter\s2_172\winter_img_tropical_p688.png
summer,ROIs1868_summer_58_p749,E:\Data\summer\s1_58\ROIs1868_summer_s1_58_p749.png,E:\Data\summer\s2_58\ROIs1868_summer_s2_58_p749.png,False,low_texture,28.92749,12.799175,0.0,46.288589,28.61641,E:\Data\summer\s1_58\ROIs1868_summer_s1_58_p749.png,E:\Data\summer\s2_58\ROIs1868_summer_s2_58_p749.png
winter,winter_img_temperate_p7846,E:\Data\winter\s1_170\winter_img_temperate_p7846.png,E:\Data\winter\s2_170\winter_img_temperate_p7846.png,False,low_texture,13.925476,12.175772,0.0,15.297974,12.886198,E:\Data\winter\s1_170\winter_img_temperate_p7846.png,E:\Data\winter\s2_170\winter_img_temperate_p7846.png
winter,winter_img_temperate_p3149,E:\Data\winter\s1_170\winter_img_temperate_p3149.png,E:\Data\winter\s2_170\winter_img_temperate_p3149.png,False,low_texture;sar_low_texture,22.096893,16.568997,0.0,4.83725,5.036415,E:\Data\winter\s1_170\winter_img_temperate_p3149.png,E:\Data\winter\s2_170\winter_img_temperate_p3149.png
spring,ROIs1158_spring_83_p189,E:\Data\spring\s1_83\ROIs1158_spring_s1_83_p189.png,E:\Data\spring\s2_83\ROIs1158_spring_s2_83_p189.png,False,water_like,25.587112,36.876423,0.669271,62.433792,42.146475,E:\Data\spring\s1_83\ROIs1158_spring_s1_83_p189.png,E:\Data\spring\s2_83\ROIs1158_spring_s2_83_p189.png
winter,ROIs2017_winter_146_p427,E:\Data\winter\s1_146\ROIs2017_winter_s1_146_p427.png,E:\Data\winter\s2_146\ROIs2017_winter_s2_146_p427.png,False,low_texture,7.822418,17.249002,0.020833,61.110123,45.980442,E:\Data\winter\s1_146\ROIs2017_winter_s1_146_p427.png,E:\Data\winter\s2_146\ROIs2017_winter_s2_146_p427.png
winter,ROIs2017_winter_102_p854,E:\Data\winter\s1_102\ROIs2017_winter_s1_102_p854.png,E:\Data\winter\s2_102\ROIs2017_winter_s2_102_p854.png,False,low_texture,7.135773,6.545308,0.0,41.315887,34.678783,E:\Data\winter\s1_102\ROIs2017_winter_s1_102_p854.png,E:\Data\winter\s2_102\ROIs2017_winter_s2_102_p854.png
winter,winter_img_temperate_p1326,E:\Data\winter\s1_170\winter_img_temperate_p1326.png,E:\Data\winter\s2_170\winter_img_temperate_p1326.png,False,low_texture,11.37442,9.328035,0.0,11.983414,8.424732,E:\Data\winter\s1_170\winter_img_temperate_p1326.png,E:\Data\winter\s2_170\winter_img_temperate_p1326.png
fall,ROIs1970_fall_116_p2373,E:\Data\fall\s1_116\ROIs1970_fall_s1_116_p2373.png,E:\Data\fall\s2_116\ROIs1970_fall_s2_116_p2373.png,False,low_texture,6.392715,21.754158,0.0,34.596359,27.115838,E:\Data\fall\s1_116\ROIs1970_fall_s1_116_p2373.png,E:\Data\fall\s2_116\ROIs1970_fall_s2_116_p2373.png
winter,winter_img_temperate_p6900,E:\Data\winter\s1_170\winter_img_temperate_p6900.png,E:\Data\winter\s2_170\winter_img_temperate_p6900.png,False,low_texture,12.531723,8.728952,0.0,23.232376,27.019888,E:\Data\winter\s1_170\winter_img_temperate_p6900.png,E:\Data\winter\s2_170\winter_img_temperate_p6900.png
winter,ROIs2017_winter_53_p776,E:\Data\winter\s1_53\ROIs2017_winter_s1_53_p776.png,E:\Data\winter\s2_53\ROIs2017_winter_s2_53_p776.png,False,water_like,23.689697,30.618513,0.586806,48.337646,39.44862,E:\Data\winter\s1_53\ROIs2017_winter_s1_53_p776.png,E:\Data\winter\s2_53\ROIs2017_winter_s2_53_p776.png
summer,ROIs1868_summer_47_p1509,E:\Data\summer\s1_47\ROIs1868_summer_s1_47_p1509.png,E:\Data\summer\s2_47\ROIs1868_summer_s2_47_p1509.png,False,low_texture,13.788239,37.332786,0.298177,44.310181,38.387622,E:\Data\summer\s1_47\ROIs1868_summer_s1_47_p1509.png,E:\Data\summer\s2_47\ROIs1868_summer_s2_47_p1509.png
fall,fall_img_tropical_p10560,E:\Data\fall\s1_150\fall_img_tropical_p10560.png,E:\Data\fall\s2_150\fall_img_tropical_p10560.png,False,low_texture,9.390244,9.801645,0.0,33.876938,18.381908,E:\Data\fall\s1_150\fall_img_tropical_p10560.png,E:\Data\fall\s2_150\fall_img_tropical_p10560.png
fall,ROIs1970_fall_79_p295,E:\Data\fall\s1_79\ROIs1970_fall_s1_79_p295.png,E:\Data\fall\s2_79\ROIs1970_fall_s2_79_p295.png,False,low_texture,13.219116,19.567815,0.115451,46.319946,33.328908,E:\Data\fall\s1_79\ROIs1970_fall_s1_79_p295.png,E:\Data\fall\s2_79\ROIs1970_fall_s2_79_p295.png
spring,ROIs1158_spring_120_p980,E:\Data\spring\s1_120\ROIs1158_spring_s1_120_p980.png,E:\Data\spring\s2_120\ROIs1158_spring_s2_120_p980.png,False,low_texture,13.204224,47.277571,0.0,48.216568,36.506674,E:\Data\spring\s1_120\ROIs1158_spring_s1_120_p980.png,E:\Data\spring\s2_120\ROIs1158_spring_s2_120_p980.png
fall,ROIs1970_fall_114_p841,E:\Data\fall\s1_114\ROIs1970_fall_s1_114_p841.png,E:\Data\fall\s2_114\ROIs1970_fall_s2_114_p841.png,False,low_texture,14.190567,17.616666,0.0,48.244476,37.676049,E:\Data\fall\s1_114\ROIs1970_fall_s1_114_p841.png,E:\Data\fall\s2_114\ROIs1970_fall_s2_114_p841.png
summer,summer_img_temperate_p90,E:\Data\summer\s1_160\summer_img_temperate_p90.png,E:\Data\summer\s2_160\summer_img_temperate_p90.png,False,low_texture,13.686813,11.979674,0.0,8.018616,12.062411,E:\Data\summer\s1_160\summer_img_temperate_p90.png,E:\Data\summer\s2_160\summer_img_temperate_p90.png
summer,ROIs1868_summer_88_p1888,E:\Data\summer\s1_88\ROIs1868_summer_s1_88_p1888.png,E:\Data\summer\s2_88\ROIs1868_summer_s2_88_p1888.png,False,low_texture,5.747345,5.941882,0.0,39.643372,27.061542,E:\Data\summer\s1_88\ROIs1868_summer_s1_88_p1888.png,E:\Data\summer\s2_88\ROIs1868_summer_s2_88_p1888.png
spring,ROIs1158_spring_37_p510,E:\Data\spring\s1_37\ROIs1158_spring_s1_37_p510.png,E:\Data\spring\s2_37\ROIs1158_spring_s2_37_p510.png,False,water_like,43.583984,48.253219,0.446181,40.447983,40.429681,E:\Data\spring\s1_37\ROIs1158_spring_s1_37_p510.png,E:\Data\spring\s2_37\ROIs1158_spring_s2_37_p510.png
fall,ROIs1970_fall_62_p1020,E:\Data\fall\s1_62\ROIs1970_fall_s1_62_p1020.png,E:\Data\fall\s2_62\ROIs1970_fall_s2_62_p1020.png,False,water_like,24.968643,60.491791,0.721354,48.718964,41.778437,E:\Data\fall\s1_62\ROIs1970_fall_s1_62_p1020.png,E:\Data\fall\s2_62\ROIs1970_fall_s2_62_p1020.png
spring,ROIs1158_spring_83_p63,E:\Data\spring\s1_83\ROIs1158_spring_s1_83_p63.png,E:\Data\spring\s2_83\ROIs1158_spring_s2_83_p63.png,False,water_like,22.743637,39.801159,0.362413,63.799622,43.875509,E:\Data\spring\s1_83\ROIs1158_spring_s1_83_p63.png,E:\Data\spring\s2_83\ROIs1158_spring_s2_83_p63.png
summer,ROIs1868_summer_90_p88,E:\Data\summer\s1_90\ROIs1868_summer_s1_90_p88.png,E:\Data\summer\s2_90\ROIs1868_summer_s2_90_p88.png,False,low_texture,1.790726,0.777795,0.0,51.192627,35.233644,E:\Data\summer\s1_90\ROIs1868_summer_s1_90_p88.png,E:\Data\summer\s2_90\ROIs1868_summer_s2_90_p88.png
summer,summer_img_temperate_p2671,E:\Data\summer\s1_160\summer_img_temperate_p2671.png,E:\Data\summer\s2_160\summer_img_temperate_p2671.png,False,low_texture;sar_low_texture,12.45018,6.182016,0.0,8.330231,3.864611,E:\Data\summer\s1_160\summer_img_temperate_p2671.png,E:\Data\summer\s2_160\summer_img_temperate_p2671.png
summer,ROIs1868_summer_95_p1184,E:\Data\summer\s1_95\ROIs1868_summer_s1_95_p1184.png,E:\Data\summer\s2_95\ROIs1868_summer_s2_95_p1184.png,False,low_texture,8.19339,13.445035,0.007812,20.596024,16.458978,E:\Data\summer\s1_95\ROIs1868_summer_s1_95_p1184.png,E:\Data\summer\s2_95\ROIs1868_summer_s2_95_p1184.png
winter,ROIs2017_winter_53_p259,E:\Data\winter\s1_53\ROIs2017_winter_s1_53_p259.png,E:\Data\winter\s2_53\ROIs2017_winter_s2_53_p259.png,False,water_like,33.367355,34.254831,0.801649,50.434189,47.585733,E:\Data\winter\s1_53\ROIs2017_winter_s1_53_p259.png,E:\Data\winter\s2_53\ROIs2017_winter_s2_53_p259.png
fall,ROIs1970_fall_116_p586,E:\Data\fall\s1_116\ROIs1970_fall_s1_116_p586.png,E:\Data\fall\s2_116\ROIs1970_fall_s2_116_p586.png,False,water_like,15.159958,62.871349,0.391927,36.938797,54.375342,E:\Data\fall\s1_116\ROIs1970_fall_s1_116_p586.png,E:\Data\fall\s2_116\ROIs1970_fall_s2_116_p586.png
fall,fall_img_temperate_p4587,E:\Data\fall\s1_150\fall_img_temperate_p4587.png,E:\Data\fall\s2_150\fall_img_temperate_p4587.png,False,low_texture,18.42627,17.973079,0.0,7.973343,6.53251,E:\Data\fall\s1_150\fall_img_temperate_p4587.png,E:\Data\fall\s2_150\fall_img_temperate_p4587.png
spring,ROIs1158_spring_143_p467,E:\Data\spring\s1_143\ROIs1158_spring_s1_143_p467.png,E:\Data\spring\s2_143\ROIs1158_spring_s2_143_p467.png,False,low_texture,11.891907,17.781207,0.010851,63.664047,47.497992,E:\Data\spring\s1_143\ROIs1158_spring_s1_143_p467.png,E:\Data\spring\s2_143\ROIs1158_spring_s2_143_p467.png
winter,ROIs2017_winter_146_p1771,E:\Data\winter\s1_146\ROIs2017_winter_s1_146_p1771.png,E:\Data\winter\s2_146\ROIs2017_winter_s2_146_p1771.png,False,low_texture;water_like,13.137695,21.84708,0.859375,60.156906,44.991549,E:\Data\winter\s1_146\ROIs2017_winter_s1_146_p1771.png,E:\Data\winter\s2_146\ROIs2017_winter_s2_146_p1771.png
winter,ROIs2017_winter_2_p790,E:\Data\winter\s1_2\ROIs2017_winter_s1_2_p790.png,E:\Data\winter\s2_2\ROIs2017_winter_s2_2_p790.png,False,low_texture,9.371155,10.88953,0.0,66.748001,39.114003,E:\Data\winter\s1_2\ROIs2017_winter_s1_2_p790.png,E:\Data\winter\s2_2\ROIs2017_winter_s2_2_p790.png
fall,ROIs1970_fall_138_p674,E:\Data\fall\s1_138\ROIs1970_fall_s1_138_p674.png,E:\Data\fall\s2_138\ROIs1970_fall_s2_138_p674.png,False,low_texture,9.451157,18.545925,0.00217,50.397095,42.039395,E:\Data\fall\s1_138\ROIs1970_fall_s1_138_p674.png,E:\Data\fall\s2_138\ROIs1970_fall_s2_138_p674.png
spring,ROIs1158_spring_145_p781,E:\Data\spring\s1_145\ROIs1158_spring_s1_145_p781.png,E:\Data\spring\s2_145\ROIs1158_spring_s2_145_p781.png,False,water_like,30.311295,35.141066,0.441406,62.259872,47.794093,E:\Data\spring\s1_145\ROIs1158_spring_s1_145_p781.png,E:\Data\spring\s2_145\ROIs1158_spring_s2_145_p781.png
winter,ROIs2017_winter_41_p1092,E:\Data\winter\s1_41\ROIs2017_winter_s1_41_p1092.png,E:\Data\winter\s2_41\ROIs2017_winter_s2_41_p1092.png,False,low_texture,9.590271,9.598383,0.0,25.711609,22.079981,E:\Data\winter\s1_41\ROIs2017_winter_s1_41_p1092.png,E:\Data\winter\s2_41\ROIs2017_winter_s2_41_p1092.png
spring,ROIs1158_spring_143_p653,E:\Data\spring\s1_143\ROIs1158_spring_s1_143_p653.png,E:\Data\spring\s2_143\ROIs1158_spring_s2_143_p653.png,False,water_like,42.039093,41.818982,0.365885,64.547897,46.090521,E:\Data\spring\s1_143\ROIs1158_spring_s1_143_p653.png,E:\Data\spring\s2_143\ROIs1158_spring_s2_143_p653.png
fall,ROIs1970_fall_129_p1622,E:\Data\fall\s1_129\ROIs1970_fall_s1_129_p1622.png,E:\Data\fall\s2_129\ROIs1970_fall_s2_129_p1622.png,False,low_texture;water_like,11.844482,32.263731,0.770833,53.754639,45.311185,E:\Data\fall\s1_129\ROIs1970_fall_s1_129_p1622.png,E:\Data\fall\s2_129\ROIs1970_fall_s2_129_p1622.png
spring,ROIs1158_spring_83_p517,E:\Data\spring\s1_83\ROIs1158_spring_s1_83_p517.png,E:\Data\spring\s2_83\ROIs1158_spring_s2_83_p517.png,False,water_like,26.734756,38.976214,0.585069,65.210876,49.563668,E:\Data\spring\s1_83\ROIs1158_spring_s1_83_p517.png,E:\Data\spring\s2_83\ROIs1158_spring_s2_83_p517.png
spring,ROIs1158_spring_3_p870,E:\Data\spring\s1_3\ROIs1158_spring_s1_3_p870.png,E:\Data\spring\s2_3\ROIs1158_spring_s2_3_p870.png,False,low_texture;water_like,5.812042,3.77359,1.0,34.538223,21.301878,E:\Data\spring\s1_3\ROIs1158_spring_s1_3_p870.png,E:\Data\spring\s2_3\ROIs1158_spring_s2_3_p870.png
spring,ROIs1158_spring_143_p317,E:\Data\spring\s1_143\ROIs1158_spring_s1_143_p317.png,E:\Data\spring\s2_143\ROIs1158_spring_s2_143_p317.png,False,water_like,21.338257,47.169539,0.528646,59.69281,40.269868,E:\Data\spring\s1_143\ROIs1158_spring_s1_143_p317.png,E:\Data\spring\s2_143\ROIs1158_spring_s2_143_p317.png
spring,ROIs1158_spring_148_p372,E:\Data\spring\s1_148\ROIs1158_spring_s1_148_p372.png,E:\Data\spring\s2_148\ROIs1158_spring_s2_148_p372.png,False,water_like,71.707047,45.861934,0.596354,27.046097,16.106452,E:\Data\spring\s1_148\ROIs1158_spring_s1_148_p372.png,E:\Data\spring\s2_148\ROIs1158_spring_s2_148_p372.png
fall,fall_img_tropical_p10550,E:\Data\fall\s1_150\fall_img_tropical_p10550.png,E:\Data\fall\s2_150\fall_img_tropical_p10550.png,False,low_texture,10.499908,13.392772,0.000868,33.782242,16.029479,E:\Data\fall\s1_150\fall_img_tropical_p10550.png,E:\Data\fall\s2_150\fall_img_tropical_p10550.png
summer,ROIs1868_summer_10_p966,E:\Data\summer\s1_10\ROIs1868_summer_s1_10_p966.png,E:\Data\summer\s2_10\ROIs1868_summer_s2_10_p966.png,False,low_texture,11.533905,13.31096,0.0,31.089478,25.547237,E:\Data\summer\s1_10\ROIs1868_summer_s1_10_p966.png,E:\Data\summer\s2_10\ROIs1868_summer_s2_10_p966.png
fall,ROIs1970_fall_120_p1848,E:\Data\fall\s1_120\ROIs1970_fall_s1_120_p1848.png,E:\Data\fall\s2_120\ROIs1970_fall_s2_120_p1848.png,False,water_like,26.695938,42.13487,0.664497,49.361404,33.474073,E:\Data\fall\s1_120\ROIs1970_fall_s1_120_p1848.png,E:\Data\fall\s2_120\ROIs1970_fall_s2_120_p1848.png
summer,ROIs1868_summer_95_p121,E:\Data\summer\s1_95\ROIs1868_summer_s1_95_p121.png,E:\Data\summer\s2_95\ROIs1868_summer_s2_95_p121.png,False,low_texture,9.967697,17.266377,0.014323,20.583847,12.941658,E:\Data\summer\s1_95\ROIs1868_summer_s1_95_p121.png,E:\Data\summer\s2_95\ROIs1868_summer_s2_95_p121.png
summer,ROIs1868_summer_113_p160,E:\Data\summer\s1_113\ROIs1868_summer_s1_113_p160.png,E:\Data\summer\s2_113\ROIs1868_summer_s2_113_p160.png,False,water_like,21.010849,37.486641,0.634983,53.257629,45.630809,E:\Data\summer\s1_113\ROIs1868_summer_s1_113_p160.png,E:\Data\summer\s2_113\ROIs1868_summer_s2_113_p160.png
winter,ROIs2017_winter_117_p844,E:\Data\winter\s1_117\ROIs2017_winter_s1_117_p844.png,E:\Data\winter\s2_117\ROIs2017_winter_s2_117_p844.png,False,low_texture,2.561371,0.963888,0.0,37.193939,22.249258,E:\Data\winter\s1_117\ROIs2017_winter_s1_117_p844.png,E:\Data\winter\s2_117\ROIs2017_winter_s2_117_p844.png
summer,ROIs1868_summer_127_p1478,E:\Data\summer\s1_127\ROIs1868_summer_s1_127_p1478.png,E:\Data\summer\s2_127\ROIs1868_summer_s2_127_p1478.png,False,low_texture,14.796951,15.25128,0.0,41.600021,29.477706,E:\Data\summer\s1_127\ROIs1868_summer_s1_127_p1478.png,E:\Data\summer\s2_127\ROIs1868_summer_s2_127_p1478.png
winter,ROIs2017_winter_4_p118,E:\Data\winter\s1_4\ROIs2017_winter_s1_4_p118.png,E:\Data\winter\s2_4\ROIs2017_winter_s2_4_p118.png,False,low_texture,13.6819,16.371243,0.0,35.960983,30.389787,E:\Data\winter\s1_4\ROIs2017_winter_s1_4_p118.png,E:\Data\winter\s2_4\ROIs2017_winter_s2_4_p118.png
fall,fall_img_temperate_p281,E:\Data\fall\s1_150\fall_img_temperate_p281.png,E:\Data\fall\s2_150\fall_img_temperate_p281.png,False,low_texture,17.725418,12.845942,0.0,10.880844,7.528686,E:\Data\fall\s1_150\fall_img_temperate_p281.png,E:\Data\fall\s2_150\fall_img_temperate_p281.png
fall,ROIs1970_fall_134_p1076,E:\Data\fall\s1_134\ROIs1970_fall_s1_134_p1076.png,E:\Data\fall\s2_134\ROIs1970_fall_s2_134_p1076.png,False,water_like,48.629303,35.070455,0.969184,48.561813,48.001144,E:\Data\fall\s1_134\ROIs1970_fall_s1_134_p1076.png,E:\Data\fall\s2_134\ROIs1970_fall_s2_134_p1076.png
spring,ROIs1158_spring_54_p867,E:\Data\spring\s1_54\ROIs1158_spring_s1_54_p867.png,E:\Data\spring\s2_54\ROIs1158_spring_s2_54_p867.png,False,water_like,16.086655,25.814184,0.570312,41.809189,36.492291,E:\Data\spring\s1_54\ROIs1158_spring_s1_54_p867.png,E:\Data\spring\s2_54\ROIs1158_spring_s2_54_p867.png
winter,ROIs2017_winter_69_p522,E:\Data\winter\s1_69\ROIs2017_winter_s1_69_p522.png,E:\Data\winter\s2_69\ROIs2017_winter_s2_69_p522.png,False,low_texture,12.142548,17.155104,0.0,66.218216,41.308162,E:\Data\winter\s1_69\ROIs2017_winter_s1_69_p522.png,E:\Data\winter\s2_69\ROIs2017_winter_s2_69_p522.png
summer,summer_img_temperate_p2526,E:\Data\summer\s1_160\summer_img_temperate_p2526.png,E:\Data\summer\s2_160\summer_img_temperate_p2526.png,False,low_texture;sar_low_texture,16.169113,5.456008,0.0,5.358459,2.444249,E:\Data\summer\s1_160\summer_img_temperate_p2526.png,E:\Data\summer\s2_160\summer_img_temperate_p2526.png
spring,ROIs1158_spring_101_p1286,E:\Data\spring\s1_101\ROIs1158_spring_s1_101_p1286.png,E:\Data\spring\s2_101\ROIs1158_spring_s2_101_p1286.png,False,water_like,16.953003,52.883749,0.440972,61.069778,49.790144,E:\Data\spring\s1_101\ROIs1158_spring_s1_101_p1286.png,E:\Data\spring\s2_101\ROIs1158_spring_s2_101_p1286.png
winter,winter_img_temperate_p274,E:\Data\winter\s1_171\winter_img_temperate_p274.png,E:\Data\winter\s2_171\winter_img_temperate_p274.png,False,low_texture,20.486237,14.595321,0.0,13.439545,15.970744,E:\Data\winter\s1_171\winter_img_temperate_p274.png,E:\Data\winter\s2_171\winter_img_temperate_p274.png
fall,fall_img_tropical_p12648,E:\Data\fall\s1_150\fall_img_tropical_p12648.png,E:\Data\fall\s2_150\fall_img_tropical_p12648.png,False,low_texture,8.423752,4.953766,0.0,21.858124,12.833568,E:\Data\fall\s1_150\fall_img_tropical_p12648.png,E:\Data\fall\s2_150\fall_img_tropical_p12648.png
winter,winter_img_temperate_p7040,E:\Data\winter\s1_170\winter_img_temperate_p7040.png,E:\Data\winter\s2_170\winter_img_temperate_p7040.png,False,sar_low_texture,26.553284,20.924225,0.0,2.532883,4.512872,E:\Data\winter\s1_170\winter_img_temperate_p7040.png,E:\Data\winter\s2_170\winter_img_temperate_p7040.png
fall,fall_img_temperate_p1575,E:\Data\fall\s1_150\fall_img_temperate_p1575.png,E:\Data\fall\s2_150\fall_img_temperate_p1575.png,False,low_texture;sar_low_texture,12.232529,16.005951,0.0,3.684265,3.496911,E:\Data\fall\s1_150\fall_img_temperate_p1575.png,E:\Data\fall\s2_150\fall_img_temperate_p1575.png
summer,summer_img_temperate_p6558,E:\Data\summer\s1_160\summer_img_temperate_p6558.png,E:\Data\summer\s2_160\summer_img_temperate_p6558.png,False,low_texture,20.483688,14.907544,0.0,7.284286,8.616035,E:\Data\summer\s1_160\summer_img_temperate_p6558.png,E:\Data\summer\s2_160\summer_img_temperate_p6558.png
spring,ROIs1158_spring_136_p788,E:\Data\spring\s1_136\ROIs1158_spring_s1_136_p788.png,E:\Data\spring\s2_136\ROIs1158_spring_s2_136_p788.png,False,low_texture,18.002731,17.109432,0.0,66.583221,45.039749,E:\Data\spring\s1_136\ROIs1158_spring_s1_136_p788.png,E:\Data\spring\s2_136\ROIs1158_spring_s2_136_p788.png
spring,ROIs1158_spring_0_p624,E:\Data\spring\s1_0\ROIs1158_spring_s1_0_p624.png,E:\Data\spring\s2_0\ROIs1158_spring_s2_0_p624.png,False,low_texture,9.42627,10.144843,0.0,42.150558,44.884852,E:\Data\spring\s1_0\ROIs1158_spring_s1_0_p624.png,E:\Data\spring\s2_0\ROIs1158_spring_s2_0_p624.png
fall,fall_img_temperate_p3905,E:\Data\fall\s1_150\fall_img_temperate_p3905.png,E:\Data\fall\s2_150\fall_img_temperate_p3905.png,False,low_texture;sar_low_texture,4.832565,2.581884,0.0,3.515305,1.593071,E:\Data\fall\s1_150\fall_img_temperate_p3905.png,E:\Data\fall\s2_150\fall_img_temperate_p3905.png
summer,summer_img_temperate_p2548,E:\Data\summer\s1_160\summer_img_temperate_p2548.png,E:\Data\summer\s2_160\summer_img_temperate_p2548.png,False,low_texture,15.078171,14.220542,0.0,6.743118,6.343468,E:\Data\summer\s1_160\summer_img_temperate_p2548.png,E:\Data\summer\s2_160\summer_img_temperate_p2548.png
summer,ROIs1868_summer_88_p1707,E:\Data\summer\s1_88\ROIs1868_summer_s1_88_p1707.png,E:\Data\summer\s2_88\ROIs1868_summer_s2_88_p1707.png,False,low_texture,7.707748,8.83276,0.0,40.692871,27.611015,E:\Data\summer\s1_88\ROIs1868_summer_s1_88_p1707.png,E:\Data\summer\s2_88\ROIs1868_summer_s2_88_p1707.png
spring,ROIs1158_spring_49_p829,E:\Data\spring\s1_49\ROIs1158_spring_s1_49_p829.png,E:\Data\spring\s2_49\ROIs1158_spring_s2_49_p829.png,False,low_texture;water_like,5.062881,10.782167,0.999566,45.931137,35.468243,E:\Data\spring\s1_49\ROIs1158_spring_s1_49_p829.png,E:\Data\spring\s2_49\ROIs1158_spring_s2_49_p829.png
summer,ROIs1868_summer_106_p829,E:\Data\summer\s1_106\ROIs1868_summer_s1_106_p829.png,E:\Data\summer\s2_106\ROIs1868_summer_s2_106_p829.png,False,low_texture,12.867828,24.422019,0.0,56.605652,39.254376,E:\Data\summer\s1_106\ROIs1868_summer_s1_106_p829.png,E:\Data\summer\s2_106\ROIs1868_summer_s2_106_p829.png
spring,ROIs1158_spring_145_p303,E:\Data\spring\s1_145\ROIs1158_spring_s1_145_p303.png,E:\Data\spring\s2_145\ROIs1158_spring_s2_145_p303.png,False,water_like,35.487213,36.118191,0.418403,55.637939,51.670481,E:\Data\spring\s1_145\ROIs1158_spring_s1_145_p303.png,E:\Data\spring\s2_145\ROIs1158_spring_s2_145_p303.png
winter,ROIs2017_winter_22_p256,E:\Data\winter\s1_22\ROIs2017_winter_s1_22_p256.png,E:\Data\winter\s2_22\ROIs2017_winter_s2_22_p256.png,False,low_texture,14.139786,17.355437,0.118924,63.101059,47.125167,E:\Data\winter\s1_22\ROIs2017_winter_s1_22_p256.png,E:\Data\winter\s2_22\ROIs2017_winter_s2_22_p256.png
winter,winter_img_temperate_p6838,E:\Data\winter\s1_170\winter_img_temperate_p6838.png,E:\Data\winter\s2_170\winter_img_temperate_p6838.png,False,low_texture,13.63121,13.751711,0.0,14.872009,11.573843,E:\Data\winter\s1_170\winter_img_temperate_p6838.png,E:\Data\winter\s2_170\winter_img_temperate_p6838.png
winter,ROIs2017_winter_37_p191,E:\Data\winter\s1_37\ROIs2017_winter_s1_37_p191.png,E:\Data\winter\s2_37\ROIs2017_winter_s2_37_p191.png,False,low_texture,12.483734,62.162135,0.056858,47.460388,38.158637,E:\Data\winter\s1_37\ROIs2017_winter_s1_37_p191.png,E:\Data\winter\s2_37\ROIs2017_winter_s2_37_p191.png
fall,fall_img_temperate_p2459,E:\Data\fall\s1_150\fall_img_temperate_p2459.png,E:\Data\fall\s2_150\fall_img_temperate_p2459.png,False,low_texture;sar_low_texture,11.825653,11.705947,0.0,5.579163,3.656624,E:\Data\fall\s1_150\fall_img_temperate_p2459.png,E:\Data\fall\s2_150\fall_img_temperate_p2459.png
fall,ROIs1970_fall_139_p1696,E:\Data\fall\s1_139\ROIs1970_fall_s1_139_p1696.png,E:\Data\fall\s2_139\ROIs1970_fall_s2_139_p1696.png,False,water_like,18.567963,35.952279,0.835938,33.384277,59.794428,E:\Data\fall\s1_139\ROIs1970_fall_s1_139_p1696.png,E:\Data\fall\s2_139\ROIs1970_fall_s2_139_p1696.png
summer,ROIs1868_summer_41_p341,E:\Data\summer\s1_41\ROIs1868_summer_s1_41_p341.png,E:\Data\summer\s2_41\ROIs1868_summer_s2_41_p341.png,False,low_texture;water_like,7.240189,11.864403,1.0,30.987335,22.110936,E:\Data\summer\s1_41\ROIs1868_summer_s1_41_p341.png,E:\Data\summer\s2_41\ROIs1868_summer_s2_41_p341.png
winter,ROIs2017_winter_10_p380,E:\Data\winter\s1_10\ROIs2017_winter_s1_10_p380.png,E:\Data\winter\s2_10\ROIs2017_winter_s2_10_p380.png,False,water_like,31.280701,35.811663,0.597656,47.288071,54.978573,E:\Data\winter\s1_10\ROIs2017_winter_s1_10_p380.png,E:\Data\winter\s2_10\ROIs2017_winter_s2_10_p380.png
fall,fall_img_tropical_p8376,E:\Data\fall\s1_150\fall_img_tropical_p8376.png,E:\Data\fall\s2_150\fall_img_tropical_p8376.png,False,low_texture,6.245255,2.519311,0.0,33.865601,14.816006,E:\Data\fall\s1_150\fall_img_tropical_p8376.png,E:\Data\fall\s2_150\fall_img_tropical_p8376.png
summer,ROIs1868_summer_90_p698,E:\Data\summer\s1_90\ROIs1868_summer_s1_90_p698.png,E:\Data\summer\s2_90\ROIs1868_summer_s2_90_p698.png,False,low_texture,7.947083,10.841306,0.0,50.527115,36.422706,E:\Data\summer\s1_90\ROIs1868_summer_s1_90_p698.png,E:\Data\summer\s2_90\ROIs1868_summer_s2_90_p698.png
spring,ROIs1158_spring_100_p352,E:\Data\spring\s1_100\ROIs1158_spring_s1_100_p352.png,E:\Data\spring\s2_100\ROIs1158_spring_s2_100_p352.png,False,low_texture;water_like,13.773666,29.933835,0.767361,41.78804,31.945025,E:\Data\spring\s1_100\ROIs1158_spring_s1_100_p352.png,E:\Data\spring\s2_100\ROIs1158_spring_s2_100_p352.png
spring,ROIs1158_spring_23_p669,E:\Data\spring\s1_23\ROIs1158_spring_s1_23_p669.png,E:\Data\spring\s2_23\ROIs1158_spring_s2_23_p669.png,False,low_texture;water_like,10.920837,17.551378,0.99349,39.06987,40.273603,E:\Data\spring\s1_23\ROIs1158_spring_s1_23_p669.png,E:\Data\spring\s2_23\ROIs1158_spring_s2_23_p669.png
spring,ROIs1158_spring_83_p752,E:\Data\spring\s1_83\ROIs1158_spring_s1_83_p752.png,E:\Data\spring\s2_83\ROIs1158_spring_s2_83_p752.png,False,water_like,28.954575,38.21683,0.604167,65.540054,47.703192,E:\Data\spring\s1_83\ROIs1158_spring_s1_83_p752.png,E:\Data\spring\s2_83\ROIs1158_spring_s2_83_p752.png
summer,ROIs1868_summer_115_p637,E:\Data\summer\s1_115\ROIs1868_summer_s1_115_p637.png,E:\Data\summer\s2_115\ROIs1868_summer_s2_115_p637.png,False,low_texture,14.790222,16.235133,0.0,44.63974,50.811879,E:\Data\summer\s1_115\ROIs1868_summer_s1_115_p637.png,E:\Data\summer\s2_115\ROIs1868_summer_s2_115_p637.png
spring,ROIs1158_spring_42_p710,E:\Data\spring\s1_42\ROIs1158_spring_s1_42_p710.png,E:\Data\spring\s2_42\ROIs1158_spring_s2_42_p710.png,False,low_texture,11.130859,19.447453,0.000434,43.796112,39.33977,E:\Data\spring\s1_42\ROIs1158_spring_s1_42_p710.png,E:\Data\spring\s2_42\ROIs1158_spring_s2_42_p710.png
spring,ROIs1158_spring_23_p719,E:\Data\spring\s1_23\ROIs1158_spring_s1_23_p719.png,E:\Data\spring\s2_23\ROIs1158_spring_s2_23_p719.png,False,low_texture;water_like,9.566605,29.974218,0.971354,34.131943,32.969787,E:\Data\spring\s1_23\ROIs1158_spring_s1_23_p719.png,E:\Data\spring\s2_23\ROIs1158_spring_s2_23_p719.png
summer,ROIs1868_summer_127_p1617,E:\Data\summer\s1_127\ROIs1868_summer_s1_127_p1617.png,E:\Data\summer\s2_127\ROIs1868_summer_s2_127_p1617.png,False,low_texture,12.094009,20.104711,0.0,41.197113,53.741269,E:\Data\summer\s1_127\ROIs1868_summer_s1_127_p1617.png,E:\Data\summer\s2_127\ROIs1868_summer_s2_127_p1617.png
winter,ROIs2017_winter_66_p52,E:\Data\winter\s1_66\ROIs2017_winter_s1_66_p52.png,E:\Data\winter\s2_66\ROIs2017_winter_s2_66_p52.png,False,low_texture,17.726837,10.597707,0.0,57.159088,37.609065,E:\Data\winter\s1_66\ROIs2017_winter_s1_66_p52.png,E:\Data\winter\s2_66\ROIs2017_winter_s2_66_p52.png
summer,ROIs1868_summer_75_p25,E:\Data\summer\s1_75\ROIs1868_summer_s1_75_p25.png,E:\Data\summer\s2_75\ROIs1868_summer_s2_75_p25.png,False,low_texture;water_like,32.068924,9.924466,1.0,32.279419,23.493097,E:\Data\summer\s1_75\ROIs1868_summer_s1_75_p25.png,E:\Data\summer\s2_75\ROIs1868_summer_s2_75_p25.png
winter,winter_img_temperate_p9164,E:\Data\winter\s1_170\winter_img_temperate_p9164.png,E:\Data\winter\s2_170\winter_img_temperate_p9164.png,False,low_texture,14.529175,17.372282,0.0,11.202011,11.170064,E:\Data\winter\s1_170\winter_img_temperate_p9164.png,E:\Data\winter\s2_170\winter_img_temperate_p9164.png
summer,ROIs1868_summer_132_p96,E:\Data\summer\s1_132\ROIs1868_summer_s1_132_p96.png,E:\Data\summer\s2_132\ROIs1868_summer_s2_132_p96.png,False,low_texture,9.666214,20.939172,0.0,63.986847,40.669757,E:\Data\summer\s1_132\ROIs1868_summer_s1_132_p96.png,E:\Data\summer\s2_132\ROIs1868_summer_s2_132_p96.png
fall,ROIs1970_fall_62_p499,E:\Data\fall\s1_62\ROIs1970_fall_s1_62_p499.png,E:\Data\fall\s2_62\ROIs1970_fall_s2_62_p499.png,False,water_like,46.974518,48.891878,0.403212,57.069397,52.726046,E:\Data\fall\s1_62\ROIs1970_fall_s1_62_p499.png,E:\Data\fall\s2_62\ROIs1970_fall_s2_62_p499.png
summer,ROIs1868_summer_88_p1164,E:\Data\summer\s1_88\ROIs1868_summer_s1_88_p1164.png,E:\Data\summer\s2_88\ROIs1868_summer_s2_88_p1164.png,False,low_texture,5.955902,9.415145,0.0,42.21463,44.925835,E:\Data\summer\s1_88\ROIs1868_summer_s1_88_p1164.png,E:\Data\summer\s2_88\ROIs1868_summer_s2_88_p1164.png
winter,winter_img_temperate_p8825,E:\Data\winter\s1_170\winter_img_temperate_p8825.png,E:\Data\winter\s2_170\winter_img_temperate_p8825.png,False,low_texture,18.275177,16.162286,0.0,8.556778,11.156197,E:\Data\winter\s1_170\winter_img_temperate_p8825.png,E:\Data\winter\s2_170\winter_img_temperate_p8825.png
spring,ROIs1158_spring_54_p640,E:\Data\spring\s1_54\ROIs1158_spring_s1_54_p640.png,E:\Data\spring\s2_54\ROIs1158_spring_s2_54_p640.png,False,water_like,35.004669,43.80167,0.876736,52.828445,60.846278,E:\Data\spring\s1_54\ROIs1158_spring_s1_54_p640.png,E:\Data\spring\s2_54\ROIs1158_spring_s2_54_p640.png
winter,ROIs2017_winter_34_p1178,E:\Data\winter\s1_34\ROIs2017_winter_s1_34_p1178.png,E:\Data\winter\s2_34\ROIs2017_winter_s2_34_p1178.png,False,low_texture,10.746017,17.097299,0.0,36.188141,26.283791,E:\Data\winter\s1_34\ROIs2017_winter_s1_34_p1178.png,E:\Data\winter\s2_34\ROIs2017_winter_s2_34_p1178.png
summer,ROIs1868_summer_54_p1135,E:\Data\summer\s1_54\ROIs1868_summer_s1_54_p1135.png,E:\Data\summer\s2_54\ROIs1868_summer_s2_54_p1135.png,False,water_like,17.263504,31.979545,0.977431,34.162155,31.951714,E:\Data\summer\s1_54\ROIs1868_summer_s1_54_p1135.png,E:\Data\summer\s2_54\ROIs1868_summer_s2_54_p1135.png
summer,ROIs1868_summer_58_p257,E:\Data\summer\s1_58\ROIs1868_summer_s1_58_p257.png,E:\Data\summer\s2_58\ROIs1868_summer_s2_58_p257.png,False,water_like,28.083221,58.831906,0.554253,44.187927,34.375149,E:\Data\summer\s1_58\ROIs1868_summer_s1_58_p257.png,E:\Data\summer\s2_58\ROIs1868_summer_s2_58_p257.png
summer,ROIs1868_summer_61_p581,E:\Data\summer\s1_61\ROIs1868_summer_s1_61_p581.png,E:\Data\summer\s2_61\ROIs1868_summer_s2_61_p581.png,False,low_texture,13.429031,20.424714,0.0,73.507111,49.135342,E:\Data\summer\s1_61\ROIs1868_summer_s1_61_p581.png,E:\Data\summer\s2_61\ROIs1868_summer_s2_61_p581.png
spring,ROIs1158_spring_101_p1414,E:\Data\spring\s1_101\ROIs1158_spring_s1_101_p1414.png,E:\Data\spring\s2_101\ROIs1158_spring_s2_101_p1414.png,False,water_like,15.525818,22.372648,0.655382,60.866653,59.200244,E:\Data\spring\s1_101\ROIs1158_spring_s1_101_p1414.png,E:\Data\spring\s2_101\ROIs1158_spring_s2_101_p1414.png
winter,ROIs2017_winter_2_p166,E:\Data\winter\s1_2\ROIs2017_winter_s1_2_p166.png,E:\Data\winter\s2_2\ROIs2017_winter_s2_2_p166.png,False,low_texture,8.041946,13.993152,0.0,71.217941,40.460344,E:\Data\winter\s1_2\ROIs2017_winter_s1_2_p166.png,E:\Data\winter\s2_2\ROIs2017_winter_s2_2_p166.png
fall,ROIs1970_fall_10_p781,E:\Data\fall\s1_10\ROIs1970_fall_s1_10_p781.png,E:\Data\fall\s2_10\ROIs1970_fall_s2_10_p781.png,False,low_texture;water_like,15.250885,15.478813,0.983507,46.34082,38.874393,E:\Data\fall\s1_10\ROIs1970_fall_s1_10_p781.png,E:\Data\fall\s2_10\ROIs1970_fall_s2_10_p781.png
fall,fall_img_tropical_p5459,E:\Data\fall\s1_150\fall_img_tropical_p5459.png,E:\Data\fall\s2_150\fall_img_tropical_p5459.png,False,low_texture,6.161163,13.868749,0.018229,37.611328,18.084161,E:\Data\fall\s1_150\fall_img_tropical_p5459.png,E:\Data\fall\s2_150\fall_img_tropical_p5459.png
spring,ROIs1158_spring_100_p275,E:\Data\spring\s1_100\ROIs1158_spring_s1_100_p275.png,E:\Data\spring\s2_100\ROIs1158_spring_s2_100_p275.png,False,low_texture;water_like,11.797394,21.541143,0.769531,41.441528,34.000392,E:\Data\spring\s1_100\ROIs1158_spring_s1_100_p275.png,E:\Data\spring\s2_100\ROIs1158_spring_s2_100_p275.png
winter,ROIs2017_winter_102_p797,E:\Data\winter\s1_102\ROIs2017_winter_s1_102_p797.png,E:\Data\winter\s2_102\ROIs2017_winter_s2_102_p797.png,False,low_texture,12.070068,28.319667,0.0,42.430496,41.131083,E:\Data\winter\s1_102\ROIs2017_winter_s1_102_p797.png,E:\Data\winter\s2_102\ROIs2017_winter_s2_102_p797.png
fall,fall_img_tropical_p10176,E:\Data\fall\s1_150\fall_img_tropical_p10176.png,E:\Data\fall\s2_150\fall_img_tropical_p10176.png,False,low_texture,6.929276,7.006524,0.0,24.730804,18.797922,E:\Data\fall\s1_150\fall_img_tropical_p10176.png,E:\Data\fall\s2_150\fall_img_tropical_p10176.png
spring,ROIs1158_spring_14_p504,E:\Data\spring\s1_14\ROIs1158_spring_s1_14_p504.png,E:\Data\spring\s2_14\ROIs1158_spring_s2_14_p504.png,False,low_texture,2.955811,1.585271,0.0,53.288757,32.478236,E:\Data\spring\s1_14\ROIs1158_spring_s1_14_p504.png,E:\Data\spring\s2_14\ROIs1158_spring_s2_14_p504.png
fall,ROIs1970_fall_129_p1276,E:\Data\fall\s1_129\ROIs1970_fall_s1_129_p1276.png,E:\Data\fall\s2_129\ROIs1970_fall_s2_129_p1276.png,False,water_like,16.739914,25.715936,0.581597,54.594299,47.933691,E:\Data\fall\s1_129\ROIs1970_fall_s1_129_p1276.png,E:\Data\fall\s2_129\ROIs1970_fall_s2_129_p1276.png
winter,ROIs2017_winter_47_p1052,E:\Data\winter\s1_47\ROIs2017_winter_s1_47_p1052.png,E:\Data\winter\s2_47\ROIs2017_winter_s2_47_p1052.png,False,water_like,29.172485,58.680836,0.39974,57.132507,49.120072,E:\Data\winter\s1_47\ROIs2017_winter_s1_47_p1052.png,E:\Data\winter\s2_47\ROIs2017_winter_s2_47_p1052.png
spring,spring_img_temperate_p533,E:\Data\spring\s1_155\spring_img_temperate_p533.png,E:\Data\spring\s2_155\spring_img_temperate_p533.png,False,low_texture,8.641159,7.676087,0.0,7.220642,6.883837,E:\Data\spring\s1_155\spring_img_temperate_p533.png,E:\Data\spring\s2_155\spring_img_temperate_p533.png
summer,ROIs1868_summer_113_p194,E:\Data\summer\s1_113\ROIs1868_summer_s1_113_p194.png,E:\Data\summer\s2_113\ROIs1868_summer_s2_113_p194.png,False,water_like,18.358887,37.969526,0.431858,52.170944,41.740158,E:\Data\summer\s1_113\ROIs1868_summer_s1_113_p194.png,E:\Data\summer\s2_113\ROIs1868_summer_s2_113_p194.png
spring,ROIs1158_spring_100_p412,E:\Data\spring\s1_100\ROIs1158_spring_s1_100_p412.png,E:\Data\spring\s2_100\ROIs1158_spring_s2_100_p412.png,False,water_like,17.573151,29.380517,0.701823,42.579697,33.751883,E:\Data\spring\s1_100\ROIs1158_spring_s1_100_p412.png,E:\Data\spring\s2_100\ROIs1158_spring_s2_100_p412.png
spring,spring_img_temperate_p348,E:\Data\spring\s1_155\spring_img_temperate_p348.png,E:\Data\spring\s2_155\spring_img_temperate_p348.png,False,low_texture,9.076401,6.703586,0.0,6.96817,7.071206,E:\Data\spring\s1_155\spring_img_temperate_p348.png,E:\Data\spring\s2_155\spring_img_temperate_p348.png
winter,ROIs2017_winter_9_p509,E:\Data\winter\s1_9\ROIs2017_winter_s1_9_p509.png,E:\Data\winter\s2_9\ROIs2017_winter_s2_9_p509.png,False,low_texture,10.600433,16.80459,0.005208,44.579727,52.881754,E:\Data\winter\s1_9\ROIs2017_winter_s1_9_p509.png,E:\Data\winter\s2_9\ROIs2017_winter_s2_9_p509.png
spring,ROIs1158_spring_101_p1360,E:\Data\spring\s1_101\ROIs1158_spring_s1_101_p1360.png,E:\Data\spring\s2_101\ROIs1158_spring_s2_101_p1360.png,False,water_like,21.464417,28.887944,0.770833,61.820541,54.871831,E:\Data\spring\s1_101\ROIs1158_spring_s1_101_p1360.png,E:\Data\spring\s2_101\ROIs1158_spring_s2_101_p1360.png
winter,ROIs2017_winter_13_p890,E:\Data\winter\s1_13\ROIs2017_winter_s1_13_p890.png,E:\Data\winter\s2_13\ROIs2017_winter_s2_13_p890.png,False,water_like,18.878021,29.930385,0.875868,40.599854,56.662694,E:\Data\winter\s1_13\ROIs2017_winter_s1_13_p890.png,E:\Data\winter\s2_13\ROIs2017_winter_s2_13_p890.png
winter,winter_img_temperate_p11025,E:\Data\winter\s1_170\winter_img_temperate_p11025.png,E:\Data\winter\s2_170\winter_img_temperate_p11025.png,False,low_texture,11.610825,9.348335,0.0,17.30513,13.443908,E:\Data\winter\s1_170\winter_img_temperate_p11025.png,E:\Data\winter\s2_170\winter_img_temperate_p11025.png
winter,ROIs2017_winter_13_p503,E:\Data\winter\s1_13\ROIs2017_winter_s1_13_p503.png,E:\Data\winter\s2_13\ROIs2017_winter_s2_13_p503.png,False,water_like,19.437668,21.623749,0.720052,49.608658,43.671726,E:\Data\winter\s1_13\ROIs2017_winter_s1_13_p503.png,E:\Data\winter\s2_13\ROIs2017_winter_s2_13_p503.png
summer,ROIs1868_summer_90_p703,E:\Data\summer\s1_90\ROIs1868_summer_s1_90_p703.png,E:\Data\summer\s2_90\ROIs1868_summer_s2_90_p703.png,False,low_texture,6.396973,10.114881,0.0,50.265732,36.295165,E:\Data\summer\s1_90\ROIs1868_summer_s1_90_p703.png,E:\Data\summer\s2_90\ROIs1868_summer_s2_90_p703.png
winter,winter_img_temperate_p2422,E:\Data\winter\s1_171\winter_img_temperate_p2422.png,E:\Data\winter\s2_171\winter_img_temperate_p2422.png,False,low_texture,7.417755,9.059312,0.004774,33.129517,47.319381,E:\Data\winter\s1_171\winter_img_temperate_p2422.png,E:\Data\winter\s2_171\winter_img_temperate_p2422.png
fall,ROIs1970_fall_87_p932,E:\Data\fall\s1_87\ROIs1970_fall_s1_87_p932.png,E:\Data\fall\s2_87\ROIs1970_fall_s2_87_p932.png,False,low_texture,18.590485,16.577678,0.0,55.262314,48.468582,E:\Data\fall\s1_87\ROIs1970_fall_s1_87_p932.png,E:\Data\fall\s2_87\ROIs1970_fall_s2_87_p932.png
winter,ROIs2017_winter_69_p578,E:\Data\winter\s1_69\ROIs2017_winter_s1_69_p578.png,E:\Data\winter\s2_69\ROIs2017_winter_s2_69_p578.png,False,low_texture,11.734634,17.317922,0.0,68.101028,42.285211,E:\Data\winter\s1_69\ROIs2017_winter_s1_69_p578.png,E:\Data\winter\s2_69\ROIs2017_winter_s2_69_p578.png
spring,ROIs1158_spring_59_p919,E:\Data\spring\s1_59\ROIs1158_spring_s1_59_p919.png,E:\Data\spring\s2_59\ROIs1158_spring_s2_59_p919.png,False,water_like,20.501068,59.358958,0.781684,60.172256,45.689995,E:\Data\spring\s1_59\ROIs1158_spring_s1_59_p919.png,E:\Data\spring\s2_59\ROIs1158_spring_s2_59_p919.png
summer,ROIs1868_summer_78_p187,E:\Data\summer\s1_78\ROIs1868_summer_s1_78_p187.png,E:\Data\summer\s2_78\ROIs1868_summer_s2_78_p187.png,False,low_texture,12.325073,19.010486,0.0,60.125381,44.207138,E:\Data\summer\s1_78\ROIs1868_summer_s1_78_p187.png,E:\Data\summer\s2_78\ROIs1868_summer_s2_78_p187.png
winter,ROIs2017_winter_69_p863,E:\Data\winter\s1_69\ROIs2017_winter_s1_69_p863.png,E:\Data\winter\s2_69\ROIs2017_winter_s2_69_p863.png,False,low_texture,10.290558,13.348493,0.0,65.453415,39.831632,E:\Data\winter\s1_69\ROIs2017_winter_s1_69_p863.png,E:\Data\winter\s2_69\ROIs2017_winter_s2_69_p863.png
summer,ROIs1868_summer_38_p264,E:\Data\summer\s1_38\ROIs1868_summer_s1_38_p264.png,E:\Data\summer\s2_38\ROIs1868_summer_s2_38_p264.png,False,low_texture,10.67807,10.015636,0.0,39.052704,26.76433,E:\Data\summer\s1_38\ROIs1868_summer_s1_38_p264.png,E:\Data\summer\s2_38\ROIs1868_summer_s2_38_p264.png
fall,fall_img_tropical_p8561,E:\Data\fall\s1_150\fall_img_tropical_p8561.png,E:\Data\fall\s2_150\fall_img_tropical_p8561.png,False,low_texture,7.035934,7.74945,0.0,27.508438,18.236175,E:\Data\fall\s1_150\fall_img_tropical_p8561.png,E:\Data\fall\s2_150\fall_img_tropical_p8561.png
fall,fall_img_tropical_p10062,E:\Data\fall\s1_150\fall_img_tropical_p10062.png,E:\Data\fall\s2_150\fall_img_tropical_p10062.png,False,low_texture,5.742661,6.6881,0.0,13.845703,15.271169,E:\Data\fall\s1_150\fall_img_tropical_p10062.png,E:\Data\fall\s2_150\fall_img_tropical_p10062.png
fall,ROIs1970_fall_129_p1858,E:\Data\fall\s1_129\ROIs1970_fall_s1_129_p1858.png,E:\Data\fall\s2_129\ROIs1970_fall_s2_129_p1858.png,False,water_like,15.933807,28.627976,0.395399,53.624054,44.496013,E:\Data\fall\s1_129\ROIs1970_fall_s1_129_p1858.png,E:\Data\fall\s2_129\ROIs1970_fall_s2_129_p1858.png
summer,ROIs1868_summer_47_p7,E:\Data\summer\s1_47\ROIs1868_summer_s1_47_p7.png,E:\Data\summer\s2_47\ROIs1868_summer_s2_47_p7.png,False,water_like,16.873428,44.582088,0.844184,42.759048,47.643996,E:\Data\summer\s1_47\ROIs1868_summer_s1_47_p7.png,E:\Data\summer\s2_47\ROIs1868_summer_s2_47_p7.png
summer,ROIs1868_summer_115_p536,E:\Data\summer\s1_115\ROIs1868_summer_s1_115_p536.png,E:\Data\summer\s2_115\ROIs1868_summer_s2_115_p536.png,False,low_texture,10.615128,17.892975,0.03342,43.38562,34.08575,E:\Data\summer\s1_115\ROIs1868_summer_s1_115_p536.png,E:\Data\summer\s2_115\ROIs1868_summer_s2_115_p536.png
summer,ROIs1868_summer_41_p994,E:\Data\summer\s1_41\ROIs1868_summer_s1_41_p994.png,E:\Data\summer\s2_41\ROIs1868_summer_s2_41_p994.png,False,low_texture,12.81044,26.550231,0.0,33.448837,37.072324,E:\Data\summer\s1_41\ROIs1868_summer_s1_41_p994.png,E:\Data\summer\s2_41\ROIs1868_summer_s2_41_p994.png
summer,ROIs1868_summer_78_p495,E:\Data\summer\s1_78\ROIs1868_summer_s1_78_p495.png,E:\Data\summer\s2_78\ROIs1868_summer_s2_78_p495.png,False,low_texture,8.361954,13.859464,0.0,66.964157,39.480251,E:\Data\summer\s1_78\ROIs1868_summer_s1_78_p495.png,E:\Data\summer\s2_78\ROIs1868_summer_s2_78_p495.png
spring,ROIs1158_spring_23_p556,E:\Data\spring\s1_23\ROIs1158_spring_s1_23_p556.png,E:\Data\spring\s2_23\ROIs1158_spring_s2_23_p556.png,False,water_like,29.352783,26.113833,0.950521,40.108597,42.888922,E:\Data\spring\s1_23\ROIs1158_spring_s1_23_p556.png,E:\Data\spring\s2_23\ROIs1158_spring_s2_23_p556.png
summer,ROIs1868_summer_54_p804,E:\Data\summer\s1_54\ROIs1868_summer_s1_54_p804.png,E:\Data\summer\s2_54\ROIs1868_summer_s2_54_p804.png,False,low_texture;water_like,12.977005,17.771014,0.978299,32.752502,32.274173,E:\Data\summer\s1_54\ROIs1868_summer_s1_54_p804.png,E:\Data\summer\s2_54\ROIs1868_summer_s2_54_p804.png
fall,fall_img_tropical_p8349,E:\Data\fall\s1_150\fall_img_tropical_p8349.png,E:\Data\fall\s2_150\fall_img_tropical_p8349.png,False,low_texture,6.338562,2.682919,0.0,36.542664,16.310322,E:\Data\fall\s1_150\fall_img_tropical_p8349.png,E:\Data\fall\s2_150\fall_img_tropical_p8349.png
fall,ROIs1970_fall_16_p72,E:\Data\fall\s1_16\ROIs1970_fall_s1_16_p72.png,E:\Data\fall\s2_16\ROIs1970_fall_s2_16_p72.png,False,low_texture,1.919144,0.632484,0.0,32.686249,18.908522,E:\Data\fall\s1_16\ROIs1970_fall_s1_16_p72.png,E:\Data\fall\s2_16\ROIs1970_fall_s2_16_p72.png
winter,ROIs2017_winter_6_p1248,E:\Data\winter\s1_6\ROIs2017_winter_s1_6_p1248.png,E:\Data\winter\s2_6\ROIs2017_winter_s2_6_p1248.png,False,water_like,23.534012,55.034497,0.590278,44.020782,43.171978,E:\Data\winter\s1_6\ROIs2017_winter_s1_6_p1248.png,E:\Data\winter\s2_6\ROIs2017_winter_s2_6_p1248.png
summer,ROIs1868_summer_88_p1783,E:\Data\summer\s1_88\ROIs1868_summer_s1_88_p1783.png,E:\Data\summer\s2_88\ROIs1868_summer_s2_88_p1783.png,False,low_texture,7.306107,12.084955,0.0,41.356552,46.001068,E:\Data\summer\s1_88\ROIs1868_summer_s1_88_p1783.png,E:\Data\summer\s2_88\ROIs1868_summer_s2_88_p1783.png
spring,ROIs1158_spring_101_p1237,E:\Data\spring\s1_101\ROIs1158_spring_s1_101_p1237.png,E:\Data\spring\s2_101\ROIs1158_spring_s2_101_p1237.png,False,water_like,26.13121,36.806238,0.448351,60.358017,58.399065,E:\Data\spring\s1_101\ROIs1158_spring_s1_101_p1237.png,E:\Data\spring\s2_101\ROIs1158_spring_s2_101_p1237.png
winter,ROIs2017_winter_97_p1222,E:\Data\winter\s1_97\ROIs2017_winter_s1_97_p1222.png,E:\Data\winter\s2_97\ROIs2017_winter_s2_97_p1222.png,False,low_texture,6.944031,18.153653,0.0,64.710999,45.26132,E:\Data\winter\s1_97\ROIs2017_winter_s1_97_p1222.png,E:\Data\winter\s2_97\ROIs2017_winter_s2_97_p1222.png
spring,ROIs1158_spring_3_p862,E:\Data\spring\s1_3\ROIs1158_spring_s1_3_p862.png,E:\Data\spring\s2_3\ROIs1158_spring_s2_3_p862.png,False,low_texture;water_like,6.767166,16.006136,0.846354,37.599472,36.305262,E:\Data\spring\s1_3\ROIs1158_spring_s1_3_p862.png,E:\Data\spring\s2_3\ROIs1158_spring_s2_3_p862.png
winter,ROIs2017_winter_102_p423,E:\Data\winter\s1_102\ROIs2017_winter_s1_102_p423.png,E:\Data\winter\s2_102\ROIs2017_winter_s2_102_p423.png,False,low_texture,11.237259,16.191811,0.0,39.600052,39.451549,E:\Data\winter\s1_102\ROIs2017_winter_s1_102_p423.png,E:\Data\winter\s2_102\ROIs2017_winter_s2_102_p423.png
spring,ROIs1158_spring_37_p575,E:\Data\spring\s1_37\ROIs1158_spring_s1_37_p575.png,E:\Data\spring\s2_37\ROIs1158_spring_s2_37_p575.png,False,low_texture,13.818115,18.344316,0.067274,45.676575,52.900903,E:\Data\spring\s1_37\ROIs1158_spring_s1_37_p575.png,E:\Data\spring\s2_37\ROIs1158_spring_s2_37_p575.png
summer,ROIs1868_summer_25_p563,E:\Data\summer\s1_25\ROIs1868_summer_s1_25_p563.png,E:\Data\summer\s2_25\ROIs1868_summer_s2_25_p563.png,False,low_texture,10.706711,38.740016,0.0,40.118073,59.815562,E:\Data\summer\s1_25\ROIs1868_summer_s1_25_p563.png,E:\Data\summer\s2_25\ROIs1868_summer_s2_25_p563.png
spring,ROIs1158_spring_65_p1303,E:\Data\spring\s1_65\ROIs1158_spring_s1_65_p1303.png,E:\Data\spring\s2_65\ROIs1158_spring_s2_65_p1303.png,False,low_texture,8.762619,17.22827,0.0,58.752457,53.13332,E:\Data\spring\s1_65\ROIs1158_spring_s1_65_p1303.png,E:\Data\spring\s2_65\ROIs1158_spring_s2_65_p1303.png
winter,ROIs2017_winter_0_p289,E:\Data\winter\s1_0\ROIs2017_winter_s1_0_p289.png,E:\Data\winter\s2_0\ROIs2017_winter_s2_0_p289.png,False,water_like,27.008713,61.251779,0.478733,57.915833,52.693972,E:\Data\winter\s1_0\ROIs2017_winter_s1_0_p289.png,E:\Data\winter\s2_0\ROIs2017_winter_s2_0_p289.png
summer,ROIs1868_summer_88_p1167,E:\Data\summer\s1_88\ROIs1868_summer_s1_88_p1167.png,E:\Data\summer\s2_88\ROIs1868_summer_s2_88_p1167.png,False,low_texture,4.414505,7.144711,0.0,41.515533,34.253876,E:\Data\summer\s1_88\ROIs1868_summer_s1_88_p1167.png,E:\Data\summer\s2_88\ROIs1868_summer_s2_88_p1167.png
summer,ROIs1868_summer_88_p839,E:\Data\summer\s1_88\ROIs1868_summer_s1_88_p839.png,E:\Data\summer\s2_88\ROIs1868_summer_s2_88_p839.png,False,low_texture,5.728104,8.236888,0.0,40.820801,57.493379,E:\Data\summer\s1_88\ROIs1868_summer_s1_88_p839.png,E:\Data\summer\s2_88\ROIs1868_summer_s2_88_p839.png
fall,ROIs1970_fall_10_p847,E:\Data\fall\s1_10\ROIs1970_fall_s1_10_p847.png,E:\Data\fall\s2_10\ROIs1970_fall_s2_10_p847.png,False,water_like,17.726547,19.081091,0.97092,46.300995,38.593367,E:\Data\fall\s1_10\ROIs1970_fall_s1_10_p847.png,E:\Data\fall\s2_10\ROIs1970_fall_s2_10_p847.png
fall,ROIs1970_fall_139_p1431,E:\Data\fall\s1_139\ROIs1970_fall_s1_139_p1431.png,E:\Data\fall\s2_139\ROIs1970_fall_s2_139_p1431.png,False,water_like,23.126968,35.082626,0.584201,28.867538,24.752893,E:\Data\fall\s1_139\ROIs1970_fall_s1_139_p1431.png,E:\Data\fall\s2_139\ROIs1970_fall_s2_139_p1431.png
fall,ROIs1970_fall_25_p903,E:\Data\fall\s1_25\ROIs1970_fall_s1_25_p903.png,E:\Data\fall\s2_25\ROIs1970_fall_s2_25_p903.png,False,low_texture,15.767319,17.236642,0.0,34.968643,30.565328,E:\Data\fall\s1_25\ROIs1970_fall_s1_25_p903.png,E:\Data\fall\s2_25\ROIs1970_fall_s2_25_p903.png
summer,ROIs1868_summer_75_p160,E:\Data\summer\s1_75\ROIs1868_summer_s1_75_p160.png,E:\Data\summer\s2_75\ROIs1868_summer_s2_75_p160.png,False,low_texture;water_like,32.092606,11.81893,1.0,32.547638,23.465955,E:\Data\summer\s1_75\ROIs1868_summer_s1_75_p160.png,E:\Data\summer\s2_75\ROIs1868_summer_s2_75_p160.png
winter,ROIs2017_winter_97_p944,E:\Data\winter\s1_97\ROIs2017_winter_s1_97_p944.png,E:\Data\winter\s2_97\ROIs2017_winter_s2_97_p944.png,False,low_texture,13.174881,25.226511,0.000868,62.927658,47.4684,E:\Data\winter\s1_97\ROIs2017_winter_s1_97_p944.png,E:\Data\winter\s2_97\ROIs2017_winter_s2_97_p944.png
summer,ROIs1868_summer_115_p371,E:\Data\summer\s1_115\ROIs1868_summer_s1_115_p371.png,E:\Data\summer\s2_115\ROIs1868_summer_s2_115_p371.png,False,low_texture,9.963776,13.877248,0.0,46.166336,31.709845,E:\Data\summer\s1_115\ROIs1868_summer_s1_115_p371.png,E:\Data\summer\s2_115\ROIs1868_summer_s2_115_p371.png
winter,ROIs2017_winter_8_p453,E:\Data\winter\s1_8\ROIs2017_winter_s1_8_p453.png,E:\Data\winter\s2_8\ROIs2017_winter_s2_8_p453.png,False,water_like,16.62471,28.993032,0.928819,44.483261,44.749375,E:\Data\winter\s1_8\ROIs2017_winter_s1_8_p453.png,E:\Data\winter\s2_8\ROIs2017_winter_s2_8_p453.png
summer,summer_img_temperate_p5967,E:\Data\summer\s1_160\summer_img_temperate_p5967.png,E:\Data\summer\s2_160\summer_img_temperate_p5967.png,False,low_texture,13.715515,13.944804,0.0,11.26329,12.571198,E:\Data\summer\s1_160\summer_img_temperate_p5967.png,E:\Data\summer\s2_160\summer_img_temperate_p5967.png
fall,fall_img_tropical_p6952,E:\Data\fall\s1_150\fall_img_tropical_p6952.png,E:\Data\fall\s2_150\fall_img_tropical_p6952.png,False,low_texture,6.736664,2.634567,0.0,34.251053,14.963982,E:\Data\fall\s1_150\fall_img_tropical_p6952.png,E:\Data\fall\s2_150\fall_img_tropical_p6952.png
winter,ROIs2017_winter_24_p688,E:\Data\winter\s1_24\ROIs2017_winter_s1_24_p688.png,E:\Data\winter\s2_24\ROIs2017_winter_s2_24_p688.png,False,low_texture,5.75499,7.019524,0.0,39.406967,45.20264,E:\Data\winter\s1_24\ROIs2017_winter_s1_24_p688.png,E:\Data\winter\s2_24\ROIs2017_winter_s2_24_p688.png
summer,ROIs1868_summer_75_p518,E:\Data\summer\s1_75\ROIs1868_summer_s1_75_p518.png,E:\Data\summer\s2_75\ROIs1868_summer_s2_75_p518.png,False,low_texture;water_like,15.424698,8.218287,1.0,31.099533,20.630612,E:\Data\summer\s1_75\ROIs1868_summer_s1_75_p518.png,E:\Data\summer\s2_75\ROIs1868_summer_s2_75_p518.png
fall,ROIs1970_fall_42_p561,E:\Data\fall\s1_42\ROIs1970_fall_s1_42_p561.png,E:\Data\fall\s2_42\ROIs1970_fall_s2_42_p561.png,False,low_texture;water_like,13.95462,22.057063,1.0,26.404785,21.755859,E:\Data\fall\s1_42\ROIs1970_fall_s1_42_p561.png,E:\Data\fall\s2_42\ROIs1970_fall_s2_42_p561.png
summer,ROIs1868_summer_121_p155,E:\Data\summer\s1_121\ROIs1868_summer_s1_121_p155.png,E:\Data\summer\s2_121\ROIs1868_summer_s2_121_p155.png,False,water_like,45.608994,48.976605,0.549479,69.609741,50.684684,E:\Data\summer\s1_121\ROIs1868_summer_s1_121_p155.png,E:\Data\summer\s2_121\ROIs1868_summer_s2_121_p155.png
fall,fall_img_temperate_p2296,E:\Data\fall\s1_150\fall_img_temperate_p2296.png,E:\Data\fall\s2_150\fall_img_temperate_p2296.png,False,low_texture;sar_low_texture,15.891617,6.4093,0.0,8.274231,3.818821,E:\Data\fall\s1_150\fall_img_temperate_p2296.png,E:\Data\fall\s2_150\fall_img_temperate_p2296.png
fall,ROIs1970_fall_72_p776,E:\Data\fall\s1_72\ROIs1970_fall_s1_72_p776.png,E:\Data\fall\s2_72\ROIs1970_fall_s2_72_p776.png,False,low_texture,18.42038,17.969672,0.075955,30.011902,22.175901,E:\Data\fall\s1_72\ROIs1970_fall_s1_72_p776.png,E:\Data\fall\s2_72\ROIs1970_fall_s2_72_p776.png
spring,ROIs1158_spring_145_p691,E:\Data\spring\s1_145\ROIs1158_spring_s1_145_p691.png,E:\Data\spring\s2_145\ROIs1158_spring_s2_145_p691.png,False,water_like,29.361542,32.004367,0.653212,62.604172,44.896035,E:\Data\spring\s1_145\ROIs1158_spring_s1_145_p691.png,E:\Data\spring\s2_145\ROIs1158_spring_s2_145_p691.png
spring,ROIs1158_spring_42_p758,E:\Data\spring\s1_42\ROIs1158_spring_s1_42_p758.png,E:\Data\spring\s2_42\ROIs1158_spring_s2_42_p758.png,False,low_texture,13.175201,10.180128,0.0,49.528564,35.558433,E:\Data\spring\s1_42\ROIs1158_spring_s1_42_p758.png,E:\Data\spring\s2_42\ROIs1158_spring_s2_42_p758.png
summer,ROIs1868_summer_25_p222,E:\Data\summer\s1_25\ROIs1868_summer_s1_25_p222.png,E:\Data\summer\s2_25\ROIs1868_summer_s2_25_p222.png,False,low_texture,6.912048,27.139187,0.0,39.881714,55.812351,E:\Data\summer\s1_25\ROIs1868_summer_s1_25_p222.png,E:\Data\summer\s2_25\ROIs1868_summer_s2_25_p222.png
spring,ROIs1158_spring_24_p777,E:\Data\spring\s1_24\ROIs1158_spring_s1_24_p777.png,E:\Data\spring\s2_24\ROIs1158_spring_s2_24_p777.png,False,water_like,21.152283,24.81885,0.823785,41.870163,42.105087,E:\Data\spring\s1_24\ROIs1158_spring_s1_24_p777.png,E:\Data\spring\s2_24\ROIs1158_spring_s2_24_p777.png
winter,winter_img_temperate_p9589,E:\Data\winter\s1_170\winter_img_temperate_p9589.png,E:\Data\winter\s2_170\winter_img_temperate_p9589.png,False,low_texture,10.855499,13.628777,0.0,14.447891,12.37358,E:\Data\winter\s1_170\winter_img_temperate_p9589.png,E:\Data\winter\s2_170\winter_img_temperate_p9589.png
winter,ROIs2017_winter_77_p374,E:\Data\winter\s1_77\ROIs2017_winter_s1_77_p374.png,E:\Data\winter\s2_77\ROIs2017_winter_s2_77_p374.png,False,low_texture,11.717194,21.392043,0.0,32.373795,30.91381,E:\Data\winter\s1_77\ROIs2017_winter_s1_77_p374.png,E:\Data\winter\s2_77\ROIs2017_winter_s2_77_p374.png
summer,ROIs1868_summer_95_p1236,E:\Data\summer\s1_95\ROIs1868_summer_s1_95_p1236.png,E:\Data\summer\s2_95\ROIs1868_summer_s2_95_p1236.png,False,low_texture,9.030045,18.651035,0.0,20.770401,13.950552,E:\Data\summer\s1_95\ROIs1868_summer_s1_95_p1236.png,E:\Data\summer\s2_95\ROIs1868_summer_s2_95_p1236.png
summer,summer_img_temperate_p2103,E:\Data\summer\s1_160\summer_img_temperate_p2103.png,E:\Data\summer\s2_160\summer_img_temperate_p2103.png,False,low_texture;sar_low_texture,18.522888,13.552258,0.0,6.245438,3.98878,E:\Data\summer\s1_160\summer_img_temperate_p2103.png,E:\Data\summer\s2_160\summer_img_temperate_p2103.png
fall,ROIs1970_fall_42_p1181,E:\Data\fall\s1_42\ROIs1970_fall_s1_42_p1181.png,E:\Data\fall\s2_42\ROIs1970_fall_s2_42_p1181.png,False,low_texture;water_like,15.568954,15.931476,1.0,27.252029,21.110275,E:\Data\fall\s1_42\ROIs1970_fall_s1_42_p1181.png,E:\Data\fall\s2_42\ROIs1970_fall_s2_42_p1181.png
winter,ROIs2017_winter_6_p942,E:\Data\winter\s1_6\ROIs2017_winter_s1_6_p942.png,E:\Data\winter\s2_6\ROIs2017_winter_s2_6_p942.png,False,low_texture,13.958282,27.792834,0.009549,43.408463,33.040102,E:\Data\winter\s1_6\ROIs2017_winter_s1_6_p942.png,E:\Data\winter\s2_6\ROIs2017_winter_s2_6_p942.png
fall,ROIs1970_fall_52_p3,E:\Data\fall\s1_52\ROIs1970_fall_s1_52_p3.png,E:\Data\fall\s2_52\ROIs1970_fall_s2_52_p3.png,False,low_texture,10.57515,19.011517,0.000434,40.287186,30.543155,E:\Data\fall\s1_52\ROIs1970_fall_s1_52_p3.png,E:\Data\fall\s2_52\ROIs1970_fall_s2_52_p3.png
spring,ROIs1158_spring_83_p171,E:\Data\spring\s1_83\ROIs1158_spring_s1_83_p171.png,E:\Data\spring\s2_83\ROIs1158_spring_s2_83_p171.png,False,water_like,41.678482,55.607192,0.53342,66.539413,48.020181,E:\Data\spring\s1_83\ROIs1158_spring_s1_83_p171.png,E:\Data\spring\s2_83\ROIs1158_spring_s2_83_p171.png
spring,ROIs1158_spring_92_p323,E:\Data\spring\s1_92\ROIs1158_spring_s1_92_p323.png,E:\Data\spring\s2_92\ROIs1158_spring_s2_92_p323.png,False,water_like,46.756546,51.452134,0.435764,63.149719,49.652334,E:\Data\spring\s1_92\ROIs1158_spring_s1_92_p323.png,E:\Data\spring\s2_92\ROIs1158_spring_s2_92_p323.png
winter,winter_img_temperate_p1782,E:\Data\winter\s1_171\winter_img_temperate_p1782.png,E:\Data\winter\s2_171\winter_img_temperate_p1782.png,False,low_texture,9.676651,12.520131,0.042101,30.202087,38.97475,E:\Data\winter\s1_171\winter_img_temperate_p1782.png,E:\Data\winter\s2_171\winter_img_temperate_p1782.png
spring,ROIs1158_spring_100_p204,E:\Data\spring\s1_100\ROIs1158_spring_s1_100_p204.png,E:\Data\spring\s2_100\ROIs1158_spring_s2_100_p204.png,False,water_like,20.448257,30.133433,0.989149,43.366211,38.924611,E:\Data\spring\s1_100\ROIs1158_spring_s1_100_p204.png,E:\Data\spring\s2_100\ROIs1158_spring_s2_100_p204.png
winter,ROIs2017_winter_47_p733,E:\Data\winter\s1_47\ROIs2017_winter_s1_47_p733.png,E:\Data\winter\s2_47\ROIs2017_winter_s2_47_p733.png,False,low_texture,13.036026,24.403648,0.014323,54.800781,40.187977,E:\Data\winter\s1_47\ROIs2017_winter_s1_47_p733.png,E:\Data\winter\s2_47\ROIs2017_winter_s2_47_p733.png
fall,ROIs1970_fall_139_p1154,E:\Data\fall\s1_139\ROIs1970_fall_s1_139_p1154.png,E:\Data\fall\s2_139\ROIs1970_fall_s2_139_p1154.png,False,water_like,20.985855,42.646721,0.822917,37.992676,43.131227,E:\Data\fall\s1_139\ROIs1970_fall_s1_139_p1154.png,E:\Data\fall\s2_139\ROIs1970_fall_s2_139_p1154.png
winter,ROIs2017_winter_63_p381,E:\Data\winter\s1_63\ROIs2017_winter_s1_63_p381.png,E:\Data\winter\s2_63\ROIs2017_winter_s2_63_p381.png,False,water_like,24.435455,40.035271,0.858941,50.256165,62.611918,E:\Data\winter\s1_63\ROIs2017_winter_s1_63_p381.png,E:\Data\winter\s2_63\ROIs2017_winter_s2_63_p381.png
winter,winter_img_temperate_p2326,E:\Data\winter\s1_170\winter_img_temperate_p2326.png,E:\Data\winter\s2_170\winter_img_temperate_p2326.png,False,low_texture,15.406021,11.093118,0.0,14.343216,13.550263,E:\Data\winter\s1_170\winter_img_temperate_p2326.png,E:\Data\winter\s2_170\winter_img_temperate_p2326.png
fall,fall_img_tropical_p5655,E:\Data\fall\s1_150\fall_img_tropical_p5655.png,E:\Data\fall\s2_150\fall_img_tropical_p5655.png,False,low_texture,5.383255,4.470509,0.0,33.79184,17.219435,E:\Data\fall\s1_150\fall_img_tropical_p5655.png,E:\Data\fall\s2_150\fall_img_tropical_p5655.png
fall,fall_img_temperate_p3177,E:\Data\fall\s1_150\fall_img_temperate_p3177.png,E:\Data\fall\s2_150\fall_img_temperate_p3177.png,False,low_texture;sar_low_texture,20.269302,7.713781,0.0,5.337631,2.523477,E:\Data\fall\s1_150\fall_img_temperate_p3177.png,E:\Data\fall\s2_150\fall_img_temperate_p3177.png
summer,ROIs1868_summer_134_p402,E:\Data\summer\s1_134\ROIs1868_summer_s1_134_p402.png,E:\Data\summer\s2_134\ROIs1868_summer_s2_134_p402.png,False,low_texture,30.940002,15.081718,0.0,47.329361,29.510239,E:\Data\summer\s1_134\ROIs1868_summer_s1_134_p402.png,E:\Data\summer\s2_134\ROIs1868_summer_s2_134_p402.png
winter,ROIs2017_winter_34_p1365,E:\Data\winter\s1_34\ROIs2017_winter_s1_34_p1365.png,E:\Data\winter\s2_34\ROIs2017_winter_s2_34_p1365.png,False,low_texture,9.557434,8.780998,0.0,35.443817,23.311554,E:\Data\winter\s1_34\ROIs2017_winter_s1_34_p1365.png,E:\Data\winter\s2_34\ROIs2017_winter_s2_34_p1365.png
fall,fall_img_tropical_p5522,E:\Data\fall\s1_150\fall_img_tropical_p5522.png,E:\Data\fall\s2_150\fall_img_tropical_p5522.png,False,low_texture,5.102081,4.07997,0.0,37.400833,18.54502,E:\Data\fall\s1_150\fall_img_tropical_p5522.png,E:\Data\fall\s2_150\fall_img_tropical_p5522.png
winter,ROIs2017_winter_41_p203,E:\Data\winter\s1_41\ROIs2017_winter_s1_41_p203.png,E:\Data\winter\s2_41\ROIs2017_winter_s2_41_p203.png,False,water_like,31.376572,59.028505,0.522135,20.432098,21.902264,E:\Data\winter\s1_41\ROIs2017_winter_s1_41_p203.png,E:\Data\winter\s2_41\ROIs2017_winter_s2_41_p203.png
summer,ROIs1868_summer_54_p874,E:\Data\summer\s1_54\ROIs1868_summer_s1_54_p874.png,E:\Data\summer\s2_54\ROIs1868_summer_s2_54_p874.png,False,water_like,28.125748,29.518343,0.980903,37.934708,37.204006,E:\Data\summer\s1_54\ROIs1868_summer_s1_54_p874.png,E:\Data\summer\s2_54\ROIs1868_summer_s2_54_p874.png
summer,summer_img_temperate_p5199,E:\Data\summer\s1_160\summer_img_temperate_p5199.png,E:\Data\summer\s2_160\summer_img_temperate_p5199.png,False,low_texture,25.357513,17.334719,0.0,9.2146,8.030914,E:\Data\summer\s1_160\summer_img_temperate_p5199.png,E:\Data\summer\s2_160\summer_img_temperate_p5199.png
fall,ROIs1970_fall_124_p161,E:\Data\fall\s1_124\ROIs1970_fall_s1_124_p161.png,E:\Data\fall\s2_124\ROIs1970_fall_s2_124_p161.png,False,low_texture;water_like,12.588531,20.210668,0.53776,62.109848,56.203763,E:\Data\fall\s1_124\ROIs1970_fall_s1_124_p161.png,E:\Data\fall\s2_124\ROIs1970_fall_s2_124_p161.png
winter,ROIs2017_winter_134_p1049,E:\Data\winter\s1_134\ROIs2017_winter_s1_134_p1049.png,E:\Data\winter\s2_134\ROIs2017_winter_s2_134_p1049.png,False,low_texture,3.058212,1.197733,0.0,36.525223,30.922866,E:\Data\winter\s1_134\ROIs2017_winter_s1_134_p1049.png,E:\Data\winter\s2_134\ROIs2017_winter_s2_134_p1049.png
fall,fall_img_tropical_p6648,E:\Data\fall\s1_150\fall_img_tropical_p6648.png,E:\Data\fall\s2_150\fall_img_tropical_p6648.png,False,low_texture,7.652649,4.372611,0.0,35.909164,19.375988,E:\Data\fall\s1_150\fall_img_tropical_p6648.png,E:\Data\fall\s2_150\fall_img_tropical_p6648.png
fall,fall_img_tropical_p10817,E:\Data\fall\s1_150\fall_img_tropical_p10817.png,E:\Data\fall\s2_150\fall_img_tropical_p10817.png,False,low_texture,10.052414,7.676431,0.0,15.384323,14.456286,E:\Data\fall\s1_150\fall_img_tropical_p10817.png,E:\Data\fall\s2_150\fall_img_tropical_p10817.png
fall,ROIs1970_fall_120_p1312,E:\Data\fall\s1_120\ROIs1970_fall_s1_120_p1312.png,E:\Data\fall\s2_120\ROIs1970_fall_s2_120_p1312.png,False,water_like,40.643112,51.321658,0.350694,49.633652,32.981095,E:\Data\fall\s1_120\ROIs1970_fall_s1_120_p1312.png,E:\Data\fall\s2_120\ROIs1970_fall_s2_120_p1312.png
fall,ROIs1970_fall_7_p648,E:\Data\fall\s1_7\ROIs1970_fall_s1_7_p648.png,E:\Data\fall\s2_7\ROIs1970_fall_s2_7_p648.png,False,water_like,30.323624,36.830171,0.965278,46.329407,61.714322,E:\Data\fall\s1_7\ROIs1970_fall_s1_7_p648.png,E:\Data\fall\s2_7\ROIs1970_fall_s2_7_p648.png
spring,ROIs1158_spring_136_p429,E:\Data\spring\s1_136\ROIs1158_spring_s1_136_p429.png,E:\Data\spring\s2_136\ROIs1158_spring_s2_136_p429.png,False,low_texture,18.120178,7.832624,0.0,67.030197,42.027264,E:\Data\spring\s1_136\ROIs1158_spring_s1_136_p429.png,E:\Data\spring\s2_136\ROIs1158_spring_s2_136_p429.png
fall,ROIs1970_fall_124_p100,E:\Data\fall\s1_124\ROIs1970_fall_s1_124_p100.png,E:\Data\fall\s2_124\ROIs1970_fall_s2_124_p100.png,False,low_texture;water_like,13.184998,17.738606,0.873698,63.133743,48.973679,E:\Data\fall\s1_124\ROIs1970_fall_s1_124_p100.png,E:\Data\fall\s2_124\ROIs1970_fall_s2_124_p100.png
fall,ROIs1970_fall_59_p417,E:\Data\fall\s1_59\ROIs1970_fall_s1_59_p417.png,E:\Data\fall\s2_59\ROIs1970_fall_s2_59_p417.png,False,water_like,23.210266,36.468435,0.857205,43.59938,36.691,E:\Data\fall\s1_59\ROIs1970_fall_s1_59_p417.png,E:\Data\fall\s2_59\ROIs1970_fall_s2_59_p417.png
spring,ROIs1158_spring_72_p26,E:\Data\spring\s1_72\ROIs1158_spring_s1_72_p26.png,E:\Data\spring\s2_72\ROIs1158_spring_s2_72_p26.png,False,water_like,16.28331,24.12714,1.0,47.779984,39.169937,E:\Data\spring\s1_72\ROIs1158_spring_s1_72_p26.png,E:\Data\spring\s2_72\ROIs1158_spring_s2_72_p26.png
winter,ROIs2017_winter_146_p1136,E:\Data\winter\s1_146\ROIs2017_winter_s1_146_p1136.png,E:\Data\winter\s2_146\ROIs2017_winter_s2_146_p1136.png,False,low_texture;water_like,12.206772,18.953903,0.658854,60.386185,44.541926,E:\Data\winter\s1_146\ROIs2017_winter_s1_146_p1136.png,E:\Data\winter\s2_146\ROIs2017_winter_s2_146_p1136.png
fall,ROIs1970_fall_106_p112,E:\Data\fall\s1_106\ROIs1970_fall_s1_106_p112.png,E:\Data\fall\s2_106\ROIs1970_fall_s2_106_p112.png,False,low_texture,10.319946,20.04437,0.0,43.178589,34.546699,E:\Data\fall\s1_106\ROIs1970_fall_s1_106_p112.png,E:\Data\fall\s2_106\ROIs1970_fall_s2_106_p112.png
fall,fall_img_tropical_p10598,E:\Data\fall\s1_150\fall_img_tropical_p10598.png,E:\Data\fall\s2_150\fall_img_tropical_p10598.png,False,low_texture,10.126236,7.604439,0.0,37.242935,19.016502,E:\Data\fall\s1_150\fall_img_tropical_p10598.png,E:\Data\fall\s2_150\fall_img_tropical_p10598.png
winter,ROIs2017_winter_84_p467,E:\Data\winter\s1_84\ROIs2017_winter_s1_84_p467.png,E:\Data\winter\s2_84\ROIs2017_winter_s2_84_p467.png,False,water_like,18.138367,56.982237,0.723958,65.527496,46.99582,E:\Data\winter\s1_84\ROIs2017_winter_s1_84_p467.png,E:\Data\winter\s2_84\ROIs2017_winter_s2_84_p467.png
winter,ROIs2017_winter_134_p32,E:\Data\winter\s1_134\ROIs2017_winter_s1_134_p32.png,E:\Data\winter\s2_134\ROIs2017_winter_s2_134_p32.png,False,low_texture,4.141663,1.436158,0.0,37.684723,23.417198,E:\Data\winter\s1_134\ROIs2017_winter_s1_134_p32.png,E:\Data\winter\s2_134\ROIs2017_winter_s2_134_p32.png
summer,ROIs1868_summer_90_p468,E:\Data\summer\s1_90\ROIs1868_summer_s1_90_p468.png,E:\Data\summer\s2_90\ROIs1868_summer_s2_90_p468.png,False,low_texture,12.858185,54.190593,0.038628,48.687653,70.633187,E:\Data\summer\s1_90\ROIs1868_summer_s1_90_p468.png,E:\Data\summer\s2_90\ROIs1868_summer_s2_90_p468.png
fall,ROIs1970_fall_109_p461,E:\Data\fall\s1_109\ROIs1970_fall_s1_109_p461.png,E:\Data\fall\s2_109\ROIs1970_fall_s2_109_p461.png,False,water_like,36.260574,52.499904,0.529514,54.395813,45.827442,E:\Data\fall\s1_109\ROIs1970_fall_s1_109_p461.png,E:\Data\fall\s2_109\ROIs1970_fall_s2_109_p461.png
spring,spring_img_temperate_p519,E:\Data\spring\s1_155\spring_img_temperate_p519.png,E:\Data\spring\s2_155\spring_img_temperate_p519.png,False,low_texture,12.649521,14.119625,0.0,11.423935,9.200427,E:\Data\spring\s1_155\spring_img_temperate_p519.png,E:\Data\spring\s2_155\spring_img_temperate_p519.png
spring,ROIs1158_spring_6_p908,E:\Data\spring\s1_6\ROIs1158_spring_s1_6_p908.png,E:\Data\spring\s2_6\ROIs1158_spring_s2_6_p908.png,False,low_texture,12.031372,23.849392,0.0,35.69986,29.127182,E:\Data\spring\s1_6\ROIs1158_spring_s1_6_p908.png,E:\Data\spring\s2_6\ROIs1158_spring_s2_6_p908.png
fall,fall_img_tropical_p6791,E:\Data\fall\s1_150\fall_img_tropical_p6791.png,E:\Data\fall\s2_150\fall_img_tropical_p6791.png,False,low_texture,6.355286,2.730847,0.0,34.609131,15.982619,E:\Data\fall\s1_150\fall_img_tropical_p6791.png,E:\Data\fall\s2_150\fall_img_tropical_p6791.png
winter,ROIs2017_winter_117_p933,E:\Data\winter\s1_117\ROIs2017_winter_s1_117_p933.png,E:\Data\winter\s2_117\ROIs2017_winter_s2_117_p933.png,False,low_texture,2.733765,1.058965,0.0,36.032578,21.835005,E:\Data\winter\s1_117\ROIs2017_winter_s1_117_p933.png,E:\Data\winter\s2_117\ROIs2017_winter_s2_117_p933.png
summer,summer_img_temperate_p6475,E:\Data\summer\s1_160\summer_img_temperate_p6475.png,E:\Data\summer\s2_160\summer_img_temperate_p6475.png,False,low_texture,8.030212,3.99158,0.0,12.945389,6.385342,E:\Data\summer\s1_160\summer_img_temperate_p6475.png,E:\Data\summer\s2_160\summer_img_temperate_p6475.png
winter,ROIs2017_winter_97_p546,E:\Data\winter\s1_97\ROIs2017_winter_s1_97_p546.png,E:\Data\winter\s2_97\ROIs2017_winter_s2_97_p546.png,False,low_texture,10.822647,14.6296,0.0,65.351974,46.502885,E:\Data\winter\s1_97\ROIs2017_winter_s1_97_p546.png,E:\Data\winter\s2_97\ROIs2017_winter_s2_97_p546.png
fall,fall_img_temperate_p4536,E:\Data\fall\s1_150\fall_img_temperate_p4536.png,E:\Data\fall\s2_150\fall_img_temperate_p4536.png,False,low_texture,15.339584,13.178824,0.0,7.441635,7.022362,E:\Data\fall\s1_150\fall_img_temperate_p4536.png,E:\Data\fall\s2_150\fall_img_temperate_p4536.png
winter,winter_img_temperate_p4122,E:\Data\winter\s1_170\winter_img_temperate_p4122.png,E:\Data\winter\s2_170\winter_img_temperate_p4122.png,False,low_texture,17.124725,13.292494,0.0,13.782608,11.954604,E:\Data\winter\s1_170\winter_img_temperate_p4122.png,E:\Data\winter\s2_170\winter_img_temperate_p4122.png
fall,fall_img_temperate_p644,E:\Data\fall\s1_150\fall_img_temperate_p644.png,E:\Data\fall\s2_150\fall_img_temperate_p644.png,False,sar_low_texture,19.727066,18.398073,0.0,4.268539,4.725124,E:\Data\fall\s1_150\fall_img_temperate_p644.png,E:\Data\fall\s2_150\fall_img_temperate_p644.png
fall,ROIs1970_fall_65_p998,E:\Data\fall\s1_65\ROIs1970_fall_s1_65_p998.png,E:\Data\fall\s2_65\ROIs1970_fall_s2_65_p998.png,False,water_like,37.757736,39.72165,0.353299,47.174591,46.311865,E:\Data\fall\s1_65\ROIs1970_fall_s1_65_p998.png,E:\Data\fall\s2_65\ROIs1970_fall_s2_65_p998.png
summer,ROIs1868_summer_54_p1300,E:\Data\summer\s1_54\ROIs1868_summer_s1_54_p1300.png,E:\Data\summer\s2_54\ROIs1868_summer_s2_54_p1300.png,False,low_texture;water_like,10.747879,15.629712,1.0,36.03566,61.822892,E:\Data\summer\s1_54\ROIs1868_summer_s1_54_p1300.png,E:\Data\summer\s2_54\ROIs1868_summer_s2_54_p1300.png
spring,ROIs1158_spring_49_p295,E:\Data\spring\s1_49\ROIs1158_spring_s1_49_p295.png,E:\Data\spring\s2_49\ROIs1158_spring_s2_49_p295.png,False,low_texture;water_like,6.726578,5.541247,0.99566,39.752884,24.655183,E:\Data\spring\s1_49\ROIs1158_spring_s1_49_p295.png,E:\Data\spring\s2_49\ROIs1158_spring_s2_49_p295.png
summer,ROIs1868_summer_115_p486,E:\Data\summer\s1_115\ROIs1868_summer_s1_115_p486.png,E:\Data\summer\s2_115\ROIs1868_summer_s2_115_p486.png,False,low_texture,13.333786,17.43354,0.016059,46.449326,37.447617,E:\Data\summer\s1_115\ROIs1868_summer_s1_115_p486.png,E:\Data\summer\s2_115\ROIs1868_summer_s2_115_p486.png
spring,ROIs1158_spring_86_p44,E:\Data\spring\s1_86\ROIs1158_spring_s1_86_p44.png,E:\Data\spring\s2_86\ROIs1158_spring_s2_86_p44.png,False,water_like,20.076721,29.95209,0.999566,48.841965,50.511094,E:\Data\spring\s1_86\ROIs1158_spring_s1_86_p44.png,E:\Data\spring\s2_86\ROIs1158_spring_s2_86_p44.png
winter,ROIs2017_winter_8_p1197,E:\Data\winter\s1_8\ROIs2017_winter_s1_8_p1197.png,E:\Data\winter\s2_8\ROIs2017_winter_s2_8_p1197.png,False,water_like,23.859207,39.246296,0.898872,49.476898,56.806503,E:\Data\winter\s1_8\ROIs2017_winter_s1_8_p1197.png,E:\Data\winter\s2_8\ROIs2017_winter_s2_8_p1197.png
fall,ROIs1970_fall_116_p350,E:\Data\fall\s1_116\ROIs1970_fall_s1_116_p350.png,E:\Data\fall\s2_116\ROIs1970_fall_s2_116_p350.png,False,low_texture,13.118805,66.238859,0.296007,37.650223,52.126042,E:\Data\fall\s1_116\ROIs1970_fall_s1_116_p350.png,E:\Data\fall\s2_116\ROIs1970_fall_s2_116_p350.png
summer,summer_img_temperate_p1338,E:\Data\summer\s1_160\summer_img_temperate_p1338.png,E:\Data\summer\s2_160\summer_img_temperate_p1338.png,False,low_texture,12.472076,7.858144,0.0,8.923492,5.285011,E:\Data\summer\s1_160\summer_img_temperate_p1338.png,E:\Data\summer\s2_160\summer_img_temperate_p1338.png
fall,ROIs1970_fall_120_p820,E:\Data\fall\s1_120\ROIs1970_fall_s1_120_p820.png,E:\Data\fall\s2_120\ROIs1970_fall_s2_120_p820.png,False,low_texture,12.232132,19.629612,0.228733,49.953003,32.425389,E:\Data\fall\s1_120\ROIs1970_fall_s1_120_p820.png,E:\Data\fall\s2_120\ROIs1970_fall_s2_120_p820.png
winter,ROIs2017_winter_93_p245,E:\Data\winter\s1_93\ROIs2017_winter_s1_93_p245.png,E:\Data\winter\s2_93\ROIs2017_winter_s2_93_p245.png,False,water_like,14.2332,31.155854,0.482639,59.974045,46.63069,E:\Data\winter\s1_93\ROIs2017_winter_s1_93_p245.png,E:\Data\winter\s2_93\ROIs2017_winter_s2_93_p245.png
winter,ROIs2017_winter_33_p602,E:\Data\winter\s1_33\ROIs2017_winter_s1_33_p602.png,E:\Data\winter\s2_33\ROIs2017_winter_s2_33_p602.png,False,low_texture,7.850952,41.330913,0.005208,56.298431,41.673544,E:\Data\winter\s1_33\ROIs2017_winter_s1_33_p602.png,E:\Data\winter\s2_33\ROIs2017_winter_s2_33_p602.png
fall,ROIs1970_fall_78_p323,E:\Data\fall\s1_78\ROIs1970_fall_s1_78_p323.png,E:\Data\fall\s2_78\ROIs1970_fall_s2_78_p323.png,False,low_texture,25.588852,17.815576,0.0,50.757736,37.179714,E:\Data\fall\s1_78\ROIs1970_fall_s1_78_p323.png,E:\Data\fall\s2_78\ROIs1970_fall_s2_78_p323.png
fall,ROIs1970_fall_7_p563,E:\Data\fall\s1_7\ROIs1970_fall_s1_7_p563.png,E:\Data\fall\s2_7\ROIs1970_fall_s2_7_p563.png,False,water_like,31.936874,38.187325,0.967014,49.31189,61.623852,E:\Data\fall\s1_7\ROIs1970_fall_s1_7_p563.png,E:\Data\fall\s2_7\ROIs1970_fall_s2_7_p563.png
fall,ROIs1970_fall_139_p1137,E:\Data\fall\s1_139\ROIs1970_fall_s1_139_p1137.png,E:\Data\fall\s2_139\ROIs1970_fall_s2_139_p1137.png,False,water_like,18.524673,30.348332,0.816406,32.246964,58.351469,E:\Data\fall\s1_139\ROIs1970_fall_s1_139_p1137.png,E:\Data\fall\s2_139\ROIs1970_fall_s2_139_p1137.png
summer,ROIs1868_summer_127_p461,E:\Data\summer\s1_127\ROIs1868_summer_s1_127_p461.png,E:\Data\summer\s2_127\ROIs1868_summer_s2_127_p461.png,False,low_texture,9.098846,23.886922,0.0,37.708572,81.696744,E:\Data\summer\s1_127\ROIs1868_summer_s1_127_p461.png,E:\Data\summer\s2_127\ROIs1868_summer_s2_127_p461.png
spring,ROIs1158_spring_143_p267,E:\Data\spring\s1_143\ROIs1158_spring_s1_143_p267.png,E:\Data\spring\s2_143\ROIs1158_spring_s2_143_p267.png,False,water_like,45.6017,33.339023,1.0,66.391251,43.682962,E:\Data\spring\s1_143\ROIs1158_spring_s1_143_p267.png,E:\Data\spring\s2_143\ROIs1158_spring_s2_143_p267.png
summer,ROIs1868_summer_54_p1454,E:\Data\summer\s1_54\ROIs1868_summer_s1_54_p1454.png,E:\Data\summer\s2_54\ROIs1868_summer_s2_54_p1454.png,False,low_texture;water_like,13.316757,22.499399,0.99566,36.839951,52.39375,E:\Data\summer\s1_54\ROIs1868_summer_s1_54_p1454.png,E:\Data\summer\s2_54\ROIs1868_summer_s2_54_p1454.png
summer,ROIs1868_summer_25_p578,E:\Data\summer\s1_25\ROIs1868_summer_s1_25_p578.png,E:\Data\summer\s2_25\ROIs1868_summer_s2_25_p578.png,False,low_texture,14.856461,12.767179,0.0,37.732712,23.310919,E:\Data\summer\s1_25\ROIs1868_summer_s1_25_p578.png,E:\Data\summer\s2_25\ROIs1868_summer_s2_25_p578.png
winter,winter_img_temperate_p3998,E:\Data\winter\s1_170\winter_img_temperate_p3998.png,E:\Data\winter\s2_170\winter_img_temperate_p3998.png,False,low_texture,11.547302,7.926046,0.0,15.558762,14.434988,E:\Data\winter\s1_170\winter_img_temperate_p3998.png,E:\Data\winter\s2_170\winter_img_temperate_p3998.png
winter,winter_img_temperate_p262,E:\Data\winter\s1_170\winter_img_temperate_p262.png,E:\Data\winter\s2_170\winter_img_temperate_p262.png,False,low_texture,15.762573,15.170715,0.0,16.041367,13.706467,E:\Data\winter\s1_170\winter_img_temperate_p262.png,E:\Data\winter\s2_170\winter_img_temperate_p262.png
winter,ROIs2017_winter_102_p911,E:\Data\winter\s1_102\ROIs2017_winter_s1_102_p911.png,E:\Data\winter\s2_102\ROIs2017_winter_s2_102_p911.png,False,low_texture,9.555038,14.977053,0.0,43.160645,41.488246,E:\Data\winter\s1_102\ROIs2017_winter_s1_102_p911.png,E:\Data\winter\s2_102\ROIs2017_winter_s2_102_p911.png
fall,ROIs1970_fall_115_p478,E:\Data\fall\s1_115\ROIs1970_fall_s1_115_p478.png,E:\Data\fall\s2_115\ROIs1970_fall_s2_115_p478.png,False,water_like,49.532608,52.596686,0.687934,56.479691,51.882934,E:\Data\fall\s1_115\ROIs1970_fall_s1_115_p478.png,E:\Data\fall\s2_115\ROIs1970_fall_s2_115_p478.png
fall,ROIs1970_fall_32_p117,E:\Data\fall\s1_32\ROIs1970_fall_s1_32_p117.png,E:\Data\fall\s2_32\ROIs1970_fall_s2_32_p117.png,False,low_texture,16.668671,15.015109,0.0,39.852615,28.725745,E:\Data\fall\s1_32\ROIs1970_fall_s1_32_p117.png,E:\Data\fall\s2_32\ROIs1970_fall_s2_32_p117.png
fall,ROIs1970_fall_42_p1448,E:\Data\fall\s1_42\ROIs1970_fall_s1_42_p1448.png,E:\Data\fall\s2_42\ROIs1970_fall_s2_42_p1448.png,False,water_like,14.86377,30.003121,0.843316,26.052444,26.910955,E:\Data\fall\s1_42\ROIs1970_fall_s1_42_p1448.png,E:\Data\fall\s2_42\ROIs1970_fall_s2_42_p1448.png
spring,ROIs1158_spring_40_p843,E:\Data\spring\s1_40\ROIs1158_spring_s1_40_p843.png,E:\Data\spring\s2_40\ROIs1158_spring_s2_40_p843.png,False,low_texture,11.066635,22.125297,0.0,33.982437,37.030899,E:\Data\spring\s1_40\ROIs1158_spring_s1_40_p843.png,E:\Data\spring\s2_40\ROIs1158_spring_s2_40_p843.png
spring,ROIs1158_spring_42_p240,E:\Data\spring\s1_42\ROIs1158_spring_s1_42_p240.png,E:\Data\spring\s2_42\ROIs1158_spring_s2_42_p240.png,False,low_texture,11.475067,17.115342,0.000868,34.075043,21.192544,E:\Data\spring\s1_42\ROIs1158_spring_s1_42_p240.png,E:\Data\spring\s2_42\ROIs1158_spring_s2_42_p240.png
spring,ROIs1158_spring_35_p207,E:\Data\spring\s1_35\ROIs1158_spring_s1_35_p207.png,E:\Data\spring\s2_35\ROIs1158_spring_s2_35_p207.png,False,low_texture,13.745895,20.754748,0.000434,47.620453,55.238935,E:\Data\spring\s1_35\ROIs1158_spring_s1_35_p207.png,E:\Data\spring\s2_35\ROIs1158_spring_s2_35_p207.png
winter,ROIs2017_winter_67_p791,E:\Data\winter\s1_67\ROIs2017_winter_s1_67_p791.png,E:\Data\winter\s2_67\ROIs2017_winter_s2_67_p791.png,False,low_texture,13.098953,14.382978,0.153646,54.39592,33.957132,E:\Data\winter\s1_67\ROIs2017_winter_s1_67_p791.png,E:\Data\winter\s2_67\ROIs2017_winter_s2_67_p791.png
fall,ROIs1970_fall_10_p276,E:\Data\fall\s1_10\ROIs1970_fall_s1_10_p276.png,E:\Data\fall\s2_10\ROIs1970_fall_s2_10_p276.png,False,low_texture;water_like,20.381699,17.257279,0.994792,47.257324,39.194832,E:\Data\fall\s1_10\ROIs1970_fall_s1_10_p276.png,E:\Data\fall\s2_10\ROIs1970_fall_s2_10_p276.png
fall,ROIs1970_fall_129_p1095,E:\Data\fall\s1_129\ROIs1970_fall_s1_129_p1095.png,E:\Data\fall\s2_129\ROIs1970_fall_s2_129_p1095.png,False,water_like,16.718185,32.870815,0.737847,53.611252,45.846186,E:\Data\fall\s1_129\ROIs1970_fall_s1_129_p1095.png,E:\Data\fall\s2_129\ROIs1970_fall_s2_129_p1095.png
spring,ROIs1158_spring_2_p108,E:\Data\spring\s1_2\ROIs1158_spring_s1_2_p108.png,E:\Data\spring\s2_2\ROIs1158_spring_s2_2_p108.png,False,water_like,17.914352,40.122014,0.395833,45.529938,40.759541,E:\Data\spring\s1_2\ROIs1158_spring_s1_2_p108.png,E:\Data\spring\s2_2\ROIs1158_spring_s2_2_p108.png
winter,winter_img_temperate_p10423,E:\Data\winter\s1_170\winter_img_temperate_p10423.png,E:\Data\winter\s2_170\winter_img_temperate_p10423.png,False,low_texture,19.152115,16.002876,0.0,11.930435,14.721542,E:\Data\winter\s1_170\winter_img_temperate_p10423.png,E:\Data\winter\s2_170\winter_img_temperate_p10423.png
fall,fall_img_tropical_p10579,E:\Data\fall\s1_150\fall_img_tropical_p10579.png,E:\Data\fall\s2_150\fall_img_tropical_p10579.png,False,low_texture,7.839371,5.413353,0.0,35.134293,18.368984,E:\Data\fall\s1_150\fall_img_tropical_p10579.png,E:\Data\fall\s2_150\fall_img_tropical_p10579.png
winter,ROIs2017_winter_146_p140,E:\Data\winter\s1_146\ROIs2017_winter_s1_146_p140.png,E:\Data\winter\s2_146\ROIs2017_winter_s2_146_p140.png,False,water_like,14.212952,22.71564,0.695747,60.100662,43.749782,E:\Data\winter\s1_146\ROIs2017_winter_s1_146_p140.png,E:\Data\winter\s2_146\ROIs2017_winter_s2_146_p140.png
spring,ROIs1158_spring_49_p278,E:\Data\spring\s1_49\ROIs1158_spring_s1_49_p278.png,E:\Data\spring\s2_49\ROIs1158_spring_s2_49_p278.png,False,water_like,18.447815,35.016784,0.957899,43.946304,42.914285,E:\Data\spring\s1_49\ROIs1158_spring_s1_49_p278.png,E:\Data\spring\s2_49\ROIs1158_spring_s2_49_p278.png
winter,winter_img_temperate_p2462,E:\Data\winter\s1_171\winter_img_temperate_p2462.png,E:\Data\winter\s2_171\winter_img_temperate_p2462.png,False,low_texture,13.687286,23.834987,0.021267,33.649811,26.985622,E:\Data\winter\s1_171\winter_img_temperate_p2462.png,E:\Data\winter\s2_171\winter_img_temperate_p2462.png
fall,ROIs1970_fall_7_p26,E:\Data\fall\s1_7\ROIs1970_fall_s1_7_p26.png,E:\Data\fall\s2_7\ROIs1970_fall_s2_7_p26.png,False,water_like,22.725983,26.010994,0.955295,45.293274,43.853846,E:\Data\fall\s1_7\ROIs1970_fall_s1_7_p26.png,E:\Data\fall\s2_7\ROIs1970_fall_s2_7_p26.png
summer,ROIs1868_summer_88_p1932,E:\Data\summer\s1_88\ROIs1868_summer_s1_88_p1932.png,E:\Data\summer\s2_88\ROIs1868_summer_s2_88_p1932.png,False,low_texture,7.35289,10.59202,0.0,41.818481,41.239974,E:\Data\summer\s1_88\ROIs1868_summer_s1_88_p1932.png,E:\Data\summer\s2_88\ROIs1868_summer_s2_88_p1932.png
winter,ROIs2017_winter_101_p217,E:\Data\winter\s1_101\ROIs2017_winter_s1_101_p217.png,E:\Data\winter\s2_101\ROIs2017_winter_s2_101_p217.png,False,low_texture,10.464386,41.005546,0.027344,50.752533,40.441437,E:\Data\winter\s1_101\ROIs2017_winter_s1_101_p217.png,E:\Data\winter\s2_101\ROIs2017_winter_s2_101_p217.png
summer,ROIs1868_summer_132_p589,E:\Data\summer\s1_132\ROIs1868_summer_s1_132_p589.png,E:\Data\summer\s2_132\ROIs1868_summer_s2_132_p589.png,False,low_texture,12.956741,31.507815,0.072483,61.83194,41.765657,E:\Data\summer\s1_132\ROIs1868_summer_s1_132_p589.png,E:\Data\summer\s2_132\ROIs1868_summer_s2_132_p589.png
winter,winter_img_temperate_p10740,E:\Data\winter\s1_170\winter_img_temperate_p10740.png,E:\Data\winter\s2_170\winter_img_temperate_p10740.png,False,low_texture,9.127457,12.043623,0.0,14.996552,16.516785,E:\Data\winter\s1_170\winter_img_temperate_p10740.png,E:\Data\winter\s2_170\winter_img_temperate_p10740.png
winter,ROIs2017_winter_146_p1731,E:\Data\winter\s1_146\ROIs2017_winter_s1_146_p1731.png,E:\Data\winter\s2_146\ROIs2017_winter_s2_146_p1731.png,False,water_like,18.037704,39.174319,0.646701,60.147476,48.585442,E:\Data\winter\s1_146\ROIs2017_winter_s1_146_p1731.png,E:\Data\winter\s2_146\ROIs2017_winter_s2_146_p1731.png
fall,fall_img_tropical_p11410,E:\Data\fall\s1_150\fall_img_tropical_p11410.png,E:\Data\fall\s2_150\fall_img_tropical_p11410.png,False,low_texture,5.004623,3.609344,0.0,32.383148,16.150327,E:\Data\fall\s1_150\fall_img_tropical_p11410.png,E:\Data\fall\s2_150\fall_img_tropical_p11410.png
winter,winter_img_temperate_p3181,E:\Data\winter\s1_170\winter_img_temperate_p3181.png,E:\Data\winter\s2_170\winter_img_temperate_p3181.png,False,sar_low_texture,21.620453,19.013694,0.0,4.155655,3.433539,E:\Data\winter\s1_170\winter_img_temperate_p3181.png,E:\Data\winter\s2_170\winter_img_temperate_p3181.png
winter,ROIs2017_winter_140_p532,E:\Data\winter\s1_140\ROIs2017_winter_s1_140_p532.png,E:\Data\winter\s2_140\ROIs2017_winter_s2_140_p532.png,False,water_like,26.986923,41.028408,0.730469,21.108948,18.007278,E:\Data\winter\s1_140\ROIs2017_winter_s1_140_p532.png,E:\Data\winter\s2_140\ROIs2017_winter_s2_140_p532.png
fall,ROIs1970_fall_116_p1720,E:\Data\fall\s1_116\ROIs1970_fall_s1_116_p1720.png,E:\Data\fall\s2_116\ROIs1970_fall_s2_116_p1720.png,False,water_like,16.425583,57.873336,0.44184,36.776871,34.271902,E:\Data\fall\s1_116\ROIs1970_fall_s1_116_p1720.png,E:\Data\fall\s2_116\ROIs1970_fall_s2_116_p1720.png
summer,ROIs1868_summer_58_p122,E:\Data\summer\s1_58\ROIs1868_summer_s1_58_p122.png,E:\Data\summer\s2_58\ROIs1868_summer_s2_58_p122.png,False,low_texture,31.624146,17.672429,0.024306,47.819595,30.642777,E:\Data\summer\s1_58\ROIs1868_summer_s1_58_p122.png,E:\Data\summer\s2_58\ROIs1868_summer_s2_58_p122.png
winter,ROIs2017_winter_33_p1021,E:\Data\winter\s1_33\ROIs2017_winter_s1_33_p1021.png,E:\Data\winter\s2_33\ROIs2017_winter_s2_33_p1021.png,False,low_texture,7.638687,17.372992,0.000434,56.990356,42.570218,E:\Data\winter\s1_33\ROIs2017_winter_s1_33_p1021.png,E:\Data\winter\s2_33\ROIs2017_winter_s2_33_p1021.png
fall,ROIs1970_fall_7_p123,E:\Data\fall\s1_7\ROIs1970_fall_s1_7_p123.png,E:\Data\fall\s2_7\ROIs1970_fall_s2_7_p123.png,False,water_like,17.898224,20.584959,0.921007,42.126221,37.027002,E:\Data\fall\s1_7\ROIs1970_fall_s1_7_p123.png,E:\Data\fall\s2_7\ROIs1970_fall_s2_7_p123.png
fall,fall_img_temperate_p4434,E:\Data\fall\s1_150\fall_img_temperate_p4434.png,E:\Data\fall\s2_150\fall_img_temperate_p4434.png,False,low_texture,21.742218,14.125376,0.0,5.733566,6.646486,E:\Data\fall\s1_150\fall_img_temperate_p4434.png,E:\Data\fall\s2_150\fall_img_temperate_p4434.png
fall,fall_img_temperate_p2142,E:\Data\fall\s1_150\fall_img_temperate_p2142.png,E:\Data\fall\s2_150\fall_img_temperate_p2142.png,False,low_texture,13.700119,28.186524,0.0,8.478806,5.594998,E:\Data\fall\s1_150\fall_img_temperate_p2142.png,E:\Data\fall\s2_150\fall_img_temperate_p2142.png
spring,ROIs1158_spring_65_p1761,E:\Data\spring\s1_65\ROIs1158_spring_s1_65_p1761.png,E:\Data\spring\s2_65\ROIs1158_spring_s2_65_p1761.png,False,water_like,24.004486,38.860158,0.561632,47.400696,33.548599,E:\Data\spring\s1_65\ROIs1158_spring_s1_65_p1761.png,E:\Data\spring\s2_65\ROIs1158_spring_s2_65_p1761.png
winter,winter_img_temperate_p7065,E:\Data\winter\s1_170\winter_img_temperate_p7065.png,E:\Data\winter\s2_170\winter_img_temperate_p7065.png,False,low_texture,20.586319,16.916206,0.0,5.769791,5.454806,E:\Data\winter\s1_170\winter_img_temperate_p7065.png,E:\Data\winter\s2_170\winter_img_temperate_p7065.png
winter,Winter_img_Tropical_p771,E:\Data\winter\s1_147\Winter_img_Tropical_p771.png,E:\Data\winter\s2_147\Winter_img_Tropical_p771.png,False,low_texture,7.878937,8.593485,0.0,28.934418,11.130968,E:\Data\winter\s1_147\Winter_img_Tropical_p771.png,E:\Data\winter\s2_147\Winter_img_Tropical_p771.png
fall,ROIs1970_fall_138_p808,E:\Data\fall\s1_138\ROIs1970_fall_s1_138_p808.png,E:\Data\fall\s2_138\ROIs1970_fall_s2_138_p808.png,False,low_texture,10.219559,8.399265,0.0,52.238831,40.284515,E:\Data\fall\s1_138\ROIs1970_fall_s1_138_p808.png,E:\Data\fall\s2_138\ROIs1970_fall_s2_138_p808.png
summer,ROIs1868_summer_88_p756,E:\Data\summer\s1_88\ROIs1868_summer_s1_88_p756.png,E:\Data\summer\s2_88\ROIs1868_summer_s2_88_p756.png,False,low_texture,5.607086,29.426495,0.0,43.688599,70.541538,E:\Data\summer\s1_88\ROIs1868_summer_s1_88_p756.png,E:\Data\summer\s2_88\ROIs1868_summer_s2_88_p756.png
winter,ROIs2017_winter_126_p884,E:\Data\winter\s1_126\ROIs2017_winter_s1_126_p884.png,E:\Data\winter\s2_126\ROIs2017_winter_s2_126_p884.png,False,low_texture,7.92688,26.016974,0.044271,39.34819,30.891143,E:\Data\winter\s1_126\ROIs2017_winter_s1_126_p884.png,E:\Data\winter\s2_126\ROIs2017_winter_s2_126_p884.png
winter,ROIs2017_winter_8_p1239,E:\Data\winter\s1_8\ROIs2017_winter_s1_8_p1239.png,E:\Data\winter\s2_8\ROIs2017_winter_s2_8_p1239.png,False,water_like,19.621567,26.902258,0.942708,46.104614,39.15409,E:\Data\winter\s1_8\ROIs2017_winter_s1_8_p1239.png,E:\Data\winter\s2_8\ROIs2017_winter_s2_8_p1239.png
fall,ROIs1970_fall_16_p135,E:\Data\fall\s1_16\ROIs1970_fall_s1_16_p135.png,E:\Data\fall\s2_16\ROIs1970_fall_s2_16_p135.png,False,low_texture,1.956558,1.689799,0.0,34.365738,20.178282,E:\Data\fall\s1_16\ROIs1970_fall_s1_16_p135.png,E:\Data\fall\s2_16\ROIs1970_fall_s2_16_p135.png
summer,ROIs1868_summer_142_p444,E:\Data\summer\s1_142\ROIs1868_summer_s1_142_p444.png,E:\Data\summer\s2_142\ROIs1868_summer_s2_142_p444.png,False,water_like,27.451935,30.606208,0.887153,49.525436,42.254469,E:\Data\summer\s1_142\ROIs1868_summer_s1_142_p444.png,E:\Data\summer\s2_142\ROIs1868_summer_s2_142_p444.png
fall,ROIs1970_fall_127_p1009,E:\Data\fall\s1_127\ROIs1970_fall_s1_127_p1009.png,E:\Data\fall\s2_127\ROIs1970_fall_s2_127_p1009.png,False,water_like,18.737839,20.585834,0.686632,40.553253,34.783708,E:\Data\fall\s1_127\ROIs1970_fall_s1_127_p1009.png,E:\Data\fall\s2_127\ROIs1970_fall_s2_127_p1009.png
winter,ROIs2017_winter_93_p743,E:\Data\winter\s1_93\ROIs2017_winter_s1_93_p743.png,E:\Data\winter\s2_93\ROIs2017_winter_s2_93_p743.png,False,water_like,17.422104,24.537282,0.504774,58.128296,54.545895,E:\Data\winter\s1_93\ROIs2017_winter_s1_93_p743.png,E:\Data\winter\s2_93\ROIs2017_winter_s2_93_p743.png
winter,winter_img_temperate_p10834,E:\Data\winter\s1_170\winter_img_temperate_p10834.png,E:\Data\winter\s2_170\winter_img_temperate_p10834.png,False,low_texture,9.90802,10.412999,0.0,7.391342,10.618491,E:\Data\winter\s1_170\winter_img_temperate_p10834.png,E:\Data\winter\s2_170\winter_img_temperate_p10834.png
fall,fall_img_tropical_p9411,E:\Data\fall\s1_150\fall_img_tropical_p9411.png,E:\Data\fall\s2_150\fall_img_tropical_p9411.png,False,low_texture,5.9897,8.044701,0.0,21.621384,21.928143,E:\Data\fall\s1_150\fall_img_tropical_p9411.png,E:\Data\fall\s2_150\fall_img_tropical_p9411.png
fall,ROIs1970_fall_144_p1129,E:\Data\fall\s1_144\ROIs1970_fall_s1_144_p1129.png,E:\Data\fall\s2_144\ROIs1970_fall_s2_144_p1129.png,False,low_texture,11.977646,16.948187,0.0,55.946625,37.510746,E:\Data\fall\s1_144\ROIs1970_fall_s1_144_p1129.png,E:\Data\fall\s2_144\ROIs1970_fall_s2_144_p1129.png
fall,ROIs1970_fall_67_p388,E:\Data\fall\s1_67\ROIs1970_fall_s1_67_p388.png,E:\Data\fall\s2_67\ROIs1970_fall_s2_67_p388.png,False,low_texture,10.609528,12.693612,0.0,51.525131,35.388391,E:\Data\fall\s1_67\ROIs1970_fall_s1_67_p388.png,E:\Data\fall\s2_67\ROIs1970_fall_s2_67_p388.png
summer,summer_img_temperate_p4843,E:\Data\summer\s1_160\summer_img_temperate_p4843.png,E:\Data\summer\s2_160\summer_img_temperate_p4843.png,False,low_texture,19.12204,15.640266,0.0,7.441803,8.024485,E:\Data\summer\s1_160\summer_img_temperate_p4843.png,E:\Data\summer\s2_160\summer_img_temperate_p4843.png
summer,summer_img_temperate_p55,E:\Data\summer\s1_160\summer_img_temperate_p55.png,E:\Data\summer\s2_160\summer_img_temperate_p55.png,False,low_texture,18.710678,14.345084,0.0,6.171906,5.786822,E:\Data\summer\s1_160\summer_img_temperate_p55.png,E:\Data\summer\s2_160\summer_img_temperate_p55.png
winter,ROIs2017_winter_56_p1013,E:\Data\winter\s1_56\ROIs2017_winter_s1_56_p1013.png,E:\Data\winter\s2_56\ROIs2017_winter_s2_56_p1013.png,False,water_like,31.304031,33.464639,0.93533,36.527771,30.918654,E:\Data\winter\s1_56\ROIs2017_winter_s1_56_p1013.png,E:\Data\winter\s2_56\ROIs2017_winter_s2_56_p1013.png
fall,ROIs1970_fall_120_p1464,E:\Data\fall\s1_120\ROIs1970_fall_s1_120_p1464.png,E:\Data\fall\s2_120\ROIs1970_fall_s2_120_p1464.png,False,water_like,40.30722,49.739226,0.364149,49.608215,32.579757,E:\Data\fall\s1_120\ROIs1970_fall_s1_120_p1464.png,E:\Data\fall\s2_120\ROIs1970_fall_s2_120_p1464.png
summer,ROIs1868_summer_45_p796,E:\Data\summer\s1_45\ROIs1868_summer_s1_45_p796.png,E:\Data\summer\s2_45\ROIs1868_summer_s2_45_p796.png,False,water_like,32.115814,61.665784,0.365885,57.016174,46.316254,E:\Data\summer\s1_45\ROIs1868_summer_s1_45_p796.png,E:\Data\summer\s2_45\ROIs1868_summer_s2_45_p796.png
winter,ROIs2017_winter_6_p1331,E:\Data\winter\s1_6\ROIs2017_winter_s1_6_p1331.png,E:\Data\winter\s2_6\ROIs2017_winter_s2_6_p1331.png,False,water_like,16.977356,58.766841,0.56901,44.011673,37.202603,E:\Data\winter\s1_6\ROIs2017_winter_s1_6_p1331.png,E:\Data\winter\s2_6\ROIs2017_winter_s2_6_p1331.png
winter,ROIs2017_winter_8_p1382,E:\Data\winter\s1_8\ROIs2017_winter_s1_8_p1382.png,E:\Data\winter\s2_8\ROIs2017_winter_s2_8_p1382.png,False,water_like,23.11264,50.227842,0.488715,46.586075,49.443291,E:\Data\winter\s1_8\ROIs2017_winter_s1_8_p1382.png,E:\Data\winter\s2_8\ROIs2017_winter_s2_8_p1382.png
winter,ROIs2017_winter_77_p164,E:\Data\winter\s1_77\ROIs2017_winter_s1_77_p164.png,E:\Data\winter\s2_77\ROIs2017_winter_s2_77_p164.png,False,low_texture,5.783234,8.673769,0.0,33.254349,30.81943,E:\Data\winter\s1_77\ROIs2017_winter_s1_77_p164.png,E:\Data\winter\s2_77\ROIs2017_winter_s2_77_p164.png
winter,ROIs2017_winter_33_p1468,E:\Data\winter\s1_33\ROIs2017_winter_s1_33_p1468.png,E:\Data\winter\s2_33\ROIs2017_winter_s2_33_p1468.png,False,low_texture,7.123886,24.131887,0.000434,56.185303,40.94247,E:\Data\winter\s1_33\ROIs2017_winter_s1_33_p1468.png,E:\Data\winter\s2_33\ROIs2017_winter_s2_33_p1468.png
spring,ROIs1158_spring_35_p533,E:\Data\spring\s1_35\ROIs1158_spring_s1_35_p533.png,E:\Data\spring\s2_35\ROIs1158_spring_s2_35_p533.png,False,low_texture,10.618561,19.396366,0.0,44.206406,61.536131,E:\Data\spring\s1_35\ROIs1158_spring_s1_35_p533.png,E:\Data\spring\s2_35\ROIs1158_spring_s2_35_p533.png
fall,fall_img_temperate_p3221,E:\Data\fall\s1_150\fall_img_temperate_p3221.png,E:\Data\fall\s2_150\fall_img_temperate_p3221.png,False,low_texture;sar_low_texture,22.816254,14.829657,0.0,5.403198,3.594832,E:\Data\fall\s1_150\fall_img_temperate_p3221.png,E:\Data\fall\s2_150\fall_img_temperate_p3221.png
summer,summer_img_temperate_p6481,E:\Data\summer\s1_160\summer_img_temperate_p6481.png,E:\Data\summer\s2_160\summer_img_temperate_p6481.png,False,low_texture,13.180115,14.698731,0.0,10.978226,8.259455,E:\Data\summer\s1_160\summer_img_temperate_p6481.png,E:\Data\summer\s2_160\summer_img_temperate_p6481.png
fall,fall_img_tropical_p5291,E:\Data\fall\s1_150\fall_img_tropical_p5291.png,E:\Data\fall\s2_150\fall_img_tropical_p5291.png,False,low_texture,6.752991,3.189246,0.0,30.516678,12.960957,E:\Data\fall\s1_150\fall_img_tropical_p5291.png,E:\Data\fall\s2_150\fall_img_tropical_p5291.png
winter,winter_img_temperate_p7966,E:\Data\winter\s1_170\winter_img_temperate_p7966.png,E:\Data\winter\s2_170\winter_img_temperate_p7966.png,False,low_texture,16.415207,14.167455,0.0,12.563034,12.769207,E:\Data\winter\s1_170\winter_img_temperate_p7966.png,E:\Data\winter\s2_170\winter_img_temperate_p7966.png
summer,ROIs1868_summer_135_p449,E:\Data\summer\s1_135\ROIs1868_summer_s1_135_p449.png,E:\Data\summer\s2_135\ROIs1868_summer_s2_135_p449.png,False,water_like,31.437958,60.837588,0.663194,63.055878,50.15585,E:\Data\summer\s1_135\ROIs1868_summer_s1_135_p449.png,E:\Data\summer\s2_135\ROIs1868_summer_s2_135_p449.png
fall,ROIs1970_fall_106_p40,E:\Data\fall\s1_106\ROIs1970_fall_s1_106_p40.png,E:\Data\fall\s2_106\ROIs1970_fall_s2_106_p40.png,False,low_texture,13.647812,28.296099,0.153212,52.413635,38.776821,E:\Data\fall\s1_106\ROIs1970_fall_s1_106_p40.png,E:\Data\fall\s2_106\ROIs1970_fall_s2_106_p40.png
spring,ROIs1158_spring_25_p525,E:\Data\spring\s1_25\ROIs1158_spring_s1_25_p525.png,E:\Data\spring\s2_25\ROIs1158_spring_s2_25_p525.png,False,water_like,29.759979,49.68954,0.517795,42.255463,59.804849,E:\Data\spring\s1_25\ROIs1158_spring_s1_25_p525.png,E:\Data\spring\s2_25\ROIs1158_spring_s2_25_p525.png
fall,ROIs1970_fall_78_p910,E:\Data\fall\s1_78\ROIs1970_fall_s1_78_p910.png,E:\Data\fall\s2_78\ROIs1970_fall_s2_78_p910.png,False,low_texture,11.756897,14.46767,0.0,44.762161,31.965509,E:\Data\fall\s1_78\ROIs1970_fall_s1_78_p910.png,E:\Data\fall\s2_78\ROIs1970_fall_s2_78_p910.png
spring,ROIs1158_spring_40_p968,E:\Data\spring\s1_40\ROIs1158_spring_s1_40_p968.png,E:\Data\spring\s2_40\ROIs1158_spring_s2_40_p968.png,False,low_texture,11.56517,17.902494,0.0,32.325302,40.810183,E:\Data\spring\s1_40\ROIs1158_spring_s1_40_p968.png,E:\Data\spring\s2_40\ROIs1158_spring_s2_40_p968.png
fall,ROIs1970_fall_106_p480,E:\Data\fall\s1_106\ROIs1970_fall_s1_106_p480.png,E:\Data\fall\s2_106\ROIs1970_fall_s2_106_p480.png,False,low_texture,6.791702,17.292131,0.120226,41.012024,38.282404,E:\Data\fall\s1_106\ROIs1970_fall_s1_106_p480.png,E:\Data\fall\s2_106\ROIs1970_fall_s2_106_p480.png
winter,ROIs2017_winter_101_p1136,E:\Data\winter\s1_101\ROIs2017_winter_s1_101_p1136.png,E:\Data\winter\s2_101\ROIs2017_winter_s2_101_p1136.png,False,low_texture;water_like,13.408722,35.551221,0.921007,53.057373,37.544904,E:\Data\winter\s1_101\ROIs2017_winter_s1_101_p1136.png,E:\Data\winter\s2_101\ROIs2017_winter_s2_101_p1136.png
winter,ROIs2017_winter_41_p237,E:\Data\winter\s1_41\ROIs2017_winter_s1_41_p237.png,E:\Data\winter\s2_41\ROIs2017_winter_s2_41_p237.png,False,water_like,24.264481,42.04612,0.427951,22.491501,24.009547,E:\Data\winter\s1_41\ROIs2017_winter_s1_41_p237.png,E:\Data\winter\s2_41\ROIs2017_winter_s2_41_p237.png
spring,ROIs1158_spring_2_p106,E:\Data\spring\s1_2\ROIs1158_spring_s1_2_p106.png,E:\Data\spring\s2_2\ROIs1158_spring_s2_2_p106.png,False,water_like,16.696457,21.63213,0.583767,46.78244,37.983908,E:\Data\spring\s1_2\ROIs1158_spring_s1_2_p106.png,E:\Data\spring\s2_2\ROIs1158_spring_s2_2_p106.png
fall,ROIs1970_fall_83_p697,E:\Data\fall\s1_83\ROIs1970_fall_s1_83_p697.png,E:\Data\fall\s2_83\ROIs1970_fall_s2_83_p697.png,False,water_like,50.583542,40.115383,0.638455,59.035568,39.571046,E:\Data\fall\s1_83\ROIs1970_fall_s1_83_p697.png,E:\Data\fall\s2_83\ROIs1970_fall_s2_83_p697.png
fall,ROIs1970_fall_59_p357,E:\Data\fall\s1_59\ROIs1970_fall_s1_59_p357.png,E:\Data\fall\s2_59\ROIs1970_fall_s2_59_p357.png,False,water_like,22.891586,30.092758,0.93316,42.982315,33.002352,E:\Data\fall\s1_59\ROIs1970_fall_s1_59_p357.png,E:\Data\fall\s2_59\ROIs1970_fall_s2_59_p357.png
winter,ROIs2017_winter_90_p195,E:\Data\winter\s1_90\ROIs2017_winter_s1_90_p195.png,E:\Data\winter\s2_90\ROIs2017_winter_s2_90_p195.png,False,low_texture,13.486404,59.376603,0.035156,59.436493,40.138541,E:\Data\winter\s1_90\ROIs2017_winter_s1_90_p195.png,E:\Data\winter\s2_90\ROIs2017_winter_s2_90_p195.png
winter,winter_img_temperate_p3791,E:\Data\winter\s1_170\winter_img_temperate_p3791.png,E:\Data\winter\s2_170\winter_img_temperate_p3791.png,False,low_texture,15.967468,10.196101,0.0,14.444046,14.573594,E:\Data\winter\s1_170\winter_img_temperate_p3791.png,E:\Data\winter\s2_170\winter_img_temperate_p3791.png
summer,ROIs1868_summer_4_p1145,E:\Data\summer\s1_4\ROIs1868_summer_s1_4_p1145.png,E:\Data\summer\s2_4\ROIs1868_summer_s2_4_p1145.png,False,low_texture,11.621628,5.080493,0.0,37.561981,23.384318,E:\Data\summer\s1_4\ROIs1868_summer_s1_4_p1145.png,E:\Data\summer\s2_4\ROIs1868_summer_s2_4_p1145.png
spring,ROIs1158_spring_143_p5,E:\Data\spring\s1_143\ROIs1158_spring_s1_143_p5.png,E:\Data\spring\s2_143\ROIs1158_spring_s2_143_p5.png,False,water_like,24.169952,38.217441,0.36849,62.179657,50.557114,E:\Data\spring\s1_143\ROIs1158_spring_s1_143_p5.png,E:\Data\spring\s2_143\ROIs1158_spring_s2_143_p5.png
summer,ROIs1868_summer_88_p2146,E:\Data\summer\s1_88\ROIs1868_summer_s1_88_p2146.png,E:\Data\summer\s2_88\ROIs1868_summer_s2_88_p2146.png,False,low_texture,7.961212,16.15803,0.0,43.501663,68.482793,E:\Data\summer\s1_88\ROIs1868_summer_s1_88_p2146.png,E:\Data\summer\s2_88\ROIs1868_summer_s2_88_p2146.png
winter,ROIs2017_winter_9_p320,E:\Data\winter\s1_9\ROIs2017_winter_s1_9_p320.png,E:\Data\winter\s2_9\ROIs2017_winter_s2_9_p320.png,False,low_texture,18.255493,14.840291,0.0,46.555984,43.715801,E:\Data\winter\s1_9\ROIs2017_winter_s1_9_p320.png,E:\Data\winter\s2_9\ROIs2017_winter_s2_9_p320.png
winter,ROIs2017_winter_111_p290,E:\Data\winter\s1_111\ROIs2017_winter_s1_111_p290.png,E:\Data\winter\s2_111\ROIs2017_winter_s2_111_p290.png,False,water_like,24.582108,50.934526,0.52691,50.528732,56.233582,E:\Data\winter\s1_111\ROIs2017_winter_s1_111_p290.png,E:\Data\winter\s2_111\ROIs2017_winter_s2_111_p290.png
spring,ROIs1158_spring_0_p862,E:\Data\spring\s1_0\ROIs1158_spring_s1_0_p862.png,E:\Data\spring\s2_0\ROIs1158_spring_s2_0_p862.png,False,low_texture,14.179016,13.055342,0.0,43.501816,44.602281,E:\Data\spring\s1_0\ROIs1158_spring_s1_0_p862.png,E:\Data\spring\s2_0\ROIs1158_spring_s2_0_p862.png
fall,ROIs1970_fall_78_p306,E:\Data\fall\s1_78\ROIs1970_fall_s1_78_p306.png,E:\Data\fall\s2_78\ROIs1970_fall_s2_78_p306.png,False,low_texture,14.315475,13.164015,0.0,44.162338,32.10642,E:\Data\fall\s1_78\ROIs1970_fall_s1_78_p306.png,E:\Data\fall\s2_78\ROIs1970_fall_s2_78_p306.png
winter,winter_img_temperate_p433,E:\Data\winter\s1_170\winter_img_temperate_p433.png,E:\Data\winter\s2_170\winter_img_temperate_p433.png,False,low_texture;sar_low_texture,12.571487,14.982014,0.0,3.989258,2.370837,E:\Data\winter\s1_170\winter_img_temperate_p433.png,E:\Data\winter\s2_170\winter_img_temperate_p433.png
summer,ROIs1868_summer_106_p925,E:\Data\summer\s1_106\ROIs1868_summer_s1_106_p925.png,E:\Data\summer\s2_106\ROIs1868_summer_s2_106_p925.png,False,low_texture,13.795441,31.776831,0.0,56.659134,44.010597,E:\Data\summer\s1_106\ROIs1868_summer_s1_106_p925.png,E:\Data\summer\s2_106\ROIs1868_summer_s2_106_p925.png
fall,ROIs1970_fall_47_p170,E:\Data\fall\s1_47\ROIs1970_fall_s1_47_p170.png,E:\Data\fall\s2_47\ROIs1970_fall_s2_47_p170.png,False,low_texture,3.079895,3.713073,0.0,31.272812,22.384936,E:\Data\fall\s1_47\ROIs1970_fall_s1_47_p170.png,E:\Data\fall\s2_47\ROIs1970_fall_s2_47_p170.png
winter,ROIs2017_winter_134_p884,E:\Data\winter\s1_134\ROIs2017_winter_s1_134_p884.png,E:\Data\winter\s2_134\ROIs2017_winter_s2_134_p884.png,False,low_texture,13.437286,20.265027,0.0,48.26413,47.968712,E:\Data\winter\s1_134\ROIs2017_winter_s1_134_p884.png,E:\Data\winter\s2_134\ROIs2017_winter_s2_134_p884.png
winter,winter_img_temperate_p6844,E:\Data\winter\s1_170\winter_img_temperate_p6844.png,E:\Data\winter\s2_170\winter_img_temperate_p6844.png,False,low_texture,14.133606,9.838125,0.0,20.489685,18.812433,E:\Data\winter\s1_170\winter_img_temperate_p6844.png,E:\Data\winter\s2_170\winter_img_temperate_p6844.png
summer,summer_img_temperate_p4431,E:\Data\summer\s1_160\summer_img_temperate_p4431.png,E:\Data\summer\s2_160\summer_img_temperate_p4431.png,False,low_texture,20.681519,10.596144,0.0,8.439346,5.507413,E:\Data\summer\s1_160\summer_img_temperate_p4431.png,E:\Data\summer\s2_160\summer_img_temperate_p4431.png
spring,ROIs1158_spring_60_p357,E:\Data\spring\s1_60\ROIs1158_spring_s1_60_p357.png,E:\Data\spring\s2_60\ROIs1158_spring_s2_60_p357.png,False,water_like,30.669907,38.512576,0.478733,64.325089,47.564556,E:\Data\spring\s1_60\ROIs1158_spring_s1_60_p357.png,E:\Data\spring\s2_60\ROIs1158_spring_s2_60_p357.png
spring,ROIs1158_spring_112_p375,E:\Data\spring\s1_112\ROIs1158_spring_s1_112_p375.png,E:\Data\spring\s2_112\ROIs1158_spring_s2_112_p375.png,False,water_like,18.408813,22.151335,0.508681,56.376343,51.541785,E:\Data\spring\s1_112\ROIs1158_spring_s1_112_p375.png,E:\Data\spring\s2_112\ROIs1158_spring_s2_112_p375.png
spring,ROIs1158_spring_49_p145,E:\Data\spring\s1_49\ROIs1158_spring_s1_49_p145.png,E:\Data\spring\s2_49\ROIs1158_spring_s2_49_p145.png,False,low_texture;water_like,9.13382,8.495025,0.952691,39.65509,25.050415,E:\Data\spring\s1_49\ROIs1158_spring_s1_49_p145.png,E:\Data\spring\s2_49\ROIs1158_spring_s2_49_p145.png
winter,ROIs2017_winter_93_p465,E:\Data\winter\s1_93\ROIs2017_winter_s1_93_p465.png,E:\Data\winter\s2_93\ROIs2017_winter_s2_93_p465.png,False,water_like,21.831161,48.56065,0.493056,60.316086,43.81822,E:\Data\winter\s1_93\ROIs2017_winter_s1_93_p465.png,E:\Data\winter\s2_93\ROIs2017_winter_s2_93_p465.png
summer,ROIs1868_summer_54_p520,E:\Data\summer\s1_54\ROIs1868_summer_s1_54_p520.png,E:\Data\summer\s2_54\ROIs1868_summer_s2_54_p520.png,False,low_texture;water_like,13.862961,28.62239,0.845052,32.015686,37.385095,E:\Data\summer\s1_54\ROIs1868_summer_s1_54_p520.png,E:\Data\summer\s2_54\ROIs1868_summer_s2_54_p520.png
fall,fall_img_temperate_p3234,E:\Data\fall\s1_150\fall_img_temperate_p3234.png,E:\Data\fall\s2_150\fall_img_temperate_p3234.png,False,low_texture;sar_low_texture,13.171097,6.400369,0.0,6.119934,3.514872,E:\Data\fall\s1_150\fall_img_temperate_p3234.png,E:\Data\fall\s2_150\fall_img_temperate_p3234.png
winter,ROIs2017_winter_46_p9,E:\Data\winter\s1_46\ROIs2017_winter_s1_46_p9.png,E:\Data\winter\s2_46\ROIs2017_winter_s2_46_p9.png,False,low_texture,11.480804,23.734499,0.0,45.559586,53.660484,E:\Data\winter\s1_46\ROIs2017_winter_s1_46_p9.png,E:\Data\winter\s2_46\ROIs2017_winter_s2_46_p9.png
winter,ROIs2017_winter_146_p1268,E:\Data\winter\s1_146\ROIs2017_winter_s1_146_p1268.png,E:\Data\winter\s2_146\ROIs2017_winter_s2_146_p1268.png,False,low_texture;water_like,11.459427,18.58031,0.615017,60.213074,43.107021,E:\Data\winter\s1_146\ROIs2017_winter_s1_146_p1268.png,E:\Data\winter\s2_146\ROIs2017_winter_s2_146_p1268.png
spring,ROIs1158_spring_59_p461,E:\Data\spring\s1_59\ROIs1158_spring_s1_59_p461.png,E:\Data\spring\s2_59\ROIs1158_spring_s2_59_p461.png,False,water_like,20.274155,22.397475,0.696615,62.849213,56.615479,E:\Data\spring\s1_59\ROIs1158_spring_s1_59_p461.png,E:\Data\spring\s2_59\ROIs1158_spring_s2_59_p461.png
winter,ROIs2017_winter_105_p460,E:\Data\winter\s1_105\ROIs2017_winter_s1_105_p460.png,E:\Data\winter\s2_105\ROIs2017_winter_s2_105_p460.png,False,water_like,42.389572,33.844105,0.431424,62.359772,47.903768,E:\Data\winter\s1_105\ROIs2017_winter_s1_105_p460.png,E:\Data\winter\s2_105\ROIs2017_winter_s2_105_p460.png
summer,ROIs1868_summer_113_p977,E:\Data\summer\s1_113\ROIs1868_summer_s1_113_p977.png,E:\Data\summer\s2_113\ROIs1868_summer_s2_113_p977.png,False,water_like,14.190842,32.54658,0.358941,53.088196,38.934778,E:\Data\summer\s1_113\ROIs1868_summer_s1_113_p977.png,E:\Data\summer\s2_113\ROIs1868_summer_s2_113_p977.png
winter,ROIs2017_winter_101_p793,E:\Data\winter\s1_101\ROIs2017_winter_s1_101_p793.png,E:\Data\winter\s2_101\ROIs2017_winter_s2_101_p793.png,False,low_texture;water_like,10.898849,31.228585,0.858073,54.228363,36.992028,E:\Data\winter\s1_101\ROIs2017_winter_s1_101_p793.png,E:\Data\winter\s2_101\ROIs2017_winter_s2_101_p793.png
fall,ROIs1970_fall_72_p850,E:\Data\fall\s1_72\ROIs1970_fall_s1_72_p850.png,E:\Data\fall\s2_72\ROIs1970_fall_s2_72_p850.png,False,low_texture,11.481461,19.544765,0.002604,36.376175,35.857033,E:\Data\fall\s1_72\ROIs1970_fall_s1_72_p850.png,E:\Data\fall\s2_72\ROIs1970_fall_s2_72_p850.png
winter,ROIs2017_winter_77_p367,E:\Data\winter\s1_77\ROIs2017_winter_s1_77_p367.png,E:\Data\winter\s2_77\ROIs2017_winter_s2_77_p367.png,False,low_texture,9.630371,17.538405,0.0,33.715332,27.172076,E:\Data\winter\s1_77\ROIs2017_winter_s1_77_p367.png,E:\Data\winter\s2_77\ROIs2017_winter_s2_77_p367.png
winter,winter_img_temperate_p3754,E:\Data\winter\s1_170\winter_img_temperate_p3754.png,E:\Data\winter\s2_170\winter_img_temperate_p3754.png,False,low_texture,18.954407,13.645847,0.0,12.42392,11.029416,E:\Data\winter\s1_170\winter_img_temperate_p3754.png,E:\Data\winter\s2_170\winter_img_temperate_p3754.png
summer,ROIs1868_summer_78_p271,E:\Data\summer\s1_78\ROIs1868_summer_s1_78_p271.png,E:\Data\summer\s2_78\ROIs1868_summer_s2_78_p271.png,False,low_texture,11.566193,23.615185,0.0,63.467682,46.163688,E:\Data\summer\s1_78\ROIs1868_summer_s1_78_p271.png,E:\Data\summer\s2_78\ROIs1868_summer_s2_78_p271.png
fall,fall_img_tropical_p8398,E:\Data\fall\s1_150\fall_img_tropical_p8398.png,E:\Data\fall\s2_150\fall_img_tropical_p8398.png,False,low_texture,6.790634,2.882743,0.0,36.0298,15.964904,E:\Data\fall\s1_150\fall_img_tropical_p8398.png,E:\Data\fall\s2_150\fall_img_tropical_p8398.png
spring,ROIs1158_spring_83_p309,E:\Data\spring\s1_83\ROIs1158_spring_s1_83_p309.png,E:\Data\spring\s2_83\ROIs1158_spring_s2_83_p309.png,False,water_like,20.282715,32.392045,0.394097,66.112091,44.1135,E:\Data\spring\s1_83\ROIs1158_spring_s1_83_p309.png,E:\Data\spring\s2_83\ROIs1158_spring_s2_83_p309.png
winter,winter_img_tropical_p974,E:\Data\winter\s1_172\winter_img_tropical_p974.png,E:\Data\winter\s2_172\winter_img_tropical_p974.png,False,low_texture,13.349106,14.883189,0.0,25.790146,14.284658,E:\Data\winter\s1_172\winter_img_tropical_p974.png,E:\Data\winter\s2_172\winter_img_tropical_p974.png
spring,ROIs1158_spring_38_p511,E:\Data\spring\s1_38\ROIs1158_spring_s1_38_p511.png,E:\Data\spring\s2_38\ROIs1158_spring_s2_38_p511.png,False,low_texture,11.387909,29.663231,0.0,44.502335,53.593156,E:\Data\spring\s1_38\ROIs1158_spring_s1_38_p511.png,E:\Data\spring\s2_38\ROIs1158_spring_s2_38_p511.png
spring,ROIs1158_spring_35_p651,E:\Data\spring\s1_35\ROIs1158_spring_s1_35_p651.png,E:\Data\spring\s2_35\ROIs1158_spring_s2_35_p651.png,False,low_texture,10.490875,14.709148,0.0,44.796799,53.455693,E:\Data\spring\s1_35\ROIs1158_spring_s1_35_p651.png,E:\Data\spring\s2_35\ROIs1158_spring_s2_35_p651.png
winter,ROIs2017_winter_53_p168,E:\Data\winter\s1_53\ROIs2017_winter_s1_53_p168.png,E:\Data\winter\s2_53\ROIs2017_winter_s2_53_p168.png,False,water_like,34.077774,31.736184,0.898438,49.291641,43.816513,E:\Data\winter\s1_53\ROIs2017_winter_s1_53_p168.png,E:\Data\winter\s2_53\ROIs2017_winter_s2_53_p168.png
fall,ROIs1970_fall_139_p1714,E:\Data\fall\s1_139\ROIs1970_fall_s1_139_p1714.png,E:\Data\fall\s2_139\ROIs1970_fall_s2_139_p1714.png,False,water_like,19.116959,35.604214,0.502604,33.201859,42.697762,E:\Data\fall\s1_139\ROIs1970_fall_s1_139_p1714.png,E:\Data\fall\s2_139\ROIs1970_fall_s2_139_p1714.png
winter,ROIs2017_winter_33_p56,E:\Data\winter\s1_33\ROIs2017_winter_s1_33_p56.png,E:\Data\winter\s2_33\ROIs2017_winter_s2_33_p56.png,False,low_texture,7.374115,22.197803,0.007378,56.650925,39.929129,E:\Data\winter\s1_33\ROIs2017_winter_s1_33_p56.png,E:\Data\winter\s2_33\ROIs2017_winter_s2_33_p56.png
fall,ROIs1970_fall_32_p1133,E:\Data\fall\s1_32\ROIs1970_fall_s1_32_p1133.png,E:\Data\fall\s2_32\ROIs1970_fall_s2_32_p1133.png,False,low_texture,10.889725,11.888028,0.0,39.521225,32.550084,E:\Data\fall\s1_32\ROIs1970_fall_s1_32_p1133.png,E:\Data\fall\s2_32\ROIs1970_fall_s2_32_p1133.png
spring,ROIs1158_spring_86_p576,E:\Data\spring\s1_86\ROIs1158_spring_s1_86_p576.png,E:\Data\spring\s2_86\ROIs1158_spring_s2_86_p576.png,False,water_like,25.139023,47.403237,0.9375,42.778595,46.926189,E:\Data\spring\s1_86\ROIs1158_spring_s1_86_p576.png,E:\Data\spring\s2_86\ROIs1158_spring_s2_86_p576.png
spring,ROIs1158_spring_64_p458,E:\Data\spring\s1_64\ROIs1158_spring_s1_64_p458.png,E:\Data\spring\s2_64\ROIs1158_spring_s2_64_p458.png,False,low_texture,10.884048,14.833014,0.0,34.481308,22.269428,E:\Data\spring\s1_64\ROIs1158_spring_s1_64_p458.png,E:\Data\spring\s2_64\ROIs1158_spring_s2_64_p458.png
spring,ROIs1158_spring_14_p83,E:\Data\spring\s1_14\ROIs1158_spring_s1_14_p83.png,E:\Data\spring\s2_14\ROIs1158_spring_s2_14_p83.png,False,low_texture,2.902756,2.803399,0.0,53.075287,32.865095,E:\Data\spring\s1_14\ROIs1158_spring_s1_14_p83.png,E:\Data\spring\s2_14\ROIs1158_spring_s2_14_p83.png
fall,ROIs1970_fall_116_p2365,E:\Data\fall\s1_116\ROIs1970_fall_s1_116_p2365.png,E:\Data\fall\s2_116\ROIs1970_fall_s2_116_p2365.png,False,low_texture,12.431442,17.993701,0.0,36.212814,32.74036,E:\Data\fall\s1_116\ROIs1970_fall_s1_116_p2365.png,E:\Data\fall\s2_116\ROIs1970_fall_s2_116_p2365.png
fall,fall_img_temperate_p4707,E:\Data\fall\s1_150\fall_img_temperate_p4707.png,E:\Data\fall\s2_150\fall_img_temperate_p4707.png,False,low_texture,12.449646,7.688855,0.0,11.268509,6.130407,E:\Data\fall\s1_150\fall_img_temperate_p4707.png,E:\Data\fall\s2_150\fall_img_temperate_p4707.png
fall,fall_img_temperate_p3846,E:\Data\fall\s1_150\fall_img_temperate_p3846.png,E:\Data\fall\s2_150\fall_img_temperate_p3846.png,False,low_texture,19.117386,16.166794,0.0,5.639511,7.314252,E:\Data\fall\s1_150\fall_img_temperate_p3846.png,E:\Data\fall\s2_150\fall_img_temperate_p3846.png
winter,ROIs2017_winter_9_p385,E:\Data\winter\s1_9\ROIs2017_winter_s1_9_p385.png,E:\Data\winter\s2_9\ROIs2017_winter_s2_9_p385.png,False,low_texture,9.125259,12.596575,0.002604,45.072617,44.205741,E:\Data\winter\s1_9\ROIs2017_winter_s1_9_p385.png,E:\Data\winter\s2_9\ROIs2017_winter_s2_9_p385.png
summer,summer_img_temperate_p5299,E:\Data\summer\s1_160\summer_img_temperate_p5299.png,E:\Data\summer\s2_160\summer_img_temperate_p5299.png,False,low_texture;sar_low_texture,6.334793,7.790527,0.0,2.951691,5.859625,E:\Data\summer\s1_160\summer_img_temperate_p5299.png,E:\Data\summer\s2_160\summer_img_temperate_p5299.png
summer,ROIs1868_summer_106_p323,E:\Data\summer\s1_106\ROIs1868_summer_s1_106_p323.png,E:\Data\summer\s2_106\ROIs1868_summer_s2_106_p323.png,False,low_texture,11.124512,9.516426,0.0,56.228806,42.967663,E:\Data\summer\s1_106\ROIs1868_summer_s1_106_p323.png,E:\Data\summer\s2_106\ROIs1868_summer_s2_106_p323.png
winter,ROIs2017_winter_97_p719,E:\Data\winter\s1_97\ROIs2017_winter_s1_97_p719.png,E:\Data\winter\s2_97\ROIs2017_winter_s2_97_p719.png,False,low_texture,11.966888,30.778731,0.0,64.093292,49.410743,E:\Data\winter\s1_97\ROIs2017_winter_s1_97_p719.png,E:\Data\winter\s2_97\ROIs2017_winter_s2_97_p719.png
fall,ROIs1970_fall_10_p102,E:\Data\fall\s1_10\ROIs1970_fall_s1_10_p102.png,E:\Data\fall\s2_10\ROIs1970_fall_s2_10_p102.png,False,water_like,24.355667,21.397637,0.982639,48.207733,40.888209,E:\Data\fall\s1_10\ROIs1970_fall_s1_10_p102.png,E:\Data\fall\s2_10\ROIs1970_fall_s2_10_p102.png
spring,ROIs1158_spring_115_p94,E:\Data\spring\s1_115\ROIs1158_spring_s1_115_p94.png,E:\Data\spring\s2_115\ROIs1158_spring_s2_115_p94.png,False,low_texture,17.341766,11.31195,0.0,44.480331,28.082369,E:\Data\spring\s1_115\ROIs1158_spring_s1_115_p94.png,E:\Data\spring\s2_115\ROIs1158_spring_s2_115_p94.png
winter,ROIs2017_winter_0_p379,E:\Data\winter\s1_0\ROIs2017_winter_s1_0_p379.png,E:\Data\winter\s2_0\ROIs2017_winter_s2_0_p379.png,False,water_like,21.110001,44.535194,0.399306,57.940048,42.833377,E:\Data\winter\s1_0\ROIs2017_winter_s1_0_p379.png,E:\Data\winter\s2_0\ROIs2017_winter_s2_0_p379.png
fall,ROIs1970_fall_139_p1224,E:\Data\fall\s1_139\ROIs1970_fall_s1_139_p1224.png,E:\Data\fall\s2_139\ROIs1970_fall_s2_139_p1224.png,False,water_like,18.766052,25.108805,0.905382,31.527878,41.464219,E:\Data\fall\s1_139\ROIs1970_fall_s1_139_p1224.png,E:\Data\fall\s2_139\ROIs1970_fall_s2_139_p1224.png
summer,ROIs1868_summer_136_p194,E:\Data\summer\s1_136\ROIs1868_summer_s1_136_p194.png,E:\Data\summer\s2_136\ROIs1868_summer_s2_136_p194.png,False,low_texture,12.612961,14.363002,0.000434,43.201324,41.646523,E:\Data\summer\s1_136\ROIs1868_summer_s1_136_p194.png,E:\Data\summer\s2_136\ROIs1868_summer_s2_136_p194.png
winter,winter_img_temperate_p8269,E:\Data\winter\s1_170\winter_img_temperate_p8269.png,E:\Data\winter\s2_170\winter_img_temperate_p8269.png,False,low_texture,9.026154,12.521893,0.0,17.95314,16.810502,E:\Data\winter\s1_170\winter_img_temperate_p8269.png,E:\Data\winter\s2_170\winter_img_temperate_p8269.png
summer,ROIs1868_summer_132_p428,E:\Data\summer\s1_132\ROIs1868_summer_s1_132_p428.png,E:\Data\summer\s2_132\ROIs1868_summer_s2_132_p428.png,False,low_texture;water_like,8.868805,15.428784,0.796007,64.303894,40.466091,E:\Data\summer\s1_132\ROIs1868_summer_s1_132_p428.png,E:\Data\summer\s2_132\ROIs1868_summer_s2_132_p428.png
fall,ROIs1970_fall_109_p816,E:\Data\fall\s1_109\ROIs1970_fall_s1_109_p816.png,E:\Data\fall\s2_109\ROIs1970_fall_s2_109_p816.png,False,water_like,17.228546,40.413421,0.96658,48.572372,55.792833,E:\Data\fall\s1_109\ROIs1970_fall_s1_109_p816.png,E:\Data\fall\s2_109\ROIs1970_fall_s2_109_p816.png
summer,ROIs1868_summer_54_p997,E:\Data\summer\s1_54\ROIs1868_summer_s1_54_p997.png,E:\Data\summer\s2_54\ROIs1868_summer_s2_54_p997.png,False,water_like,30.354034,23.510825,0.982205,38.252838,33.990176,E:\Data\summer\s1_54\ROIs1868_summer_s1_54_p997.png,E:\Data\summer\s2_54\ROIs1868_summer_s2_54_p997.png
spring,ROIs1158_spring_92_p333,E:\Data\spring\s1_92\ROIs1158_spring_s1_92_p333.png,E:\Data\spring\s2_92\ROIs1158_spring_s2_92_p333.png,False,water_like,42.597717,49.83232,0.794705,62.310852,45.486706,E:\Data\spring\s1_92\ROIs1158_spring_s1_92_p333.png,E:\Data\spring\s2_92\ROIs1158_spring_s2_92_p333.png
summer,ROIs1868_summer_142_p689,E:\Data\summer\s1_142\ROIs1868_summer_s1_142_p689.png,E:\Data\summer\s2_142\ROIs1868_summer_s2_142_p689.png,False,water_like,24.361435,32.927227,0.654948,46.467422,33.774619,E:\Data\summer\s1_142\ROIs1868_summer_s1_142_p689.png,E:\Data\summer\s2_142\ROIs1868_summer_s2_142_p689.png
fall,ROIs1970_fall_144_p1248,E:\Data\fall\s1_144\ROIs1970_fall_s1_144_p1248.png,E:\Data\fall\s2_144\ROIs1970_fall_s2_144_p1248.png,False,low_texture,10.435135,16.248345,0.0,56.246857,37.218998,E:\Data\fall\s1_144\ROIs1970_fall_s1_144_p1248.png,E:\Data\fall\s2_144\ROIs1970_fall_s2_144_p1248.png
summer,ROIs1868_summer_106_p229,E:\Data\summer\s1_106\ROIs1868_summer_s1_106_p229.png,E:\Data\summer\s2_106\ROIs1868_summer_s2_106_p229.png,False,low_texture,10.779388,21.57558,0.0,55.273026,42.594857,E:\Data\summer\s1_106\ROIs1868_summer_s1_106_p229.png,E:\Data\summer\s2_106\ROIs1868_summer_s2_106_p229.png
winter,ROIs2017_winter_9_p581,E:\Data\winter\s1_9\ROIs2017_winter_s1_9_p581.png,E:\Data\winter\s2_9\ROIs2017_winter_s2_9_p581.png,False,low_texture,11.493835,18.033038,0.0,43.674973,46.283841,E:\Data\winter\s1_9\ROIs2017_winter_s1_9_p581.png,E:\Data\winter\s2_9\ROIs2017_winter_s2_9_p581.png
fall,ROIs1970_fall_42_p742,E:\Data\fall\s1_42\ROIs1970_fall_s1_42_p742.png,E:\Data\fall\s2_42\ROIs1970_fall_s2_42_p742.png,False,water_like,15.978134,20.865486,1.0,26.543045,22.045688,E:\Data\fall\s1_42\ROIs1970_fall_s1_42_p742.png,E:\Data\fall\s2_42\ROIs1970_fall_s2_42_p742.png
spring,ROIs1158_spring_49_p731,E:\Data\spring\s1_49\ROIs1158_spring_s1_49_p731.png,E:\Data\spring\s2_49\ROIs1158_spring_s2_49_p731.png,False,water_like,28.737061,25.107485,0.99783,48.584641,36.351785,E:\Data\spring\s1_49\ROIs1158_spring_s1_49_p731.png,E:\Data\spring\s2_49\ROIs1158_spring_s2_49_p731.png
winter,ROIs2017_winter_9_p143,E:\Data\winter\s1_9\ROIs2017_winter_s1_9_p143.png,E:\Data\winter\s2_9\ROIs2017_winter_s2_9_p143.png,False,low_texture,17.679428,16.342635,0.002604,45.73645,45.305146,E:\Data\winter\s1_9\ROIs2017_winter_s1_9_p143.png,E:\Data\winter\s2_9\ROIs2017_winter_s2_9_p143.png
winter,ROIs2017_winter_8_p487,E:\Data\winter\s1_8\ROIs2017_winter_s1_8_p487.png,E:\Data\winter\s2_8\ROIs2017_winter_s2_8_p487.png,False,water_like,15.50946,41.142615,0.909722,44.257492,39.153105,E:\Data\winter\s1_8\ROIs2017_winter_s1_8_p487.png,E:\Data\winter\s2_8\ROIs2017_winter_s2_8_p487.png
winter,ROIs2017_winter_58_p278,E:\Data\winter\s1_58\ROIs2017_winter_s1_58_p278.png,E:\Data\winter\s2_58\ROIs2017_winter_s2_58_p278.png,False,water_like,55.068375,41.191606,0.763889,73.927612,49.733617,E:\Data\winter\s1_58\ROIs2017_winter_s1_58_p278.png,E:\Data\winter\s2_58\ROIs2017_winter_s2_58_p278.png
fall,ROIs1970_fall_105_p160,E:\Data\fall\s1_105\ROIs1970_fall_s1_105_p160.png,E:\Data\fall\s2_105\ROIs1970_fall_s2_105_p160.png,False,water_like,20.430038,32.079968,0.631944,37.3965,34.353743,E:\Data\fall\s1_105\ROIs1970_fall_s1_105_p160.png,E:\Data\fall\s2_105\ROIs1970_fall_s2_105_p160.png
winter,winter_img_temperate_p7369,E:\Data\winter\s1_170\winter_img_temperate_p7369.png,E:\Data\winter\s2_170\winter_img_temperate_p7369.png,False,low_texture,18.432068,15.861803,0.0,6.46698,7.361685,E:\Data\winter\s1_170\winter_img_temperate_p7369.png,E:\Data\winter\s2_170\winter_img_temperate_p7369.png
fall,ROIs1970_fall_79_p842,E:\Data\fall\s1_79\ROIs1970_fall_s1_79_p842.png,E:\Data\fall\s2_79\ROIs1970_fall_s2_79_p842.png,False,low_texture,12.02359,17.162753,0.0,49.14534,36.168611,E:\Data\fall\s1_79\ROIs1970_fall_s1_79_p842.png,E:\Data\fall\s2_79\ROIs1970_fall_s2_79_p842.png
spring,ROIs1158_spring_78_p747,E:\Data\spring\s1_78\ROIs1158_spring_s1_78_p747.png,E:\Data\spring\s2_78\ROIs1158_spring_s2_78_p747.png,False,water_like,47.29631,40.441153,0.419271,55.7005,60.705694,E:\Data\spring\s1_78\ROIs1158_spring_s1_78_p747.png,E:\Data\spring\s2_78\ROIs1158_spring_s2_78_p747.png
spring,ROIs1158_spring_60_p623,E:\Data\spring\s1_60\ROIs1158_spring_s1_60_p623.png,E:\Data\spring\s2_60\ROIs1158_spring_s2_60_p623.png,False,water_like,19.707794,55.214828,0.71658,65.317276,41.240405,E:\Data\spring\s1_60\ROIs1158_spring_s1_60_p623.png,E:\Data\spring\s2_60\ROIs1158_spring_s2_60_p623.png
summer,ROIs1868_summer_78_p107,E:\Data\summer\s1_78\ROIs1868_summer_s1_78_p107.png,E:\Data\summer\s2_78\ROIs1868_summer_s2_78_p107.png,False,low_texture,10.05838,22.288326,0.000434,61.415054,42.624155,E:\Data\summer\s1_78\ROIs1868_summer_s1_78_p107.png,E:\Data\summer\s2_78\ROIs1868_summer_s2_78_p107.png
fall,fall_img_tropical_p9903,E:\Data\fall\s1_150\fall_img_tropical_p9903.png,E:\Data\fall\s2_150\fall_img_tropical_p9903.png,False,low_texture,6.573883,5.925619,0.0,35.570145,20.188644,E:\Data\fall\s1_150\fall_img_tropical_p9903.png,E:\Data\fall\s2_150\fall_img_tropical_p9903.png
summer,summer_img_temperate_p85,E:\Data\summer\s1_160\summer_img_temperate_p85.png,E:\Data\summer\s2_160\summer_img_temperate_p85.png,False,low_texture,14.305679,10.176191,0.0,6.039474,5.039502,E:\Data\summer\s1_160\summer_img_temperate_p85.png,E:\Data\summer\s2_160\summer_img_temperate_p85.png
summer,ROIs1868_summer_102_p785,E:\Data\summer\s1_102\ROIs1868_summer_s1_102_p785.png,E:\Data\summer\s2_102\ROIs1868_summer_s2_102_p785.png,False,low_texture,12.320312,12.676774,0.000434,47.709061,31.010504,E:\Data\summer\s1_102\ROIs1868_summer_s1_102_p785.png,E:\Data\summer\s2_102\ROIs1868_summer_s2_102_p785.png
summer,ROIs1868_summer_135_p520,E:\Data\summer\s1_135\ROIs1868_summer_s1_135_p520.png,E:\Data\summer\s2_135\ROIs1868_summer_s2_135_p520.png,False,low_texture,25.92244,16.959116,0.188802,63.034622,38.421955,E:\Data\summer\s1_135\ROIs1868_summer_s1_135_p520.png,E:\Data\summer\s2_135\ROIs1868_summer_s2_135_p520.png
spring,ROIs1158_spring_14_p975,E:\Data\spring\s1_14\ROIs1158_spring_s1_14_p975.png,E:\Data\spring\s2_14\ROIs1158_spring_s2_14_p975.png,False,low_texture,4.254288,11.454928,0.0,54.840271,33.29575,E:\Data\spring\s1_14\ROIs1158_spring_s1_14_p975.png,E:\Data\spring\s2_14\ROIs1158_spring_s2_14_p975.png
summer,ROIs1868_summer_61_p599,E:\Data\summer\s1_61\ROIs1868_summer_s1_61_p599.png,E:\Data\summer\s2_61\ROIs1868_summer_s2_61_p599.png,False,low_texture,13.353027,25.535988,0.0,72.757126,47.473162,E:\Data\summer\s1_61\ROIs1868_summer_s1_61_p599.png,E:\Data\summer\s2_61\ROIs1868_summer_s2_61_p599.png
summer,ROIs1868_summer_88_p811,E:\Data\summer\s1_88\ROIs1868_summer_s1_88_p811.png,E:\Data\summer\s2_88\ROIs1868_summer_s2_88_p811.png,False,low_texture,11.714493,58.831172,0.021267,44.514908,67.81505,E:\Data\summer\s1_88\ROIs1868_summer_s1_88_p811.png,E:\Data\summer\s2_88\ROIs1868_summer_s2_88_p811.png
spring,ROIs1158_spring_54_p964,E:\Data\spring\s1_54\ROIs1158_spring_s1_54_p964.png,E:\Data\spring\s2_54\ROIs1158_spring_s2_54_p964.png,False,water_like,30.381378,31.536063,0.870226,50.230026,52.381671,E:\Data\spring\s1_54\ROIs1158_spring_s1_54_p964.png,E:\Data\spring\s2_54\ROIs1158_spring_s2_54_p964.png
summer,ROIs1868_summer_56_p550,E:\Data\summer\s1_56\ROIs1868_summer_s1_56_p550.png,E:\Data\summer\s2_56\ROIs1868_summer_s2_56_p550.png,False,low_texture,12.704666,23.589661,0.000434,55.171356,43.673743,E:\Data\summer\s1_56\ROIs1868_summer_s1_56_p550.png,E:\Data\summer\s2_56\ROIs1868_summer_s2_56_p550.png
summer,ROIs1868_summer_106_p714,E:\Data\summer\s1_106\ROIs1868_summer_s1_106_p714.png,E:\Data\summer\s2_106\ROIs1868_summer_s2_106_p714.png,False,low_texture,12.716537,16.936192,0.0,56.18602,37.845239,E:\Data\summer\s1_106\ROIs1868_summer_s1_106_p714.png,E:\Data\summer\s2_106\ROIs1868_summer_s2_106_p714.png
fall,ROIs1970_fall_47_p16,E:\Data\fall\s1_47\ROIs1970_fall_s1_47_p16.png,E:\Data\fall\s2_47\ROIs1970_fall_s2_47_p16.png,False,water_like,51.404297,46.361625,0.559462,35.543365,42.335784,E:\Data\fall\s1_47\ROIs1970_fall_s1_47_p16.png,E:\Data\fall\s2_47\ROIs1970_fall_s2_47_p16.png
spring,ROIs1158_spring_59_p380,E:\Data\spring\s1_59\ROIs1158_spring_s1_59_p380.png,E:\Data\spring\s2_59\ROIs1158_spring_s2_59_p380.png,False,water_like,20.779404,25.079282,0.996962,62.589249,47.731612,E:\Data\spring\s1_59\ROIs1158_spring_s1_59_p380.png,E:\Data\spring\s2_59\ROIs1158_spring_s2_59_p380.png
winter,winter_img_temperate_p2337,E:\Data\winter\s1_170\winter_img_temperate_p2337.png,E:\Data\winter\s2_170\winter_img_temperate_p2337.png,False,low_texture,15.951569,14.275499,0.0,14.607819,17.955581,E:\Data\winter\s1_170\winter_img_temperate_p2337.png,E:\Data\winter\s2_170\winter_img_temperate_p2337.png
winter,ROIs2017_winter_101_p737,E:\Data\winter\s1_101\ROIs2017_winter_s1_101_p737.png,E:\Data\winter\s2_101\ROIs2017_winter_s2_101_p737.png,False,water_like,16.382431,60.48871,0.523438,54.398132,40.183165,E:\Data\winter\s1_101\ROIs2017_winter_s1_101_p737.png,E:\Data\winter\s2_101\ROIs2017_winter_s2_101_p737.png
winter,winter_img_temperate_p2441,E:\Data\winter\s1_170\winter_img_temperate_p2441.png,E:\Data\winter\s2_170\winter_img_temperate_p2441.png,False,low_texture,20.67485,16.804366,0.0,27.886551,43.999473,E:\Data\winter\s1_170\winter_img_temperate_p2441.png,E:\Data\winter\s2_170\winter_img_temperate_p2441.png
summer,ROIs1868_summer_58_p185,E:\Data\summer\s1_58\ROIs1868_summer_s1_58_p185.png,E:\Data\summer\s2_58\ROIs1868_summer_s2_58_p185.png,False,low_texture,30.580673,14.571507,0.0,47.789719,30.598111,E:\Data\summer\s1_58\ROIs1868_summer_s1_58_p185.png,E:\Data\summer\s2_58\ROIs1868_summer_s2_58_p185.png
fall,ROIs1970_fall_7_p861,E:\Data\fall\s1_7\ROIs1970_fall_s1_7_p861.png,E:\Data\fall\s2_7\ROIs1970_fall_s2_7_p861.png,False,water_like,19.43103,20.493905,0.983941,42.650589,37.980705,E:\Data\fall\s1_7\ROIs1970_fall_s1_7_p861.png,E:\Data\fall\s2_7\ROIs1970_fall_s2_7_p861.png
summer,ROIs1868_summer_95_p1209,E:\Data\summer\s1_95\ROIs1868_summer_s1_95_p1209.png,E:\Data\summer\s2_95\ROIs1868_summer_s2_95_p1209.png,False,low_texture,10.051956,18.093845,0.001302,20.701309,12.176411,E:\Data\summer\s1_95\ROIs1868_summer_s1_95_p1209.png,E:\Data\summer\s2_95\ROIs1868_summer_s2_95_p1209.png
fall,fall_img_tropical_p11597,E:\Data\fall\s1_150\fall_img_tropical_p11597.png,E:\Data\fall\s2_150\fall_img_tropical_p11597.png,False,low_texture,5.423157,5.974418,0.0,23.636978,18.690302,E:\Data\fall\s1_150\fall_img_tropical_p11597.png,E:\Data\fall\s2_150\fall_img_tropical_p11597.png
spring,ROIs1158_spring_65_p604,E:\Data\spring\s1_65\ROIs1158_spring_s1_65_p604.png,E:\Data\spring\s2_65\ROIs1158_spring_s2_65_p604.png,False,low_texture,12.391495,54.62983,0.036024,51.976532,54.465746,E:\Data\spring\s1_65\ROIs1158_spring_s1_65_p604.png,E:\Data\spring\s2_65\ROIs1158_spring_s2_65_p604.png
fall,ROIs1970_fall_116_p1408,E:\Data\fall\s1_116\ROIs1970_fall_s1_116_p1408.png,E:\Data\fall\s2_116\ROIs1970_fall_s2_116_p1408.png,False,low_texture,10.522736,81.047629,0.072483,39.039291,48.370456,E:\Data\fall\s1_116\ROIs1970_fall_s1_116_p1408.png,E:\Data\fall\s2_116\ROIs1970_fall_s2_116_p1408.png
spring,ROIs1158_spring_145_p62,E:\Data\spring\s1_145\ROIs1158_spring_s1_145_p62.png,E:\Data\spring\s2_145\ROIs1158_spring_s2_145_p62.png,False,water_like,47.833542,35.640916,0.49783,60.410202,41.748553,E:\Data\spring\s1_145\ROIs1158_spring_s1_145_p62.png,E:\Data\spring\s2_145\ROIs1158_spring_s2_145_p62.png
fall,fall_img_tropical_p10075,E:\Data\fall\s1_150\fall_img_tropical_p10075.png,E:\Data\fall\s2_150\fall_img_tropical_p10075.png,False,low_texture,4.74707,5.402192,0.0,16.56456,18.748324,E:\Data\fall\s1_150\fall_img_tropical_p10075.png,E:\Data\fall\s2_150\fall_img_tropical_p10075.png
summer,ROIs1868_summer_106_p33,E:\Data\summer\s1_106\ROIs1868_summer_s1_106_p33.png,E:\Data\summer\s2_106\ROIs1868_summer_s2_106_p33.png,False,low_texture,13.98436,25.260406,0.0,55.952652,45.918994,E:\Data\summer\s1_106\ROIs1868_summer_s1_106_p33.png,E:\Data\summer\s2_106\ROIs1868_summer_s2_106_p33.png
winter,ROIs2017_winter_30_p525,E:\Data\winter\s1_30\ROIs2017_winter_s1_30_p525.png,E:\Data\winter\s2_30\ROIs2017_winter_s2_30_p525.png,False,water_like,60.505661,50.825762,0.97526,51.01358,52.664,E:\Data\winter\s1_30\ROIs2017_winter_s1_30_p525.png,E:\Data\winter\s2_30\ROIs2017_winter_s2_30_p525.png
winter,ROIs2017_winter_9_p272,E:\Data\winter\s1_9\ROIs2017_winter_s1_9_p272.png,E:\Data\winter\s2_9\ROIs2017_winter_s2_9_p272.png,False,low_texture,12.935638,25.154059,0.0,44.880188,61.461818,E:\Data\winter\s1_9\ROIs2017_winter_s1_9_p272.png,E:\Data\winter\s2_9\ROIs2017_winter_s2_9_p272.png
winter,ROIs2017_winter_30_p554,E:\Data\winter\s1_30\ROIs2017_winter_s1_30_p554.png,E:\Data\winter\s2_30\ROIs2017_winter_s2_30_p554.png,False,water_like,65.66655,50.139228,0.923177,49.081711,57.044701,E:\Data\winter\s1_30\ROIs2017_winter_s1_30_p554.png,E:\Data\winter\s2_30\ROIs2017_winter_s2_30_p554.png
winter,ROIs2017_winter_13_p172,E:\Data\winter\s1_13\ROIs2017_winter_s1_13_p172.png,E:\Data\winter\s2_13\ROIs2017_winter_s2_13_p172.png,False,water_like,17.032516,22.621799,0.428385,45.816864,44.105036,E:\Data\winter\s1_13\ROIs2017_winter_s1_13_p172.png,E:\Data\winter\s2_13\ROIs2017_winter_s2_13_p172.png
fall,ROIs1970_fall_109_p1704,E:\Data\fall\s1_109\ROIs1970_fall_s1_109_p1704.png,E:\Data\fall\s2_109\ROIs1970_fall_s2_109_p1704.png,False,water_like,14.009384,49.489485,0.440538,52.489044,37.878345,E:\Data\fall\s1_109\ROIs1970_fall_s1_109_p1704.png,E:\Data\fall\s2_109\ROIs1970_fall_s2_109_p1704.png
winter,ROIs2017_winter_34_p1359,E:\Data\winter\s1_34\ROIs2017_winter_s1_34_p1359.png,E:\Data\winter\s2_34\ROIs2017_winter_s2_34_p1359.png,False,low_texture,10.099884,11.692332,0.0,36.024551,25.444687,E:\Data\winter\s1_34\ROIs2017_winter_s1_34_p1359.png,E:\Data\winter\s2_34\ROIs2017_winter_s2_34_p1359.png
fall,fall_img_tropical_p5604,E:\Data\fall\s1_150\fall_img_tropical_p5604.png,E:\Data\fall\s2_150\fall_img_tropical_p5604.png,False,low_texture,4.390686,1.920727,0.0,34.005585,15.033335,E:\Data\fall\s1_150\fall_img_tropical_p5604.png,E:\Data\fall\s2_150\fall_img_tropical_p5604.png
winter,ROIs2017_winter_67_p780,E:\Data\winter\s1_67\ROIs2017_winter_s1_67_p780.png,E:\Data\winter\s2_67\ROIs2017_winter_s2_67_p780.png,False,water_like,33.559906,29.620822,0.977431,60.425232,44.078915,E:\Data\winter\s1_67\ROIs2017_winter_s1_67_p780.png,E:\Data\winter\s2_67\ROIs2017_winter_s2_67_p780.png
winter,ROIs2017_winter_9_p493,E:\Data\winter\s1_9\ROIs2017_winter_s1_9_p493.png,E:\Data\winter\s2_9\ROIs2017_winter_s2_9_p493.png,False,low_texture,12.23999,18.005267,0.0,41.957138,37.707427,E:\Data\winter\s1_9\ROIs2017_winter_s1_9_p493.png,E:\Data\winter\s2_9\ROIs2017_winter_s2_9_p493.png
fall,ROIs1970_fall_72_p215,E:\Data\fall\s1_72\ROIs1970_fall_s1_72_p215.png,E:\Data\fall\s2_72\ROIs1970_fall_s2_72_p215.png,False,low_texture,10.741867,30.271808,0.024306,30.061356,42.422257,E:\Data\fall\s1_72\ROIs1970_fall_s1_72_p215.png,E:\Data\fall\s2_72\ROIs1970_fall_s2_72_p215.png
summer,ROIs1868_summer_47_p699,E:\Data\summer\s1_47\ROIs1868_summer_s1_47_p699.png,E:\Data\summer\s2_47\ROIs1868_summer_s2_47_p699.png,False,water_like,16.124939,24.21231,0.938368,44.377579,59.535263,E:\Data\summer\s1_47\ROIs1868_summer_s1_47_p699.png,E:\Data\summer\s2_47\ROIs1868_summer_s2_47_p699.png
winter,winter_img_temperate_p1022,E:\Data\winter\s1_170\winter_img_temperate_p1022.png,E:\Data\winter\s2_170\winter_img_temperate_p1022.png,False,low_texture,19.559647,13.492011,0.0,16.15712,16.056799,E:\Data\winter\s1_170\winter_img_temperate_p1022.png,E:\Data\winter\s2_170\winter_img_temperate_p1022.png
winter,ROIs2017_winter_97_p987,E:\Data\winter\s1_97\ROIs2017_winter_s1_97_p987.png,E:\Data\winter\s2_97\ROIs2017_winter_s2_97_p987.png,False,low_texture,5.517792,9.688374,0.0,64.432755,44.830137,E:\Data\winter\s1_97\ROIs2017_winter_s1_97_p987.png,E:\Data\winter\s2_97\ROIs2017_winter_s2_97_p987.png
fall,ROIs1970_fall_67_p508,E:\Data\fall\s1_67\ROIs1970_fall_s1_67_p508.png,E:\Data\fall\s2_67\ROIs1970_fall_s2_67_p508.png,False,low_texture,10.671249,13.668674,0.0,51.665268,38.982692,E:\Data\fall\s1_67\ROIs1970_fall_s1_67_p508.png,E:\Data\fall\s2_67\ROIs1970_fall_s2_67_p508.png
spring,ROIs1158_spring_80_p1011,E:\Data\spring\s1_80\ROIs1158_spring_s1_80_p1011.png,E:\Data\spring\s2_80\ROIs1158_spring_s2_80_p1011.png,False,low_texture,13.935272,34.197281,0.004774,24.639496,25.819501,E:\Data\spring\s1_80\ROIs1158_spring_s1_80_p1011.png,E:\Data\spring\s2_80\ROIs1158_spring_s2_80_p1011.png
spring,ROIs1158_spring_54_p1222,E:\Data\spring\s1_54\ROIs1158_spring_s1_54_p1222.png,E:\Data\spring\s2_54\ROIs1158_spring_s2_54_p1222.png,False,water_like,25.698593,31.474434,0.86849,47.446182,49.080358,E:\Data\spring\s1_54\ROIs1158_spring_s1_54_p1222.png,E:\Data\spring\s2_54\ROIs1158_spring_s2_54_p1222.png
fall,ROIs1970_fall_108_p236,E:\Data\fall\s1_108\ROIs1970_fall_s1_108_p236.png,E:\Data\fall\s2_108\ROIs1970_fall_s2_108_p236.png,False,low_texture,7.872971,48.615811,0.00651,41.603165,31.487168,E:\Data\fall\s1_108\ROIs1970_fall_s1_108_p236.png,E:\Data\fall\s2_108\ROIs1970_fall_s2_108_p236.png
summer,summer_img_temperate_p3298,E:\Data\summer\s1_160\summer_img_temperate_p3298.png,E:\Data\summer\s2_160\summer_img_temperate_p3298.png,False,low_texture;sar_low_texture,15.453705,6.64341,0.0,5.22345,2.738537,E:\Data\summer\s1_160\summer_img_temperate_p3298.png,E:\Data\summer\s2_160\summer_img_temperate_p3298.png
spring,ROIs1158_spring_0_p909,E:\Data\spring\s1_0\ROIs1158_spring_s1_0_p909.png,E:\Data\spring\s2_0\ROIs1158_spring_s2_0_p909.png,False,low_texture,14.442139,15.05881,0.0,41.860367,42.455849,E:\Data\spring\s1_0\ROIs1158_spring_s1_0_p909.png,E:\Data\spring\s2_0\ROIs1158_spring_s2_0_p909.png
fall,ROIs1970_fall_56_p988,E:\Data\fall\s1_56\ROIs1970_fall_s1_56_p988.png,E:\Data\fall\s2_56\ROIs1970_fall_s2_56_p988.png,False,low_texture,4.419922,2.512365,0.0,39.540726,23.570604,E:\Data\fall\s1_56\ROIs1970_fall_s1_56_p988.png,E:\Data\fall\s2_56\ROIs1970_fall_s2_56_p988.png
spring,ROIs1158_spring_42_p643,E:\Data\spring\s1_42\ROIs1158_spring_s1_42_p643.png,E:\Data\spring\s2_42\ROIs1158_spring_s2_42_p643.png,False,low_texture,12.508118,10.76654,0.0,48.086349,39.447065,E:\Data\spring\s1_42\ROIs1158_spring_s1_42_p643.png,E:\Data\spring\s2_42\ROIs1158_spring_s2_42_p643.png
fall,ROIs1970_fall_144_p902,E:\Data\fall\s1_144\ROIs1970_fall_s1_144_p902.png,E:\Data\fall\s2_144\ROIs1970_fall_s2_144_p902.png,False,low_texture,7.430008,12.451645,0.0,57.684616,41.501432,E:\Data\fall\s1_144\ROIs1970_fall_s1_144_p902.png,E:\Data\fall\s2_144\ROIs1970_fall_s2_144_p902.png
winter,winter_img_temperate_p9250,E:\Data\winter\s1_170\winter_img_temperate_p9250.png,E:\Data\winter\s2_170\winter_img_temperate_p9250.png,False,low_texture,12.443649,11.372486,0.0,13.166138,13.457766,E:\Data\winter\s1_170\winter_img_temperate_p9250.png,E:\Data\winter\s2_170\winter_img_temperate_p9250.png
summer,ROIs1868_summer_10_p456,E:\Data\summer\s1_10\ROIs1868_summer_s1_10_p456.png,E:\Data\summer\s2_10\ROIs1868_summer_s2_10_p456.png,False,low_texture,9.576508,4.000287,0.0,38.822128,22.266492,E:\Data\summer\s1_10\ROIs1868_summer_s1_10_p456.png,E:\Data\summer\s2_10\ROIs1868_summer_s2_10_p456.png
summer,ROIs1868_summer_41_p126,E:\Data\summer\s1_41\ROIs1868_summer_s1_41_p126.png,E:\Data\summer\s2_41\ROIs1868_summer_s2_41_p126.png,False,low_texture;water_like,9.624893,11.173486,1.0,31.050644,22.517828,E:\Data\summer\s1_41\ROIs1868_summer_s1_41_p126.png,E:\Data\summer\s2_41\ROIs1868_summer_s2_41_p126.png
winter,ROIs2017_winter_51_p360,E:\Data\winter\s1_51\ROIs2017_winter_s1_51_p360.png,E:\Data\winter\s2_51\ROIs2017_winter_s2_51_p360.png,False,water_like,35.058594,31.371496,0.595052,30.640259,29.97102,E:\Data\winter\s1_51\ROIs2017_winter_s1_51_p360.png,E:\Data\winter\s2_51\ROIs2017_winter_s2_51_p360.png
winter,winter_img_temperate_p2454,E:\Data\winter\s1_171\winter_img_temperate_p2454.png,E:\Data\winter\s2_171\winter_img_temperate_p2454.png,False,low_texture,11.975006,15.939802,0.016493,35.573761,35.477596,E:\Data\winter\s1_171\winter_img_temperate_p2454.png,E:\Data\winter\s2_171\winter_img_temperate_p2454.png
summer,summer_img_temperate_p4570,E:\Data\summer\s1_160\summer_img_temperate_p4570.png,E:\Data\summer\s2_160\summer_img_temperate_p4570.png,False,low_texture;sar_low_texture,21.238312,12.596058,0.0,4.515656,3.645036,E:\Data\summer\s1_160\summer_img_temperate_p4570.png,E:\Data\summer\s2_160\summer_img_temperate_p4570.png
winter,winter_img_temperate_p714,E:\Data\winter\s1_170\winter_img_temperate_p714.png,E:\Data\winter\s2_170\winter_img_temperate_p714.png,False,low_texture,22.407898,16.67669,0.0,12.031387,15.40311,E:\Data\winter\s1_170\winter_img_temperate_p714.png,E:\Data\winter\s2_170\winter_img_temperate_p714.png
fall,fall_img_tropical_p9010,E:\Data\fall\s1_150\fall_img_tropical_p9010.png,E:\Data\fall\s2_150\fall_img_tropical_p9010.png,False,low_texture,8.752029,9.552992,0.0,32.425598,19.425746,E:\Data\fall\s1_150\fall_img_tropical_p9010.png,E:\Data\fall\s2_150\fall_img_tropical_p9010.png
winter,ROIs2017_winter_112_p353,E:\Data\winter\s1_112\ROIs2017_winter_s1_112_p353.png,E:\Data\winter\s2_112\ROIs2017_winter_s2_112_p353.png,False,low_texture,13.803726,20.163628,0.0,43.201065,26.344411,E:\Data\winter\s1_112\ROIs2017_winter_s1_112_p353.png,E:\Data\winter\s2_112\ROIs2017_winter_s2_112_p353.png
summer,ROIs1868_summer_75_p1014,E:\Data\summer\s1_75\ROIs1868_summer_s1_75_p1014.png,E:\Data\summer\s2_75\ROIs1868_summer_s2_75_p1014.png,False,low_texture,11.380844,17.302054,0.0,30.825058,35.378819,E:\Data\summer\s1_75\ROIs1868_summer_s1_75_p1014.png,E:\Data\summer\s2_75\ROIs1868_summer_s2_75_p1014.png
winter,winter_img_temperate_p394,E:\Data\winter\s1_171\winter_img_temperate_p394.png,E:\Data\winter\s2_171\winter_img_temperate_p394.png,False,water_like,40.769348,66.799555,0.525174,35.833328,39.596641,E:\Data\winter\s1_171\winter_img_temperate_p394.png,E:\Data\winter\s2_171\winter_img_temperate_p394.png
fall,ROIs1970_fall_116_p35,E:\Data\fall\s1_116\ROIs1970_fall_s1_116_p35.png,E:\Data\fall\s2_116\ROIs1970_fall_s2_116_p35.png,False,low_texture;water_like,13.05806,55.973099,0.547743,36.826981,53.465835,E:\Data\fall\s1_116\ROIs1970_fall_s1_116_p35.png,E:\Data\fall\s2_116\ROIs1970_fall_s2_116_p35.png
winter,winter_img_temperate_p11038,E:\Data\winter\s1_170\winter_img_temperate_p11038.png,E:\Data\winter\s2_170\winter_img_temperate_p11038.png,False,low_texture,11.639145,8.838104,0.0,17.374832,14.813984,E:\Data\winter\s1_170\winter_img_temperate_p11038.png,E:\Data\winter\s2_170\winter_img_temperate_p11038.png
fall,ROIs1970_fall_116_p1925,E:\Data\fall\s1_116\ROIs1970_fall_s1_116_p1925.png,E:\Data\fall\s2_116\ROIs1970_fall_s2_116_p1925.png,False,low_texture;water_like,9.116547,17.232373,0.469184,35.207321,34.684605,E:\Data\fall\s1_116\ROIs1970_fall_s1_116_p1925.png,E:\Data\fall\s2_116\ROIs1970_fall_s2_116_p1925.png
summer,ROIs1868_summer_102_p1382,E:\Data\summer\s1_102\ROIs1868_summer_s1_102_p1382.png,E:\Data\summer\s2_102\ROIs1868_summer_s2_102_p1382.png,False,low_texture,11.708069,23.57871,0.003906,50.364395,43.830161,E:\Data\summer\s1_102\ROIs1868_summer_s1_102_p1382.png,E:\Data\summer\s2_102\ROIs1868_summer_s2_102_p1382.png
winter,ROIs2017_winter_56_p933,E:\Data\winter\s1_56\ROIs2017_winter_s1_56_p933.png,E:\Data\winter\s2_56\ROIs2017_winter_s2_56_p933.png,False,water_like,42.274582,44.349435,0.859375,40.712936,37.518105,E:\Data\winter\s1_56\ROIs2017_winter_s1_56_p933.png,E:\Data\winter\s2_56\ROIs2017_winter_s2_56_p933.png
winter,ROIs2017_winter_101_p1403,E:\Data\winter\s1_101\ROIs2017_winter_s1_101_p1403.png,E:\Data\winter\s2_101\ROIs2017_winter_s2_101_p1403.png,False,low_texture;water_like,13.039734,22.475117,0.719184,50.405457,40.310343,E:\Data\winter\s1_101\ROIs2017_winter_s1_101_p1403.png,E:\Data\winter\s2_101\ROIs2017_winter_s2_101_p1403.png
summer,ROIs1868_summer_121_p803,E:\Data\summer\s1_121\ROIs1868_summer_s1_121_p803.png,E:\Data\summer\s2_121\ROIs1868_summer_s2_121_p803.png,False,water_like,40.090897,33.035095,0.718316,67.453079,47.028387,E:\Data\summer\s1_121\ROIs1868_summer_s1_121_p803.png,E:\Data\summer\s2_121\ROIs1868_summer_s2_121_p803.png
fall,ROIs1970_fall_43_p926,E:\Data\fall\s1_43\ROIs1970_fall_s1_43_p926.png,E:\Data\fall\s2_43\ROIs1970_fall_s2_43_p926.png,False,low_texture,12.582397,23.040116,0.0,27.799515,20.440211,E:\Data\fall\s1_43\ROIs1970_fall_s1_43_p926.png,E:\Data\fall\s2_43\ROIs1970_fall_s2_43_p926.png
spring,ROIs1158_spring_83_p633,E:\Data\spring\s1_83\ROIs1158_spring_s1_83_p633.png,E:\Data\spring\s2_83\ROIs1158_spring_s2_83_p633.png,False,water_like,27.108322,46.377765,0.62283,65.456833,50.546631,E:\Data\spring\s1_83\ROIs1158_spring_s1_83_p633.png,E:\Data\spring\s2_83\ROIs1158_spring_s2_83_p633.png
summer,summer_img_temperate_p3432,E:\Data\summer\s1_160\summer_img_temperate_p3432.png,E:\Data\summer\s2_160\summer_img_temperate_p3432.png,False,low_texture,18.609726,13.71631,0.0,6.693146,4.0439,E:\Data\summer\s1_160\summer_img_temperate_p3432.png,E:\Data\summer\s2_160\summer_img_temperate_p3432.png
fall,fall_img_temperate_p4879,E:\Data\fall\s1_150\fall_img_temperate_p4879.png,E:\Data\fall\s2_150\fall_img_temperate_p4879.png,False,low_texture,20.678406,15.493711,0.0,7.52626,8.16376,E:\Data\fall\s1_150\fall_img_temperate_p4879.png,E:\Data\fall\s2_150\fall_img_temperate_p4879.png
fall,fall_img_tropical_p8766,E:\Data\fall\s1_150\fall_img_tropical_p8766.png,E:\Data\fall\s2_150\fall_img_tropical_p8766.png,False,low_texture,6.136124,3.571144,0.0,33.47789,15.438805,E:\Data\fall\s1_150\fall_img_tropical_p8766.png,E:\Data\fall\s2_150\fall_img_tropical_p8766.png
fall,fall_img_tropical_p8290,E:\Data\fall\s1_150\fall_img_tropical_p8290.png,E:\Data\fall\s2_150\fall_img_tropical_p8290.png,False,low_texture,6.772232,5.207332,0.0,33.305878,15.347836,E:\Data\fall\s1_150\fall_img_tropical_p8290.png,E:\Data\fall\s2_150\fall_img_tropical_p8290.png
summer,summer_img_temperate_p1008,E:\Data\summer\s1_160\summer_img_temperate_p1008.png,E:\Data\summer\s2_160\summer_img_temperate_p1008.png,False,low_texture,13.807434,12.097594,0.0,11.445602,9.370373,E:\Data\summer\s1_160\summer_img_temperate_p1008.png,E:\Data\summer\s2_160\summer_img_temperate_p1008.png
spring,ROIs1158_spring_9_p881,E:\Data\spring\s1_9\ROIs1158_spring_s1_9_p881.png,E:\Data\spring\s2_9\ROIs1158_spring_s2_9_p881.png,False,low_texture,10.729797,18.289465,0.0,39.694702,40.771704,E:\Data\spring\s1_9\ROIs1158_spring_s1_9_p881.png,E:\Data\spring\s2_9\ROIs1158_spring_s2_9_p881.png
fall,fall_img_tropical_p8632,E:\Data\fall\s1_150\fall_img_tropical_p8632.png,E:\Data\fall\s2_150\fall_img_tropical_p8632.png,False,low_texture,8.193558,9.642633,0.0,32.427307,17.208367,E:\Data\fall\s1_150\fall_img_tropical_p8632.png,E:\Data\fall\s2_150\fall_img_tropical_p8632.png
winter,winter_img_temperate_p6244,E:\Data\winter\s1_170\winter_img_temperate_p6244.png,E:\Data\winter\s2_170\winter_img_temperate_p6244.png,False,low_texture,19.85144,13.701013,0.0,10.870651,11.918297,E:\Data\winter\s1_170\winter_img_temperate_p6244.png,E:\Data\winter\s2_170\winter_img_temperate_p6244.png
summer,summer_img_temperate_p378,E:\Data\summer\s1_160\summer_img_temperate_p378.png,E:\Data\summer\s2_160\summer_img_temperate_p378.png,False,low_texture;sar_low_texture,10.701141,11.418492,0.0,4.634262,3.350574,E:\Data\summer\s1_160\summer_img_temperate_p378.png,E:\Data\summer\s2_160\summer_img_temperate_p378.png
summer,ROIs1868_summer_54_p1359,E:\Data\summer\s1_54\ROIs1868_summer_s1_54_p1359.png,E:\Data\summer\s2_54\ROIs1868_summer_s2_54_p1359.png,False,low_texture;water_like,9.026718,10.961532,1.0,34.67308,45.783457,E:\Data\summer\s1_54\ROIs1868_summer_s1_54_p1359.png,E:\Data\summer\s2_54\ROIs1868_summer_s2_54_p1359.png
fall,ROIs1970_fall_114_p283,E:\Data\fall\s1_114\ROIs1970_fall_s1_114_p283.png,E:\Data\fall\s2_114\ROIs1970_fall_s2_114_p283.png,False,water_like,38.140762,52.550223,0.429253,47.935654,39.727518,E:\Data\fall\s1_114\ROIs1970_fall_s1_114_p283.png,E:\Data\fall\s2_114\ROIs1970_fall_s2_114_p283.png
fall,ROIs1970_fall_116_p2075,E:\Data\fall\s1_116\ROIs1970_fall_s1_116_p2075.png,E:\Data\fall\s2_116\ROIs1970_fall_s2_116_p2075.png,False,water_like,15.11673,24.614279,0.416667,35.316238,32.338477,E:\Data\fall\s1_116\ROIs1970_fall_s1_116_p2075.png,E:\Data\fall\s2_116\ROIs1970_fall_s2_116_p2075.png
spring,ROIs1158_spring_49_p745,E:\Data\spring\s1_49\ROIs1158_spring_s1_49_p745.png,E:\Data\spring\s2_49\ROIs1158_spring_s2_49_p745.png,False,low_texture;water_like,11.987534,28.67303,0.998264,46.146408,49.10849,E:\Data\spring\s1_49\ROIs1158_spring_s1_49_p745.png,E:\Data\spring\s2_49\ROIs1158_spring_s2_49_p745.png
spring,ROIs1158_spring_14_p853,E:\Data\spring\s1_14\ROIs1158_spring_s1_14_p853.png,E:\Data\spring\s2_14\ROIs1158_spring_s2_14_p853.png,False,low_texture,10.211731,16.706718,0.0,54.572662,41.868396,E:\Data\spring\s1_14\ROIs1158_spring_s1_14_p853.png,E:\Data\spring\s2_14\ROIs1158_spring_s2_14_p853.png
spring,ROIs1158_spring_23_p496,E:\Data\spring\s1_23\ROIs1158_spring_s1_23_p496.png,E:\Data\spring\s2_23\ROIs1158_spring_s2_23_p496.png,False,water_like,18.596146,38.816376,0.874132,39.087326,56.984279,E:\Data\spring\s1_23\ROIs1158_spring_s1_23_p496.png,E:\Data\spring\s2_23\ROIs1158_spring_s2_23_p496.png
spring,ROIs1158_spring_20_p377,E:\Data\spring\s1_20\ROIs1158_spring_s1_20_p377.png,E:\Data\spring\s2_20\ROIs1158_spring_s2_20_p377.png,False,water_like,50.096909,48.162209,0.418837,48.901733,62.06427,E:\Data\spring\s1_20\ROIs1158_spring_s1_20_p377.png,E:\Data\spring\s2_20\ROIs1158_spring_s2_20_p377.png
winter,ROIs2017_winter_101_p1426,E:\Data\winter\s1_101\ROIs2017_winter_s1_101_p1426.png,E:\Data\winter\s2_101\ROIs2017_winter_s2_101_p1426.png,False,low_texture;water_like,13.394012,48.789474,0.727431,53.467087,47.606422,E:\Data\winter\s1_101\ROIs2017_winter_s1_101_p1426.png,E:\Data\winter\s2_101\ROIs2017_winter_s2_101_p1426.png
fall,ROIs1970_fall_116_p1589,E:\Data\fall\s1_116\ROIs1970_fall_s1_116_p1589.png,E:\Data\fall\s2_116\ROIs1970_fall_s2_116_p1589.png,False,water_like,16.904724,73.209435,0.450955,37.799973,70.649259,E:\Data\fall\s1_116\ROIs1970_fall_s1_116_p1589.png,E:\Data\fall\s2_116\ROIs1970_fall_s2_116_p1589.png
fall,ROIs1970_fall_139_p2137,E:\Data\fall\s1_139\ROIs1970_fall_s1_139_p2137.png,E:\Data\fall\s2_139\ROIs1970_fall_s2_139_p2137.png,False,water_like,22.69931,36.439854,0.633681,34.113403,50.777477,E:\Data\fall\s1_139\ROIs1970_fall_s1_139_p2137.png,E:\Data\fall\s2_139\ROIs1970_fall_s2_139_p2137.png
winter,ROIs2017_winter_0_p775,E:\Data\winter\s1_0\ROIs2017_winter_s1_0_p775.png,E:\Data\winter\s2_0\ROIs2017_winter_s2_0_p775.png,False,water_like,31.407669,50.173531,0.426215,57.207596,51.667389,E:\Data\winter\s1_0\ROIs2017_winter_s1_0_p775.png,E:\Data\winter\s2_0\ROIs2017_winter_s2_0_p775.png
fall,ROIs1970_fall_109_p483,E:\Data\fall\s1_109\ROIs1970_fall_s1_109_p483.png,E:\Data\fall\s2_109\ROIs1970_fall_s2_109_p483.png,False,water_like,17.622925,43.057465,0.945747,53.792725,53.135802,E:\Data\fall\s1_109\ROIs1970_fall_s1_109_p483.png,E:\Data\fall\s2_109\ROIs1970_fall_s2_109_p483.png
winter,ROIs2017_winter_146_p1470,E:\Data\winter\s1_146\ROIs2017_winter_s1_146_p1470.png,E:\Data\winter\s2_146\ROIs2017_winter_s2_146_p1470.png,False,water_like,24.418304,53.212498,0.450521,60.874023,44.021621,E:\Data\winter\s1_146\ROIs2017_winter_s1_146_p1470.png,E:\Data\winter\s2_146\ROIs2017_winter_s2_146_p1470.png
spring,ROIs1158_spring_60_p618,E:\Data\spring\s1_60\ROIs1158_spring_s1_60_p618.png,E:\Data\spring\s2_60\ROIs1158_spring_s2_60_p618.png,False,water_like,20.607986,40.813925,0.897135,61.014633,42.952646,E:\Data\spring\s1_60\ROIs1158_spring_s1_60_p618.png,E:\Data\spring\s2_60\ROIs1158_spring_s2_60_p618.png
winter,winter_img_temperate_p5115,E:\Data\winter\s1_170\winter_img_temperate_p5115.png,E:\Data\winter\s2_170\winter_img_temperate_p5115.png,False,low_texture,14.358063,8.161384,0.0,17.176773,15.422655,E:\Data\winter\s1_170\winter_img_temperate_p5115.png,E:\Data\winter\s2_170\winter_img_temperate_p5115.png
summer,summer_img_temperate_p5053,E:\Data\summer\s1_160\summer_img_temperate_p5053.png,E:\Data\summer\s2_160\summer_img_temperate_p5053.png,False,low_texture;sar_low_texture,5.230484,2.262856,0.0,3.36525,1.920623,E:\Data\summer\s1_160\summer_img_temperate_p5053.png,E:\Data\summer\s2_160\summer_img_temperate_p5053.png
fall,ROIs1970_fall_71_p840,E:\Data\fall\s1_71\ROIs1970_fall_s1_71_p840.png,E:\Data\fall\s2_71\ROIs1970_fall_s2_71_p840.png,False,water_like,35.484146,48.936381,0.884983,43.940094,52.394887,E:\Data\fall\s1_71\ROIs1970_fall_s1_71_p840.png,E:\Data\fall\s2_71\ROIs1970_fall_s2_71_p840.png
spring,ROIs1158_spring_49_p733,E:\Data\spring\s1_49\ROIs1158_spring_s1_49_p733.png,E:\Data\spring\s2_49\ROIs1158_spring_s2_49_p733.png,False,water_like,32.092896,28.470856,0.992188,48.292145,42.415186,E:\Data\spring\s1_49\ROIs1158_spring_s1_49_p733.png,E:\Data\spring\s2_49\ROIs1158_spring_s2_49_p733.png
winter,winter_img_temperate_p8538,E:\Data\winter\s1_170\winter_img_temperate_p8538.png,E:\Data\winter\s2_170\winter_img_temperate_p8538.png,False,low_texture,21.006027,14.092483,0.0,8.209595,11.461553,E:\Data\winter\s1_170\winter_img_temperate_p8538.png,E:\Data\winter\s2_170\winter_img_temperate_p8538.png
summer,summer_img_temperate_p70,E:\Data\summer\s1_160\summer_img_temperate_p70.png,E:\Data\summer\s2_160\summer_img_temperate_p70.png,False,sar_low_texture,20.064438,19.093905,0.0,4.69989,5.0296,E:\Data\summer\s1_160\summer_img_temperate_p70.png,E:\Data\summer\s2_160\summer_img_temperate_p70.png
spring,ROIs1158_spring_40_p281,E:\Data\spring\s1_40\ROIs1158_spring_s1_40_p281.png,E:\Data\spring\s2_40\ROIs1158_spring_s2_40_p281.png,False,low_texture,9.96669,20.373142,0.0,32.931961,29.382965,E:\Data\spring\s1_40\ROIs1158_spring_s1_40_p281.png,E:\Data\spring\s2_40\ROIs1158_spring_s2_40_p281.png
fall,ROIs1970_fall_37_p140,E:\Data\fall\s1_37\ROIs1970_fall_s1_37_p140.png,E:\Data\fall\s2_37\ROIs1970_fall_s2_37_p140.png,False,low_texture,10.845795,19.199836,0.0,45.960587,37.879267,E:\Data\fall\s1_37\ROIs1970_fall_s1_37_p140.png,E:\Data\fall\s2_37\ROIs1970_fall_s2_37_p140.png
summer,ROIs1868_summer_127_p30,E:\Data\summer\s1_127\ROIs1868_summer_s1_127_p30.png,E:\Data\summer\s2_127\ROIs1868_summer_s2_127_p30.png,False,low_texture,14.570267,13.791462,0.0,41.01561,28.924074,E:\Data\summer\s1_127\ROIs1868_summer_s1_127_p30.png,E:\Data\summer\s2_127\ROIs1868_summer_s2_127_p30.png
fall,ROIs1970_fall_67_p209,E:\Data\fall\s1_67\ROIs1970_fall_s1_67_p209.png,E:\Data\fall\s2_67\ROIs1970_fall_s2_67_p209.png,False,low_texture,12.485992,15.31421,0.0,51.362595,37.529155,E:\Data\fall\s1_67\ROIs1970_fall_s1_67_p209.png,E:\Data\fall\s2_67\ROIs1970_fall_s2_67_p209.png
summer,summer_img_temperate_p6686,E:\Data\summer\s1_160\summer_img_temperate_p6686.png,E:\Data\summer\s2_160\summer_img_temperate_p6686.png,False,low_texture,19.258133,16.166099,0.0,6.587387,6.254363,E:\Data\summer\s1_160\summer_img_temperate_p6686.png,E:\Data\summer\s2_160\summer_img_temperate_p6686.png
spring,ROIs1158_spring_23_p974,E:\Data\spring\s1_23\ROIs1158_spring_s1_23_p974.png,E:\Data\spring\s2_23\ROIs1158_spring_s2_23_p974.png,False,low_texture;water_like,10.210709,23.356834,0.982205,37.540039,41.120568,E:\Data\spring\s1_23\ROIs1158_spring_s1_23_p974.png,E:\Data\spring\s2_23\ROIs1158_spring_s2_23_p974.png
fall,fall_img_tropical_p5756,E:\Data\fall\s1_150\fall_img_tropical_p5756.png,E:\Data\fall\s2_150\fall_img_tropical_p5756.png,False,low_texture,5.151962,3.481082,0.0,35.035568,15.54337,E:\Data\fall\s1_150\fall_img_tropical_p5756.png,E:\Data\fall\s2_150\fall_img_tropical_p5756.png
winter,ROIs2017_winter_77_p957,E:\Data\winter\s1_77\ROIs2017_winter_s1_77_p957.png,E:\Data\winter\s2_77\ROIs2017_winter_s2_77_p957.png,False,low_texture,10.772598,25.136345,0.0,31.953873,26.651433,E:\Data\winter\s1_77\ROIs2017_winter_s1_77_p957.png,E:\Data\winter\s2_77\ROIs2017_winter_s2_77_p957.png
winter,winter_img_temperate_p1119,E:\Data\winter\s1_170\winter_img_temperate_p1119.png,E:\Data\winter\s2_170\winter_img_temperate_p1119.png,False,low_texture,15.17009,14.90084,0.0,18.821808,20.025644,E:\Data\winter\s1_170\winter_img_temperate_p1119.png,E:\Data\winter\s2_170\winter_img_temperate_p1119.png
fall,fall_img_tropical_p7538,E:\Data\fall\s1_150\fall_img_tropical_p7538.png,E:\Data\fall\s2_150\fall_img_tropical_p7538.png,False,low_texture,7.549454,4.41525,0.0,37.658539,18.443609,E:\Data\fall\s1_150\fall_img_tropical_p7538.png,E:\Data\fall\s2_150\fall_img_tropical_p7538.png
summer,ROIs1868_summer_106_p878,E:\Data\summer\s1_106\ROIs1868_summer_s1_106_p878.png,E:\Data\summer\s2_106\ROIs1868_summer_s2_106_p878.png,False,low_texture,12.063354,14.42328,0.0,56.783661,41.871466,E:\Data\summer\s1_106\ROIs1868_summer_s1_106_p878.png,E:\Data\summer\s2_106\ROIs1868_summer_s2_106_p878.png
spring,ROIs1158_spring_40_p752,E:\Data\spring\s1_40\ROIs1158_spring_s1_40_p752.png,E:\Data\spring\s2_40\ROIs1158_spring_s2_40_p752.png,False,low_texture,11.53891,19.672162,0.001302,33.460754,29.874154,E:\Data\spring\s1_40\ROIs1158_spring_s1_40_p752.png,E:\Data\spring\s2_40\ROIs1158_spring_s2_40_p752.png
fall,ROIs1970_fall_27_p782,E:\Data\fall\s1_27\ROIs1970_fall_s1_27_p782.png,E:\Data\fall\s2_27\ROIs1970_fall_s2_27_p782.png,False,low_texture,8.065735,10.092665,0.0,30.629318,21.617151,E:\Data\fall\s1_27\ROIs1970_fall_s1_27_p782.png,E:\Data\fall\s2_27\ROIs1970_fall_s2_27_p782.png
winter,ROIs2017_winter_101_p678,E:\Data\winter\s1_101\ROIs2017_winter_s1_101_p678.png,E:\Data\winter\s2_101\ROIs2017_winter_s2_101_p678.png,False,water_like,21.573517,53.806608,0.397135,56.266739,40.826104,E:\Data\winter\s1_101\ROIs2017_winter_s1_101_p678.png,E:\Data\winter\s2_101\ROIs2017_winter_s2_101_p678.png
fall,fall_img_tropical_p7929,E:\Data\fall\s1_150\fall_img_tropical_p7929.png,E:\Data\fall\s2_150\fall_img_tropical_p7929.png,False,low_texture,4.18399,2.170517,0.0,38.441559,17.209379,E:\Data\fall\s1_150\fall_img_tropical_p7929.png,E:\Data\fall\s2_150\fall_img_tropical_p7929.png
fall,ROIs1970_fall_109_p895,E:\Data\fall\s1_109\ROIs1970_fall_s1_109_p895.png,E:\Data\fall\s2_109\ROIs1970_fall_s2_109_p895.png,False,water_like,14.382843,43.177629,0.515191,55.178192,41.934317,E:\Data\fall\s1_109\ROIs1970_fall_s1_109_p895.png,E:\Data\fall\s2_109\ROIs1970_fall_s2_109_p895.png
summer,ROIs1868_summer_142_p55,E:\Data\summer\s1_142\ROIs1868_summer_s1_142_p55.png,E:\Data\summer\s2_142\ROIs1868_summer_s2_142_p55.png,False,water_like,27.299408,36.680665,0.923177,50.094772,43.308452,E:\Data\summer\s1_142\ROIs1868_summer_s1_142_p55.png,E:\Data\summer\s2_142\ROIs1868_summer_s2_142_p55.png
winter,ROIs2017_winter_53_p16,E:\Data\winter\s1_53\ROIs2017_winter_s1_53_p16.png,E:\Data\winter\s2_53\ROIs2017_winter_s2_53_p16.png,False,water_like,24.943939,30.970352,0.785156,47.416046,43.527115,E:\Data\winter\s1_53\ROIs2017_winter_s1_53_p16.png,E:\Data\winter\s2_53\ROIs2017_winter_s2_53_p16.png
winter,ROIs2017_winter_4_p55,E:\Data\winter\s1_4\ROIs2017_winter_s1_4_p55.png,E:\Data\winter\s2_4\ROIs2017_winter_s2_4_p55.png,False,low_texture,14.298569,14.480439,0.0,35.683792,26.64476,E:\Data\winter\s1_4\ROIs2017_winter_s1_4_p55.png,E:\Data\winter\s2_4\ROIs2017_winter_s2_4_p55.png
fall,ROIs1970_fall_56_p749,E:\Data\fall\s1_56\ROIs1970_fall_s1_56_p749.png,E:\Data\fall\s2_56\ROIs1970_fall_s2_56_p749.png,False,low_texture,4.410309,2.486305,0.0,37.738144,23.81276,E:\Data\fall\s1_56\ROIs1970_fall_s1_56_p749.png,E:\Data\fall\s2_56\ROIs1970_fall_s2_56_p749.png
fall,fall_img_tropical_p7191,E:\Data\fall\s1_150\fall_img_tropical_p7191.png,E:\Data\fall\s2_150\fall_img_tropical_p7191.png,False,low_texture,4.417282,1.977501,0.0,32.727264,14.709754,E:\Data\fall\s1_150\fall_img_tropical_p7191.png,E:\Data\fall\s2_150\fall_img_tropical_p7191.png
spring,ROIs1158_spring_49_p681,E:\Data\spring\s1_49\ROIs1158_spring_s1_49_p681.png,E:\Data\spring\s2_49\ROIs1158_spring_s2_49_p681.png,False,water_like,21.948151,28.553861,0.956163,44.438507,33.600627,E:\Data\spring\s1_49\ROIs1158_spring_s1_49_p681.png,E:\Data\spring\s2_49\ROIs1158_spring_s2_49_p681.png
spring,ROIs1158_spring_54_p1216,E:\Data\spring\s1_54\ROIs1158_spring_s1_54_p1216.png,E:\Data\spring\s2_54\ROIs1158_spring_s2_54_p1216.png,False,water_like,16.401627,24.122798,0.904514,40.022034,52.506938,E:\Data\spring\s1_54\ROIs1158_spring_s1_54_p1216.png,E:\Data\spring\s2_54\ROIs1158_spring_s2_54_p1216.png
fall,ROIs1970_fall_116_p2234,E:\Data\fall\s1_116\ROIs1970_fall_s1_116_p2234.png,E:\Data\fall\s2_116\ROIs1970_fall_s2_116_p2234.png,False,low_texture;water_like,6.751236,14.21767,0.570747,34.772202,28.56355,E:\Data\fall\s1_116\ROIs1970_fall_s1_116_p2234.png,E:\Data\fall\s2_116\ROIs1970_fall_s2_116_p2234.png
spring,ROIs1158_spring_148_p493,E:\Data\spring\s1_148\ROIs1158_spring_s1_148_p493.png,E:\Data\spring\s2_148\ROIs1158_spring_s2_148_p493.png,False,water_like,72.581482,42.3652,0.360243,26.607941,16.103361,E:\Data\spring\s1_148\ROIs1158_spring_s1_148_p493.png,E:\Data\spring\s2_148\ROIs1158_spring_s2_148_p493.png
summer,summer_img_temperate_p3954,E:\Data\summer\s1_160\summer_img_temperate_p3954.png,E:\Data\summer\s2_160\summer_img_temperate_p3954.png,False,low_texture,13.879761,10.843703,0.0,11.280746,7.24816,E:\Data\summer\s1_160\summer_img_temperate_p3954.png,E:\Data\summer\s2_160\summer_img_temperate_p3954.png
summer,summer_img_temperate_p5549,E:\Data\summer\s1_160\summer_img_temperate_p5549.png,E:\Data\summer\s2_160\summer_img_temperate_p5549.png,False,sar_low_texture,16.395096,23.489369,0.0,6.687561,3.96677,E:\Data\summer\s1_160\summer_img_temperate_p5549.png,E:\Data\summer\s2_160\summer_img_temperate_p5549.png
winter,winter_img_temperate_p8934,E:\Data\winter\s1_170\winter_img_temperate_p8934.png,E:\Data\winter\s2_170\winter_img_temperate_p8934.png,False,low_texture,18.339951,15.137135,0.0,10.323669,12.093597,E:\Data\winter\s1_170\winter_img_temperate_p8934.png,E:\Data\winter\s2_170\winter_img_temperate_p8934.png
summer,ROIs1868_summer_4_p693,E:\Data\summer\s1_4\ROIs1868_summer_s1_4_p693.png,E:\Data\summer\s2_4\ROIs1868_summer_s2_4_p693.png,False,low_texture,12.538345,4.960468,0.0,38.219238,24.785256,E:\Data\summer\s1_4\ROIs1868_summer_s1_4_p693.png,E:\Data\summer\s2_4\ROIs1868_summer_s2_4_p693.png
fall,ROIs1970_fall_139_p1287,E:\Data\fall\s1_139\ROIs1970_fall_s1_139_p1287.png,E:\Data\fall\s2_139\ROIs1970_fall_s2_139_p1287.png,False,water_like,20.65506,32.112923,0.713108,33.259567,46.495829,E:\Data\fall\s1_139\ROIs1970_fall_s1_139_p1287.png,E:\Data\fall\s2_139\ROIs1970_fall_s2_139_p1287.png
fall,ROIs1970_fall_139_p2128,E:\Data\fall\s1_139\ROIs1970_fall_s1_139_p2128.png,E:\Data\fall\s2_139\ROIs1970_fall_s2_139_p2128.png,False,water_like,21.314438,31.812628,0.601562,30.799438,43.73609,E:\Data\fall\s1_139\ROIs1970_fall_s1_139_p2128.png,E:\Data\fall\s2_139\ROIs1970_fall_s2_139_p2128.png
fall,fall_img_tropical_p11389,E:\Data\fall\s1_150\fall_img_tropical_p11389.png,E:\Data\fall\s2_150\fall_img_tropical_p11389.png,False,low_texture,5.127808,3.827036,0.0,33.923828,17.59904,E:\Data\fall\s1_150\fall_img_tropical_p11389.png,E:\Data\fall\s2_150\fall_img_tropical_p11389.png
spring,ROIs1158_spring_137_p362,E:\Data\spring\s1_137\ROIs1158_spring_s1_137_p362.png,E:\Data\spring\s2_137\ROIs1158_spring_s2_137_p362.png,False,water_like,37.71846,60.388664,0.474826,71.777847,54.730921,E:\Data\spring\s1_137\ROIs1158_spring_s1_137_p362.png,E:\Data\spring\s2_137\ROIs1158_spring_s2_137_p362.png
winter,ROIs2017_winter_41_p508,E:\Data\winter\s1_41\ROIs2017_winter_s1_41_p508.png,E:\Data\winter\s2_41\ROIs2017_winter_s2_41_p508.png,False,low_texture,8.919876,14.320681,0.00217,23.373657,23.182143,E:\Data\winter\s1_41\ROIs2017_winter_s1_41_p508.png,E:\Data\winter\s2_41\ROIs2017_winter_s2_41_p508.png
spring,ROIs1158_spring_23_p1040,E:\Data\spring\s1_23\ROIs1158_spring_s1_23_p1040.png,E:\Data\spring\s2_23\ROIs1158_spring_s2_23_p1040.png,False,water_like,25.022873,31.59641,0.971788,40.771133,39.973954,E:\Data\spring\s1_23\ROIs1158_spring_s1_23_p1040.png,E:\Data\spring\s2_23\ROIs1158_spring_s2_23_p1040.png
winter,ROIs2017_winter_140_p764,E:\Data\winter\s1_140\ROIs2017_winter_s1_140_p764.png,E:\Data\winter\s2_140\ROIs2017_winter_s2_140_p764.png,False,water_like,48.489883,63.661196,0.674913,22.680801,21.697988,E:\Data\winter\s1_140\ROIs2017_winter_s1_140_p764.png,E:\Data\winter\s2_140\ROIs2017_winter_s2_140_p764.png
summer,ROIs1868_summer_88_p988,E:\Data\summer\s1_88\ROIs1868_summer_s1_88_p988.png,E:\Data\summer\s2_88\ROIs1868_summer_s2_88_p988.png,False,low_texture,5.784851,8.015024,0.0,42.246918,43.587859,E:\Data\summer\s1_88\ROIs1868_summer_s1_88_p988.png,E:\Data\summer\s2_88\ROIs1868_summer_s2_88_p988.png
fall,ROIs1970_fall_42_p1485,E:\Data\fall\s1_42\ROIs1970_fall_s1_42_p1485.png,E:\Data\fall\s2_42\ROIs1970_fall_s2_42_p1485.png,False,water_like,15.603546,31.924979,0.991319,26.624435,21.869022,E:\Data\fall\s1_42\ROIs1970_fall_s1_42_p1485.png,E:\Data\fall\s2_42\ROIs1970_fall_s2_42_p1485.png
winter,ROIs2017_winter_105_p36,E:\Data\winter\s1_105\ROIs2017_winter_s1_105_p36.png,E:\Data\winter\s2_105\ROIs2017_winter_s2_105_p36.png,False,water_like,38.570633,72.400999,0.368924,55.256149,62.497598,E:\Data\winter\s1_105\ROIs2017_winter_s1_105_p36.png,E:\Data\winter\s2_105\ROIs2017_winter_s2_105_p36.png
summer,ROIs1868_summer_127_p401,E:\Data\summer\s1_127\ROIs1868_summer_s1_127_p401.png,E:\Data\summer\s2_127\ROIs1868_summer_s2_127_p401.png,False,low_texture,21.668793,13.282236,0.0,43.115005,34.9039,E:\Data\summer\s1_127\ROIs1868_summer_s1_127_p401.png,E:\Data\summer\s2_127\ROIs1868_summer_s2_127_p401.png
summer,ROIs1868_summer_85_p1450,E:\Data\summer\s1_85\ROIs1868_summer_s1_85_p1450.png,E:\Data\summer\s2_85\ROIs1868_summer_s2_85_p1450.png,False,water_like,18.654861,41.160902,0.572917,27.963257,17.788649,E:\Data\summer\s1_85\ROIs1868_summer_s1_85_p1450.png,E:\Data\summer\s2_85\ROIs1868_summer_s2_85_p1450.png
fall,ROIs1970_fall_27_p844,E:\Data\fall\s1_27\ROIs1970_fall_s1_27_p844.png,E:\Data\fall\s2_27\ROIs1970_fall_s2_27_p844.png,False,low_texture,11.855698,22.035089,0.001302,39.255798,68.944392,E:\Data\fall\s1_27\ROIs1970_fall_s1_27_p844.png,E:\Data\fall\s2_27\ROIs1970_fall_s2_27_p844.png
summer,summer_img_temperate_p6875,E:\Data\summer\s1_160\summer_img_temperate_p6875.png,E:\Data\summer\s2_160\summer_img_temperate_p6875.png,False,low_texture,14.366257,16.360749,0.0,5.863007,4.641605,E:\Data\summer\s1_160\summer_img_temperate_p6875.png,E:\Data\summer\s2_160\summer_img_temperate_p6875.png
summer,ROIs1868_summer_102_p159,E:\Data\summer\s1_102\ROIs1868_summer_s1_102_p159.png,E:\Data\summer\s2_102\ROIs1868_summer_s2_102_p159.png,False,low_texture,9.078186,16.265156,0.003472,48.036926,34.17683,E:\Data\summer\s1_102\ROIs1868_summer_s1_102_p159.png,E:\Data\summer\s2_102\ROIs1868_summer_s2_102_p159.png
summer,summer_img_temperate_p7112,E:\Data\summer\s1_160\summer_img_temperate_p7112.png,E:\Data\summer\s2_160\summer_img_temperate_p7112.png,False,sar_low_texture,25.038651,26.835678,0.0,4.867096,6.18564,E:\Data\summer\s1_160\summer_img_temperate_p7112.png,E:\Data\summer\s2_160\summer_img_temperate_p7112.png
fall,ROIs1970_fall_67_p238,E:\Data\fall\s1_67\ROIs1970_fall_s1_67_p238.png,E:\Data\fall\s2_67\ROIs1970_fall_s2_67_p238.png,False,low_texture,11.86438,15.065844,0.0,51.180298,36.925309,E:\Data\fall\s1_67\ROIs1970_fall_s1_67_p238.png,E:\Data\fall\s2_67\ROIs1970_fall_s2_67_p238.png
summer,ROIs1868_summer_86_p903,E:\Data\summer\s1_86\ROIs1868_summer_s1_86_p903.png,E:\Data\summer\s2_86\ROIs1868_summer_s2_86_p903.png,False,low_texture,13.643524,20.821746,0.0,61.405334,42.860767,E:\Data\summer\s1_86\ROIs1868_summer_s1_86_p903.png,E:\Data\summer\s2_86\ROIs1868_summer_s2_86_p903.png
winter,ROIs2017_winter_33_p262,E:\Data\winter\s1_33\ROIs2017_winter_s1_33_p262.png,E:\Data\winter\s2_33\ROIs2017_winter_s2_33_p262.png,False,low_texture,11.705963,89.564111,0.036458,56.861374,54.513781,E:\Data\winter\s1_33\ROIs2017_winter_s1_33_p262.png,E:\Data\winter\s2_33\ROIs2017_winter_s2_33_p262.png
spring,ROIs1158_spring_101_p2366,E:\Data\spring\s1_101\ROIs1158_spring_s1_101_p2366.png,E:\Data\spring\s2_101\ROIs1158_spring_s2_101_p2366.png,False,water_like,22.291565,47.171337,0.393229,62.548645,48.559283,E:\Data\spring\s1_101\ROIs1158_spring_s1_101_p2366.png,E:\Data\spring\s2_101\ROIs1158_spring_s2_101_p2366.png
fall,fall_img_temperate_p2007,E:\Data\fall\s1_150\fall_img_temperate_p2007.png,E:\Data\fall\s2_150\fall_img_temperate_p2007.png,False,sar_low_texture,15.412094,19.385484,0.0,4.143799,4.535075,E:\Data\fall\s1_150\fall_img_temperate_p2007.png,E:\Data\fall\s2_150\fall_img_temperate_p2007.png
winter,ROIs2017_winter_37_p1553,E:\Data\winter\s1_37\ROIs2017_winter_s1_37_p1553.png,E:\Data\winter\s2_37\ROIs2017_winter_s2_37_p1553.png,False,water_like,21.029602,45.575392,0.720486,47.190918,34.759013,E:\Data\winter\s1_37\ROIs2017_winter_s1_37_p1553.png,E:\Data\winter\s2_37\ROIs2017_winter_s2_37_p1553.png
spring,ROIs1158_spring_86_p23,E:\Data\spring\s1_86\ROIs1158_spring_s1_86_p23.png,E:\Data\spring\s2_86\ROIs1158_spring_s2_86_p23.png,False,water_like,19.304245,28.876484,0.996528,46.399017,54.618068,E:\Data\spring\s1_86\ROIs1158_spring_s1_86_p23.png,E:\Data\spring\s2_86\ROIs1158_spring_s2_86_p23.png
winter,ROIs2017_winter_90_p169,E:\Data\winter\s1_90\ROIs2017_winter_s1_90_p169.png,E:\Data\winter\s2_90\ROIs2017_winter_s2_90_p169.png,False,low_texture,13.843719,21.477549,0.125868,54.473938,38.026525,E:\Data\winter\s1_90\ROIs2017_winter_s1_90_p169.png,E:\Data\winter\s2_90\ROIs2017_winter_s2_90_p169.png
winter,ROIs2017_winter_56_p1021,E:\Data\winter\s1_56\ROIs2017_winter_s1_56_p1021.png,E:\Data\winter\s2_56\ROIs2017_winter_s2_56_p1021.png,False,water_like,26.792023,30.371742,0.875,36.884384,33.921263,E:\Data\winter\s1_56\ROIs2017_winter_s1_56_p1021.png,E:\Data\winter\s2_56\ROIs2017_winter_s2_56_p1021.png
spring,ROIs1158_spring_3_p865,E:\Data\spring\s1_3\ROIs1158_spring_s1_3_p865.png,E:\Data\spring\s2_3\ROIs1158_spring_s2_3_p865.png,False,low_texture;water_like,5.095108,4.690708,1.0,36.09996,21.789286,E:\Data\spring\s1_3\ROIs1158_spring_s1_3_p865.png,E:\Data\spring\s2_3\ROIs1158_spring_s2_3_p865.png
spring,ROIs1158_spring_137_p500,E:\Data\spring\s1_137\ROIs1158_spring_s1_137_p500.png,E:\Data\spring\s2_137\ROIs1158_spring_s2_137_p500.png,False,water_like,41.194275,42.369219,0.730035,70.39534,46.648859,E:\Data\spring\s1_137\ROIs1158_spring_s1_137_p500.png,E:\Data\spring\s2_137\ROIs1158_spring_s2_137_p500.png
fall,fall_img_temperate_p1105,E:\Data\fall\s1_150\fall_img_temperate_p1105.png,E:\Data\fall\s2_150\fall_img_temperate_p1105.png,False,low_texture;sar_low_texture,13.407486,9.729706,0.0,4.493927,5.715636,E:\Data\fall\s1_150\fall_img_temperate_p1105.png,E:\Data\fall\s2_150\fall_img_temperate_p1105.png
summer,ROIs1868_summer_54_p702,E:\Data\summer\s1_54\ROIs1868_summer_s1_54_p702.png,E:\Data\summer\s2_54\ROIs1868_summer_s2_54_p702.png,False,water_like,17.551865,29.004306,0.830729,33.081146,35.947441,E:\Data\summer\s1_54\ROIs1868_summer_s1_54_p702.png,E:\Data\summer\s2_54\ROIs1868_summer_s2_54_p702.png
spring,ROIs1158_spring_60_p45,E:\Data\spring\s1_60\ROIs1158_spring_s1_60_p45.png,E:\Data\spring\s2_60\ROIs1158_spring_s2_60_p45.png,False,water_like,37.174377,43.48707,0.786458,65.656769,45.816345,E:\Data\spring\s1_60\ROIs1158_spring_s1_60_p45.png,E:\Data\spring\s2_60\ROIs1158_spring_s2_60_p45.png
fall,ROIs1970_fall_120_p1531,E:\Data\fall\s1_120\ROIs1970_fall_s1_120_p1531.png,E:\Data\fall\s2_120\ROIs1970_fall_s2_120_p1531.png,False,water_like,32.665131,58.172016,0.521701,49.366043,33.44287,E:\Data\fall\s1_120\ROIs1970_fall_s1_120_p1531.png,E:\Data\fall\s2_120\ROIs1970_fall_s2_120_p1531.png
spring,ROIs1158_spring_23_p881,E:\Data\spring\s1_23\ROIs1158_spring_s1_23_p881.png,E:\Data\spring\s2_23\ROIs1158_spring_s2_23_p881.png,False,water_like,21.850388,29.231201,0.977865,38.529175,33.851994,E:\Data\spring\s1_23\ROIs1158_spring_s1_23_p881.png,E:\Data\spring\s2_23\ROIs1158_spring_s2_23_p881.png
summer,ROIs1868_summer_88_p459,E:\Data\summer\s1_88\ROIs1868_summer_s1_88_p459.png,E:\Data\summer\s2_88\ROIs1868_summer_s2_88_p459.png,False,low_texture,6.085724,13.032437,0.0,43.39035,55.912268,E:\Data\summer\s1_88\ROIs1868_summer_s1_88_p459.png,E:\Data\summer\s2_88\ROIs1868_summer_s2_88_p459.png
winter,winter_img_temperate_p10672,E:\Data\winter\s1_170\winter_img_temperate_p10672.png,E:\Data\winter\s2_170\winter_img_temperate_p10672.png,False,low_texture,9.121704,6.834429,0.0,14.197342,16.150042,E:\Data\winter\s1_170\winter_img_temperate_p10672.png,E:\Data\winter\s2_170\winter_img_temperate_p10672.png
summer,ROIs1868_summer_47_p1597,E:\Data\summer\s1_47\ROIs1868_summer_s1_47_p1597.png,E:\Data\summer\s2_47\ROIs1868_summer_s2_47_p1597.png,False,low_texture;water_like,12.058167,29.931127,0.65408,40.349197,40.771106,E:\Data\summer\s1_47\ROIs1868_summer_s1_47_p1597.png,E:\Data\summer\s2_47\ROIs1868_summer_s2_47_p1597.png
fall,ROIs1970_fall_72_p96,E:\Data\fall\s1_72\ROIs1970_fall_s1_72_p96.png,E:\Data\fall\s2_72\ROIs1970_fall_s2_72_p96.png,False,low_texture,9.195175,13.17937,0.001302,29.124649,49.909652,E:\Data\fall\s1_72\ROIs1970_fall_s1_72_p96.png,E:\Data\fall\s2_72\ROIs1970_fall_s2_72_p96.png
summer,summer_img_temperate_p7047,E:\Data\summer\s1_160\summer_img_temperate_p7047.png,E:\Data\summer\s2_160\summer_img_temperate_p7047.png,False,low_texture,4.798309,9.595019,0.0,8.714249,6.411958,E:\Data\summer\s1_160\summer_img_temperate_p7047.png,E:\Data\summer\s2_160\summer_img_temperate_p7047.png
fall,fall_img_temperate_p971,E:\Data\fall\s1_150\fall_img_temperate_p971.png,E:\Data\fall\s2_150\fall_img_temperate_p971.png,False,low_texture;sar_low_texture,12.766602,9.016273,0.0,6.350052,3.833926,E:\Data\fall\s1_150\fall_img_temperate_p971.png,E:\Data\fall\s2_150\fall_img_temperate_p971.png
fall,ROIs1970_fall_113_p14,E:\Data\fall\s1_113\ROIs1970_fall_s1_113_p14.png,E:\Data\fall\s2_113\ROIs1970_fall_s2_113_p14.png,False,water_like,27.044312,55.731941,0.382812,62.588257,50.071537,E:\Data\fall\s1_113\ROIs1970_fall_s1_113_p14.png,E:\Data\fall\s2_113\ROIs1970_fall_s2_113_p14.png
fall,fall_img_tropical_p6367,E:\Data\fall\s1_150\fall_img_tropical_p6367.png,E:\Data\fall\s2_150\fall_img_tropical_p6367.png,False,low_texture,4.528122,2.808581,0.0,33.282089,14.955874,E:\Data\fall\s1_150\fall_img_tropical_p6367.png,E:\Data\fall\s2_150\fall_img_tropical_p6367.png
summer,ROIs1868_summer_86_p683,E:\Data\summer\s1_86\ROIs1868_summer_s1_86_p683.png,E:\Data\summer\s2_86\ROIs1868_summer_s2_86_p683.png,False,low_texture,13.712463,18.048795,0.0,61.378098,44.87269,E:\Data\summer\s1_86\ROIs1868_summer_s1_86_p683.png,E:\Data\summer\s2_86\ROIs1868_summer_s2_86_p683.png
spring,ROIs1158_spring_40_p156,E:\Data\spring\s1_40\ROIs1158_spring_s1_40_p156.png,E:\Data\spring\s2_40\ROIs1158_spring_s2_40_p156.png,False,low_texture,11.053009,21.084114,0.000434,33.85405,29.830417,E:\Data\spring\s1_40\ROIs1158_spring_s1_40_p156.png,E:\Data\spring\s2_40\ROIs1158_spring_s2_40_p156.png
summer,summer_img_temperate_p6296,E:\Data\summer\s1_160\summer_img_temperate_p6296.png,E:\Data\summer\s2_160\summer_img_temperate_p6296.png,False,low_texture,15.072403,14.623219,0.0,8.953033,7.513104,E:\Data\summer\s1_160\summer_img_temperate_p6296.png,E:\Data\summer\s2_160\summer_img_temperate_p6296.png
winter,ROIs2017_winter_84_p419,E:\Data\winter\s1_84\ROIs2017_winter_s1_84_p419.png,E:\Data\winter\s2_84\ROIs2017_winter_s2_84_p419.png,False,low_texture,12.736649,20.553204,0.0,65.293823,46.324602,E:\Data\winter\s1_84\ROIs2017_winter_s1_84_p419.png,E:\Data\winter\s2_84\ROIs2017_winter_s2_84_p419.png
fall,ROIs1970_fall_138_p150,E:\Data\fall\s1_138\ROIs1970_fall_s1_138_p150.png,E:\Data\fall\s2_138\ROIs1970_fall_s2_138_p150.png,False,low_texture,10.992065,14.106868,0.003038,48.376114,42.284944,E:\Data\fall\s1_138\ROIs1970_fall_s1_138_p150.png,E:\Data\fall\s2_138\ROIs1970_fall_s2_138_p150.png
summer,ROIs1868_summer_115_p420,E:\Data\summer\s1_115\ROIs1868_summer_s1_115_p420.png,E:\Data\summer\s2_115\ROIs1868_summer_s2_115_p420.png,False,low_texture,11.281326,23.476092,0.325521,43.740036,40.394932,E:\Data\summer\s1_115\ROIs1868_summer_s1_115_p420.png,E:\Data\summer\s2_115\ROIs1868_summer_s2_115_p420.png
winter,ROIs2017_winter_33_p1273,E:\Data\winter\s1_33\ROIs2017_winter_s1_33_p1273.png,E:\Data\winter\s2_33\ROIs2017_winter_s2_33_p1273.png,False,low_texture,8.033829,117.281516,0.022135,44.624954,77.211872,E:\Data\winter\s1_33\ROIs2017_winter_s1_33_p1273.png,E:\Data\winter\s2_33\ROIs2017_winter_s2_33_p1273.png
spring,spring_img_temperate_p675,E:\Data\spring\s1_155\spring_img_temperate_p675.png,E:\Data\spring\s2_155\spring_img_temperate_p675.png,False,low_texture;sar_low_texture,5.894699,4.000912,0.0,4.787369,3.01026,E:\Data\spring\s1_155\spring_img_temperate_p675.png,E:\Data\spring\s2_155\spring_img_temperate_p675.png
winter,ROIs2017_winter_8_p851,E:\Data\winter\s1_8\ROIs2017_winter_s1_8_p851.png,E:\Data\winter\s2_8\ROIs2017_winter_s2_8_p851.png,False,low_texture;water_like,12.425171,30.166983,0.862413,43.777618,39.440092,E:\Data\winter\s1_8\ROIs2017_winter_s1_8_p851.png,E:\Data\winter\s2_8\ROIs2017_winter_s2_8_p851.png
winter,winter_img_temperate_p5733,E:\Data\winter\s1_170\winter_img_temperate_p5733.png,E:\Data\winter\s2_170\winter_img_temperate_p5733.png,False,low_texture,23.931213,17.024064,0.0,5.39856,7.204046,E:\Data\winter\s1_170\winter_img_temperate_p5733.png,E:\Data\winter\s2_170\winter_img_temperate_p5733.png
winter,winter_img_temperate_p364,E:\Data\winter\s1_170\winter_img_temperate_p364.png,E:\Data\winter\s2_170\winter_img_temperate_p364.png,False,low_texture,20.186584,17.889466,0.0,8.927872,11.499505,E:\Data\winter\s1_170\winter_img_temperate_p364.png,E:\Data\winter\s2_170\winter_img_temperate_p364.png
winter,winter_img_temperate_p9114,E:\Data\winter\s1_170\winter_img_temperate_p9114.png,E:\Data\winter\s2_170\winter_img_temperate_p9114.png,False,low_texture,12.172699,13.918908,0.0,9.786682,11.183552,E:\Data\winter\s1_170\winter_img_temperate_p9114.png,E:\Data\winter\s2_170\winter_img_temperate_p9114.png
winter,ROIs2017_winter_134_p1082,E:\Data\winter\s1_134\ROIs2017_winter_s1_134_p1082.png,E:\Data\winter\s2_134\ROIs2017_winter_s2_134_p1082.png,False,low_texture,14.000763,17.520979,0.0,40.673035,49.631007,E:\Data\winter\s1_134\ROIs2017_winter_s1_134_p1082.png,E:\Data\winter\s2_134\ROIs2017_winter_s2_134_p1082.png
fall,fall_img_tropical_p10344,E:\Data\fall\s1_150\fall_img_tropical_p10344.png,E:\Data\fall\s2_150\fall_img_tropical_p10344.png,False,low_texture,10.904404,9.890762,0.00217,36.449753,20.742935,E:\Data\fall\s1_150\fall_img_tropical_p10344.png,E:\Data\fall\s2_150\fall_img_tropical_p10344.png
fall,ROIs1970_fall_79_p138,E:\Data\fall\s1_79\ROIs1970_fall_s1_79_p138.png,E:\Data\fall\s2_79\ROIs1970_fall_s2_79_p138.png,False,low_texture;water_like,18.080704,15.59568,0.457899,50.583267,42.429689,E:\Data\fall\s1_79\ROIs1970_fall_s1_79_p138.png,E:\Data\fall\s2_79\ROIs1970_fall_s2_79_p138.png
spring,ROIs1158_spring_92_p765,E:\Data\spring\s1_92\ROIs1158_spring_s1_92_p765.png,E:\Data\spring\s2_92\ROIs1158_spring_s2_92_p765.png,False,water_like,48.342133,58.20242,0.507378,62.408432,48.187448,E:\Data\spring\s1_92\ROIs1158_spring_s1_92_p765.png,E:\Data\spring\s2_92\ROIs1158_spring_s2_92_p765.png
fall,ROIs1970_fall_42_p474,E:\Data\fall\s1_42\ROIs1970_fall_s1_42_p474.png,E:\Data\fall\s2_42\ROIs1970_fall_s2_42_p474.png,False,low_texture;water_like,14.722504,17.244654,0.998264,27.260803,21.033619,E:\Data\fall\s1_42\ROIs1970_fall_s1_42_p474.png,E:\Data\fall\s2_42\ROIs1970_fall_s2_42_p474.png
winter,ROIs2017_winter_101_p763,E:\Data\winter\s1_101\ROIs2017_winter_s1_101_p763.png,E:\Data\winter\s2_101\ROIs2017_winter_s2_101_p763.png,False,low_texture;water_like,10.120438,29.616137,0.843316,53.537186,37.226963,E:\Data\winter\s1_101\ROIs2017_winter_s1_101_p763.png,E:\Data\winter\s2_101\ROIs2017_winter_s2_101_p763.png
winter,winter_img_temperate_p1757,E:\Data\winter\s1_170\winter_img_temperate_p1757.png,E:\Data\winter\s2_170\winter_img_temperate_p1757.png,False,low_texture;sar_low_texture,12.879745,10.290549,0.0,3.386612,2.407384,E:\Data\winter\s1_170\winter_img_temperate_p1757.png,E:\Data\winter\s2_170\winter_img_temperate_p1757.png
fall,ROIs1970_fall_116_p1335,E:\Data\fall\s1_116\ROIs1970_fall_s1_116_p1335.png,E:\Data\fall\s2_116\ROIs1970_fall_s2_116_p1335.png,False,water_like,24.215179,32.728001,0.436198,35.983734,41.623322,E:\Data\fall\s1_116\ROIs1970_fall_s1_116_p1335.png,E:\Data\fall\s2_116\ROIs1970_fall_s2_116_p1335.png
winter,ROIs2017_winter_13_p198,E:\Data\winter\s1_13\ROIs2017_winter_s1_13_p198.png,E:\Data\winter\s2_13\ROIs2017_winter_s2_13_p198.png,False,water_like,19.171448,28.44375,0.569878,45.932495,41.037423,E:\Data\winter\s1_13\ROIs2017_winter_s1_13_p198.png,E:\Data\winter\s2_13\ROIs2017_winter_s2_13_p198.png
spring,ROIs1158_spring_35_p710,E:\Data\spring\s1_35\ROIs1158_spring_s1_35_p710.png,E:\Data\spring\s2_35\ROIs1158_spring_s2_35_p710.png,False,low_texture,13.304214,23.970508,0.0,43.167526,38.495,E:\Data\spring\s1_35\ROIs1158_spring_s1_35_p710.png,E:\Data\spring\s2_35\ROIs1158_spring_s2_35_p710.png
spring,ROIs1158_spring_24_p720,E:\Data\spring\s1_24\ROIs1158_spring_s1_24_p720.png,E:\Data\spring\s2_24\ROIs1158_spring_s2_24_p720.png,False,water_like,23.412567,32.914522,0.739583,45.385132,55.956488,E:\Data\spring\s1_24\ROIs1158_spring_s1_24_p720.png,E:\Data\spring\s2_24\ROIs1158_spring_s2_24_p720.png
summer,ROIs1868_summer_4_p906,E:\Data\summer\s1_4\ROIs1868_summer_s1_4_p906.png,E:\Data\summer\s2_4\ROIs1868_summer_s2_4_p906.png,False,low_texture,11.840942,5.444315,0.0,39.474304,23.906227,E:\Data\summer\s1_4\ROIs1868_summer_s1_4_p906.png,E:\Data\summer\s2_4\ROIs1868_summer_s2_4_p906.png
summer,ROIs1868_summer_121_p177,E:\Data\summer\s1_121\ROIs1868_summer_s1_121_p177.png,E:\Data\summer\s2_121\ROIs1868_summer_s2_121_p177.png,False,water_like,43.927383,28.948367,0.505642,68.458466,44.43787,E:\Data\summer\s1_121\ROIs1868_summer_s1_121_p177.png,E:\Data\summer\s2_121\ROIs1868_summer_s2_121_p177.png
summer,summer_img_temperate_p584,E:\Data\summer\s1_160\summer_img_temperate_p584.png,E:\Data\summer\s2_160\summer_img_temperate_p584.png,False,low_texture;sar_low_texture,12.587189,11.80478,0.0,5.907516,3.593779,E:\Data\summer\s1_160\summer_img_temperate_p584.png,E:\Data\summer\s2_160\summer_img_temperate_p584.png
fall,ROIs1970_fall_10_p940,E:\Data\fall\s1_10\ROIs1970_fall_s1_10_p940.png,E:\Data\fall\s2_10\ROIs1970_fall_s2_10_p940.png,False,water_like,25.692444,21.860058,0.983073,49.351379,41.213801,E:\Data\fall\s1_10\ROIs1970_fall_s1_10_p940.png,E:\Data\fall\s2_10\ROIs1970_fall_s2_10_p940.png
winter,winter_img_temperate_p3607,E:\Data\winter\s1_170\winter_img_temperate_p3607.png,E:\Data\winter\s2_170\winter_img_temperate_p3607.png,False,low_texture,22.399673,14.090268,0.0,11.848221,18.774791,E:\Data\winter\s1_170\winter_img_temperate_p3607.png,E:\Data\winter\s2_170\winter_img_temperate_p3607.png
fall,fall_img_temperate_p4022,E:\Data\fall\s1_150\fall_img_temperate_p4022.png,E:\Data\fall\s2_150\fall_img_temperate_p4022.png,False,low_texture,12.939178,11.724664,0.0,11.309601,9.396133,E:\Data\fall\s1_150\fall_img_temperate_p4022.png,E:\Data\fall\s2_150\fall_img_temperate_p4022.png
spring,ROIs1158_spring_64_p1,E:\Data\spring\s1_64\ROIs1158_spring_s1_64_p1.png,E:\Data\spring\s2_64\ROIs1158_spring_s2_64_p1.png,False,low_texture,10.261551,11.085038,0.0,35.507828,20.921209,E:\Data\spring\s1_64\ROIs1158_spring_s1_64_p1.png,E:\Data\spring\s2_64\ROIs1158_spring_s2_64_p1.png
summer,ROIs1868_summer_115_p443,E:\Data\summer\s1_115\ROIs1868_summer_s1_115_p443.png,E:\Data\summer\s2_115\ROIs1868_summer_s2_115_p443.png,False,low_texture;water_like,11.852249,14.793436,0.365017,43.511734,34.100275,E:\Data\summer\s1_115\ROIs1868_summer_s1_115_p443.png,E:\Data\summer\s2_115\ROIs1868_summer_s2_115_p443.png
fall,fall_img_tropical_p9156,E:\Data\fall\s1_150\fall_img_tropical_p9156.png,E:\Data\fall\s2_150\fall_img_tropical_p9156.png,False,low_texture,5.015869,2.772564,0.0,32.738235,14.55625,E:\Data\fall\s1_150\fall_img_tropical_p9156.png,E:\Data\fall\s2_150\fall_img_tropical_p9156.png
summer,ROIs1868_summer_47_p453,E:\Data\summer\s1_47\ROIs1868_summer_s1_47_p453.png,E:\Data\summer\s2_47\ROIs1868_summer_s2_47_p453.png,False,water_like,15.656616,22.28033,0.99783,45.1763,36.595972,E:\Data\summer\s1_47\ROIs1868_summer_s1_47_p453.png,E:\Data\summer\s2_47\ROIs1868_summer_s2_47_p453.png
fall,fall_img_tropical_p12121,E:\Data\fall\s1_150\fall_img_tropical_p12121.png,E:\Data\fall\s2_150\fall_img_tropical_p12121.png,False,low_texture,10.005157,8.848864,0.0,22.338364,16.437421,E:\Data\fall\s1_150\fall_img_tropical_p12121.png,E:\Data\fall\s2_150\fall_img_tropical_p12121.png
winter,ROIs2017_winter_126_p499,E:\Data\winter\s1_126\ROIs2017_winter_s1_126_p499.png,E:\Data\winter\s2_126\ROIs2017_winter_s2_126_p499.png,False,low_texture,22.435074,17.814701,0.0,42.29834,28.677239,E:\Data\winter\s1_126\ROIs2017_winter_s1_126_p499.png,E:\Data\winter\s2_126\ROIs2017_winter_s2_126_p499.png
winter,winter_img_temperate_p9010,E:\Data\winter\s1_170\winter_img_temperate_p9010.png,E:\Data\winter\s2_170\winter_img_temperate_p9010.png,False,low_texture,16.699417,12.460191,0.0,16.137512,10.857199,E:\Data\winter\s1_170\winter_img_temperate_p9010.png,E:\Data\winter\s2_170\winter_img_temperate_p9010.png
summer,ROIs1868_summer_113_p189,E:\Data\summer\s1_113\ROIs1868_summer_s1_113_p189.png,E:\Data\summer\s2_113\ROIs1868_summer_s2_113_p189.png,False,water_like,18.178085,37.162031,0.358941,52.511505,39.917565,E:\Data\summer\s1_113\ROIs1868_summer_s1_113_p189.png,E:\Data\summer\s2_113\ROIs1868_summer_s2_113_p189.png
winter,ROIs2017_winter_10_p462,E:\Data\winter\s1_10\ROIs2017_winter_s1_10_p462.png,E:\Data\winter\s2_10\ROIs2017_winter_s2_10_p462.png,False,water_like,46.572845,43.680091,0.663628,46.776382,62.155553,E:\Data\winter\s1_10\ROIs2017_winter_s1_10_p462.png,E:\Data\winter\s2_10\ROIs2017_winter_s2_10_p462.png
summer,ROIs1868_summer_106_p644,E:\Data\summer\s1_106\ROIs1868_summer_s1_106_p644.png,E:\Data\summer\s2_106\ROIs1868_summer_s2_106_p644.png,False,low_texture,11.226471,8.189699,0.0,56.830933,41.042902,E:\Data\summer\s1_106\ROIs1868_summer_s1_106_p644.png,E:\Data\summer\s2_106\ROIs1868_summer_s2_106_p644.png
winter,ROIs2017_winter_56_p826,E:\Data\winter\s1_56\ROIs2017_winter_s1_56_p826.png,E:\Data\winter\s2_56\ROIs2017_winter_s2_56_p826.png,False,water_like,37.343491,38.128445,0.813368,37.020416,31.512609,E:\Data\winter\s1_56\ROIs2017_winter_s1_56_p826.png,E:\Data\winter\s2_56\ROIs2017_winter_s2_56_p826.png
spring,ROIs1158_spring_143_p299,E:\Data\spring\s1_143\ROIs1158_spring_s1_143_p299.png,E:\Data\spring\s2_143\ROIs1158_spring_s2_143_p299.png,False,water_like,39.636429,36.54075,0.972222,66.033524,44.136315,E:\Data\spring\s1_143\ROIs1158_spring_s1_143_p299.png,E:\Data\spring\s2_143\ROIs1158_spring_s2_143_p299.png
summer,ROIs1868_summer_127_p1706,E:\Data\summer\s1_127\ROIs1868_summer_s1_127_p1706.png,E:\Data\summer\s2_127\ROIs1868_summer_s2_127_p1706.png,False,low_texture,12.234375,20.873947,0.002604,42.074265,54.945158,E:\Data\summer\s1_127\ROIs1868_summer_s1_127_p1706.png,E:\Data\summer\s2_127\ROIs1868_summer_s2_127_p1706.png
spring,ROIs1158_spring_64_p92,E:\Data\spring\s1_64\ROIs1158_spring_s1_64_p92.png,E:\Data\spring\s2_64\ROIs1158_spring_s2_64_p92.png,False,low_texture,10.709869,12.758629,0.0,35.891937,21.668043,E:\Data\spring\s1_64\ROIs1158_spring_s1_64_p92.png,E:\Data\spring\s2_64\ROIs1158_spring_s2_64_p92.png
winter,ROIs2017_winter_0_p917,E:\Data\winter\s1_0\ROIs2017_winter_s1_0_p917.png,E:\Data\winter\s2_0\ROIs2017_winter_s2_0_p917.png,False,water_like,23.880035,33.239643,0.808594,56.001205,42.35608,E:\Data\winter\s1_0\ROIs2017_winter_s1_0_p917.png,E:\Data\winter\s2_0\ROIs2017_winter_s2_0_p917.png
winter,ROIs2017_winter_140_p935,E:\Data\winter\s1_140\ROIs2017_winter_s1_140_p935.png,E:\Data\winter\s2_140\ROIs2017_winter_s2_140_p935.png,False,water_like,37.222595,48.541457,0.791667,21.77095,16.986018,E:\Data\winter\s1_140\ROIs2017_winter_s1_140_p935.png,E:\Data\winter\s2_140\ROIs2017_winter_s2_140_p935.png
winter,ROIs2017_winter_93_p671,E:\Data\winter\s1_93\ROIs2017_winter_s1_93_p671.png,E:\Data\winter\s2_93\ROIs2017_winter_s2_93_p671.png,False,water_like,16.979141,38.240084,0.827257,58.407639,49.117485,E:\Data\winter\s1_93\ROIs2017_winter_s1_93_p671.png,E:\Data\winter\s2_93\ROIs2017_winter_s2_93_p671.png
fall,ROIs1970_fall_144_p1100,E:\Data\fall\s1_144\ROIs1970_fall_s1_144_p1100.png,E:\Data\fall\s2_144\ROIs1970_fall_s2_144_p1100.png,False,low_texture,13.253983,16.064425,0.0,56.487885,38.593243,E:\Data\fall\s1_144\ROIs1970_fall_s1_144_p1100.png,E:\Data\fall\s2_144\ROIs1970_fall_s2_144_p1100.png
spring,ROIs1158_spring_143_p386,E:\Data\spring\s1_143\ROIs1158_spring_s1_143_p386.png,E:\Data\spring\s2_143\ROIs1158_spring_s2_143_p386.png,False,water_like,44.835815,35.355613,0.994358,65.69342,43.048275,E:\Data\spring\s1_143\ROIs1158_spring_s1_143_p386.png,E:\Data\spring\s2_143\ROIs1158_spring_s2_143_p386.png
winter,ROIs2017_winter_140_p779,E:\Data\winter\s1_140\ROIs2017_winter_s1_140_p779.png,E:\Data\winter\s2_140\ROIs2017_winter_s2_140_p779.png,False,water_like,38.507721,50.640293,0.769965,21.394409,18.794968,E:\Data\winter\s1_140\ROIs2017_winter_s1_140_p779.png,E:\Data\winter\s2_140\ROIs2017_winter_s2_140_p779.png
fall,fall_img_tropical_p10937,E:\Data\fall\s1_150\fall_img_tropical_p10937.png,E:\Data\fall\s2_150\fall_img_tropical_p10937.png,False,low_texture,7.867264,9.359271,0.0,25.711807,18.519151,E:\Data\fall\s1_150\fall_img_tropical_p10937.png,E:\Data\fall\s2_150\fall_img_tropical_p10937.png
winter,winter_img_temperate_p8604,E:\Data\winter\s1_170\winter_img_temperate_p8604.png,E:\Data\winter\s2_170\winter_img_temperate_p8604.png,False,low_texture,22.11441,13.151643,0.0,5.904968,5.037627,E:\Data\winter\s1_170\winter_img_temperate_p8604.png,E:\Data\winter\s2_170\winter_img_temperate_p8604.png
fall,ROIs1970_fall_10_p1271,E:\Data\fall\s1_10\ROIs1970_fall_s1_10_p1271.png,E:\Data\fall\s2_10\ROIs1970_fall_s2_10_p1271.png,False,water_like,20.116577,22.530319,0.991319,48.186264,40.114696,E:\Data\fall\s1_10\ROIs1970_fall_s1_10_p1271.png,E:\Data\fall\s2_10\ROIs1970_fall_s2_10_p1271.png
fall,ROIs1970_fall_106_p136,E:\Data\fall\s1_106\ROIs1970_fall_s1_106_p136.png,E:\Data\fall\s2_106\ROIs1970_fall_s2_106_p136.png,False,low_texture,13.275146,22.251855,0.013021,47.034897,46.952369,E:\Data\fall\s1_106\ROIs1970_fall_s1_106_p136.png,E:\Data\fall\s2_106\ROIs1970_fall_s2_106_p136.png
spring,ROIs1158_spring_24_p236,E:\Data\spring\s1_24\ROIs1158_spring_s1_24_p236.png,E:\Data\spring\s2_24\ROIs1158_spring_s2_24_p236.png,False,water_like,38.413452,30.72673,0.90842,52.348938,53.249654,E:\Data\spring\s1_24\ROIs1158_spring_s1_24_p236.png,E:\Data\spring\s2_24\ROIs1158_spring_s2_24_p236.png
fall,ROIs1970_fall_67_p627,E:\Data\fall\s1_67\ROIs1970_fall_s1_67_p627.png,E:\Data\fall\s2_67\ROIs1970_fall_s2_67_p627.png,False,low_texture,12.530914,15.459185,0.000434,51.949844,37.660568,E:\Data\fall\s1_67\ROIs1970_fall_s1_67_p627.png,E:\Data\fall\s2_67\ROIs1970_fall_s2_67_p627.png
summer,summer_img_temperate_p626,E:\Data\summer\s1_160\summer_img_temperate_p626.png,E:\Data\summer\s2_160\summer_img_temperate_p626.png,False,low_texture;sar_low_texture,8.958694,5.681282,0.0,5.095078,2.832333,E:\Data\summer\s1_160\summer_img_temperate_p626.png,E:\Data\summer\s2_160\summer_img_temperate_p626.png
winter,winter_img_temperate_p4344,E:\Data\winter\s1_170\winter_img_temperate_p4344.png,E:\Data\winter\s2_170\winter_img_temperate_p4344.png,False,low_texture;sar_low_texture,15.588135,15.671287,0.0,4.14679,7.342833,E:\Data\winter\s1_170\winter_img_temperate_p4344.png,E:\Data\winter\s2_170\winter_img_temperate_p4344.png
spring,ROIs1158_spring_143_p209,E:\Data\spring\s1_143\ROIs1158_spring_s1_143_p209.png,E:\Data\spring\s2_143\ROIs1158_spring_s2_143_p209.png,False,water_like,38.39006,33.693507,0.994792,67.055054,43.687888,E:\Data\spring\s1_143\ROIs1158_spring_s1_143_p209.png,E:\Data\spring\s2_143\ROIs1158_spring_s2_143_p209.png
fall,ROIs1970_fall_110_p339,E:\Data\fall\s1_110\ROIs1970_fall_s1_110_p339.png,E:\Data\fall\s2_110\ROIs1970_fall_s2_110_p339.png,False,low_texture,20.884644,16.072871,0.0,52.640121,36.763918,E:\Data\fall\s1_110\ROIs1970_fall_s1_110_p339.png,E:\Data\fall\s2_110\ROIs1970_fall_s2_110_p339.png
winter,ROIs2017_winter_0_p743,E:\Data\winter\s1_0\ROIs2017_winter_s1_0_p743.png,E:\Data\winter\s2_0\ROIs2017_winter_s2_0_p743.png,False,water_like,27.952347,40.48689,0.646701,59.260635,53.557431,E:\Data\winter\s1_0\ROIs2017_winter_s1_0_p743.png,E:\Data\winter\s2_0\ROIs2017_winter_s2_0_p743.png
summer,ROIs1868_summer_61_p462,E:\Data\summer\s1_61\ROIs1868_summer_s1_61_p462.png,E:\Data\summer\s2_61\ROIs1868_summer_s2_61_p462.png,False,low_texture,13.942535,21.544136,0.0,73.882111,47.609474,E:\Data\summer\s1_61\ROIs1868_summer_s1_61_p462.png,E:\Data\summer\s2_61\ROIs1868_summer_s2_61_p462.png
winter,ROIs2017_winter_53_p923,E:\Data\winter\s1_53\ROIs2017_winter_s1_53_p923.png,E:\Data\winter\s2_53\ROIs2017_winter_s2_53_p923.png,False,water_like,30.598953,40.178995,0.482205,50.468185,48.753805,E:\Data\winter\s1_53\ROIs2017_winter_s1_53_p923.png,E:\Data\winter\s2_53\ROIs2017_winter_s2_53_p923.png
winter,winter_img_temperate_p1367,E:\Data\winter\s1_170\winter_img_temperate_p1367.png,E:\Data\winter\s2_170\winter_img_temperate_p1367.png,False,low_texture,12.053543,10.757023,0.0,12.40535,12.370619,E:\Data\winter\s1_170\winter_img_temperate_p1367.png,E:\Data\winter\s2_170\winter_img_temperate_p1367.png
summer,ROIs1868_summer_106_p642,E:\Data\summer\s1_106\ROIs1868_summer_s1_106_p642.png,E:\Data\summer\s2_106\ROIs1868_summer_s2_106_p642.png,False,low_texture,11.186874,9.677644,0.0,56.385696,40.282962,E:\Data\summer\s1_106\ROIs1868_summer_s1_106_p642.png,E:\Data\summer\s2_106\ROIs1868_summer_s2_106_p642.png
spring,ROIs1158_spring_86_p513,E:\Data\spring\s1_86\ROIs1158_spring_s1_86_p513.png,E:\Data\spring\s2_86\ROIs1158_spring_s2_86_p513.png,False,water_like,27.266037,45.306215,0.954861,44.516479,53.792216,E:\Data\spring\s1_86\ROIs1158_spring_s1_86_p513.png,E:\Data\spring\s2_86\ROIs1158_spring_s2_86_p513.png
fall,fall_img_tropical_p11082,E:\Data\fall\s1_150\fall_img_tropical_p11082.png,E:\Data\fall\s2_150\fall_img_tropical_p11082.png,False,low_texture,9.564606,10.738606,0.0,24.932343,16.686304,E:\Data\fall\s1_150\fall_img_tropical_p11082.png,E:\Data\fall\s2_150\fall_img_tropical_p11082.png
winter,ROIs2017_winter_126_p984,E:\Data\winter\s1_126\ROIs2017_winter_s1_126_p984.png,E:\Data\winter\s2_126\ROIs2017_winter_s2_126_p984.png,False,low_texture,9.44957,22.363417,0.0,44.10733,41.295002,E:\Data\winter\s1_126\ROIs2017_winter_s1_126_p984.png,E:\Data\winter\s2_126\ROIs2017_winter_s2_126_p984.png
summer,summer_img_temperate_p6469,E:\Data\summer\s1_160\summer_img_temperate_p6469.png,E:\Data\summer\s2_160\summer_img_temperate_p6469.png,False,low_texture,17.347961,14.457041,0.0,13.56192,10.495429,E:\Data\summer\s1_160\summer_img_temperate_p6469.png,E:\Data\summer\s2_160\summer_img_temperate_p6469.png
fall,fall_img_temperate_p286,E:\Data\fall\s1_150\fall_img_temperate_p286.png,E:\Data\fall\s2_150\fall_img_temperate_p286.png,False,low_texture;sar_low_texture,10.472305,6.062346,0.0,4.504959,2.799183,E:\Data\fall\s1_150\fall_img_temperate_p286.png,E:\Data\fall\s2_150\fall_img_temperate_p286.png
winter,ROIs2017_winter_45_p243,E:\Data\winter\s1_45\ROIs2017_winter_s1_45_p243.png,E:\Data\winter\s2_45\ROIs2017_winter_s2_45_p243.png,False,low_texture,12.269379,30.15368,0.0,33.049026,48.486359,E:\Data\winter\s1_45\ROIs2017_winter_s1_45_p243.png,E:\Data\winter\s2_45\ROIs2017_winter_s2_45_p243.png
fall,ROIs1970_fall_79_p646,E:\Data\fall\s1_79\ROIs1970_fall_s1_79_p646.png,E:\Data\fall\s2_79\ROIs1970_fall_s2_79_p646.png,False,water_like,18.73584,68.659765,0.565538,50.599014,44.025944,E:\Data\fall\s1_79\ROIs1970_fall_s1_79_p646.png,E:\Data\fall\s2_79\ROIs1970_fall_s2_79_p646.png
fall,fall_img_tropical_p8453,E:\Data\fall\s1_150\fall_img_tropical_p8453.png,E:\Data\fall\s2_150\fall_img_tropical_p8453.png,False,low_texture,4.467087,5.584902,0.0,35.090927,18.47135,E:\Data\fall\s1_150\fall_img_tropical_p8453.png,E:\Data\fall\s2_150\fall_img_tropical_p8453.png
winter,winter_img_temperate_p4351,E:\Data\winter\s1_170\winter_img_temperate_p4351.png,E:\Data\winter\s2_170\winter_img_temperate_p4351.png,False,sar_low_texture,20.261063,19.33476,0.0,4.79155,4.511073,E:\Data\winter\s1_170\winter_img_temperate_p4351.png,E:\Data\winter\s2_170\winter_img_temperate_p4351.png
fall,ROIs1970_fall_109_p1284,E:\Data\fall\s1_109\ROIs1970_fall_s1_109_p1284.png,E:\Data\fall\s2_109\ROIs1970_fall_s2_109_p1284.png,False,low_texture,13.111557,69.335237,0.090278,53.064407,42.744997,E:\Data\fall\s1_109\ROIs1970_fall_s1_109_p1284.png,E:\Data\fall\s2_109\ROIs1970_fall_s2_109_p1284.png
summer,ROIs1868_summer_88_p1011,E:\Data\summer\s1_88\ROIs1868_summer_s1_88_p1011.png,E:\Data\summer\s2_88\ROIs1868_summer_s2_88_p1011.png,False,low_texture,5.344208,10.66819,0.0,42.073792,66.792159,E:\Data\summer\s1_88\ROIs1868_summer_s1_88_p1011.png,E:\Data\summer\s2_88\ROIs1868_summer_s2_88_p1011.png
winter,ROIs2017_winter_8_p232,E:\Data\winter\s1_8\ROIs2017_winter_s1_8_p232.png,E:\Data\winter\s2_8\ROIs2017_winter_s2_8_p232.png,False,water_like,20.05191,48.327835,0.859809,44.145889,38.618981,E:\Data\winter\s1_8\ROIs2017_winter_s1_8_p232.png,E:\Data\winter\s2_8\ROIs2017_winter_s2_8_p232.png
fall,ROIs1970_fall_129_p1242,E:\Data\fall\s1_129\ROIs1970_fall_s1_129_p1242.png,E:\Data\fall\s2_129\ROIs1970_fall_s2_129_p1242.png,False,water_like,16.124359,22.501171,0.663628,51.317001,42.62483,E:\Data\fall\s1_129\ROIs1970_fall_s1_129_p1242.png,E:\Data\fall\s2_129\ROIs1970_fall_s2_129_p1242.png
fall,fall_img_tropical_p6169,E:\Data\fall\s1_150\fall_img_tropical_p6169.png,E:\Data\fall\s2_150\fall_img_tropical_p6169.png,False,low_texture,6.53421,2.672156,0.0,32.844437,14.549584,E:\Data\fall\s1_150\fall_img_tropical_p6169.png,E:\Data\fall\s2_150\fall_img_tropical_p6169.png
spring,ROIs1158_spring_54_p996,E:\Data\spring\s1_54\ROIs1158_spring_s1_54_p996.png,E:\Data\spring\s2_54\ROIs1158_spring_s2_54_p996.png,False,water_like,29.848541,36.742914,0.899306,49.821503,53.469434,E:\Data\spring\s1_54\ROIs1158_spring_s1_54_p996.png,E:\Data\spring\s2_54\ROIs1158_spring_s2_54_p996.png
fall,ROIs1970_fall_129_p955,E:\Data\fall\s1_129\ROIs1970_fall_s1_129_p955.png,E:\Data\fall\s2_129\ROIs1970_fall_s2_129_p955.png,False,water_like,16.588287,33.683885,0.605469,53.724289,46.672148,E:\Data\fall\s1_129\ROIs1970_fall_s1_129_p955.png,E:\Data\fall\s2_129\ROIs1970_fall_s2_129_p955.png
spring,ROIs1158_spring_143_p780,E:\Data\spring\s1_143\ROIs1158_spring_s1_143_p780.png,E:\Data\spring\s2_143\ROIs1158_spring_s2_143_p780.png,False,water_like,47.654144,38.032023,0.787326,63.737244,44.507872,E:\Data\spring\s1_143\ROIs1158_spring_s1_143_p780.png,E:\Data\spring\s2_143\ROIs1158_spring_s2_143_p780.png
spring,spring_img_temperate_p1019,E:\Data\spring\s1_155\spring_img_temperate_p1019.png,E:\Data\spring\s2_155\spring_img_temperate_p1019.png,False,low_texture;sar_low_texture,7.904388,3.428152,0.0,5.964752,2.630063,E:\Data\spring\s1_155\spring_img_temperate_p1019.png,E:\Data\spring\s2_155\spring_img_temperate_p1019.png
fall,ROIs1970_fall_109_p329,E:\Data\fall\s1_109\ROIs1970_fall_s1_109_p329.png,E:\Data\fall\s2_109\ROIs1970_fall_s2_109_p329.png,False,water_like,20.10054,59.037896,0.592014,53.166534,39.501502,E:\Data\fall\s1_109\ROIs1970_fall_s1_109_p329.png,E:\Data\fall\s2_109\ROIs1970_fall_s2_109_p329.png
fall,ROIs1970_fall_65_p721,E:\Data\fall\s1_65\ROIs1970_fall_s1_65_p721.png,E:\Data\fall\s2_65\ROIs1970_fall_s2_65_p721.png,False,water_like,34.350998,46.179433,0.571615,46.347183,41.296639,E:\Data\fall\s1_65\ROIs1970_fall_s1_65_p721.png,E:\Data\fall\s2_65\ROIs1970_fall_s2_65_p721.png
winter,ROIs2017_winter_111_p1123,E:\Data\winter\s1_111\ROIs2017_winter_s1_111_p1123.png,E:\Data\winter\s2_111\ROIs2017_winter_s2_111_p1123.png,False,water_like,28.626709,43.547437,0.487847,47.938278,48.805275,E:\Data\winter\s1_111\ROIs2017_winter_s1_111_p1123.png,E:\Data\winter\s2_111\ROIs2017_winter_s2_111_p1123.png
spring,ROIs1158_spring_64_p599,E:\Data\spring\s1_64\ROIs1158_spring_s1_64_p599.png,E:\Data\spring\s2_64\ROIs1158_spring_s2_64_p599.png,False,water_like,18.975342,38.330315,1.0,36.535736,28.356336,E:\Data\spring\s1_64\ROIs1158_spring_s1_64_p599.png,E:\Data\spring\s2_64\ROIs1158_spring_s2_64_p599.png
summer,ROIs1868_summer_115_p345,E:\Data\summer\s1_115\ROIs1868_summer_s1_115_p345.png,E:\Data\summer\s2_115\ROIs1868_summer_s2_115_p345.png,False,low_texture,10.509796,13.973932,0.126736,47.176941,31.043144,E:\Data\summer\s1_115\ROIs1868_summer_s1_115_p345.png,E:\Data\summer\s2_115\ROIs1868_summer_s2_115_p345.png
fall,fall_img_tropical_p9425,E:\Data\fall\s1_150\fall_img_tropical_p9425.png,E:\Data\fall\s2_150\fall_img_tropical_p9425.png,False,low_texture,5.497223,8.092912,0.0,32.903366,21.866398,E:\Data\fall\s1_150\fall_img_tropical_p9425.png,E:\Data\fall\s2_150\fall_img_tropical_p9425.png
winter,ROIs2017_winter_8_p1388,E:\Data\winter\s1_8\ROIs2017_winter_s1_8_p1388.png,E:\Data\winter\s2_8\ROIs2017_winter_s2_8_p1388.png,False,water_like,17.713165,36.105287,0.896701,46.479111,42.328037,E:\Data\winter\s1_8\ROIs2017_winter_s1_8_p1388.png,E:\Data\winter\s2_8\ROIs2017_winter_s2_8_p1388.png
fall,fall_img_temperate_p131,E:\Data\fall\s1_150\fall_img_temperate_p131.png,E:\Data\fall\s2_150\fall_img_temperate_p131.png,False,low_texture;sar_low_texture,16.915939,15.782757,0.0,5.571075,3.501689,E:\Data\fall\s1_150\fall_img_temperate_p131.png,E:\Data\fall\s2_150\fall_img_temperate_p131.png
summer,ROIs1868_summer_95_p691,E:\Data\summer\s1_95\ROIs1868_summer_s1_95_p691.png,E:\Data\summer\s2_95\ROIs1868_summer_s2_95_p691.png,False,low_texture,12.091187,23.505041,0.019531,20.294098,12.566423,E:\Data\summer\s1_95\ROIs1868_summer_s1_95_p691.png,E:\Data\summer\s2_95\ROIs1868_summer_s2_95_p691.png
fall,fall_img_tropical_p7255,E:\Data\fall\s1_150\fall_img_tropical_p7255.png,E:\Data\fall\s2_150\fall_img_tropical_p7255.png,False,low_texture,4.635056,2.427512,0.0,27.992508,11.954937,E:\Data\fall\s1_150\fall_img_tropical_p7255.png,E:\Data\fall\s2_150\fall_img_tropical_p7255.png
winter,ROIs2017_winter_13_p910,E:\Data\winter\s1_13\ROIs2017_winter_s1_13_p910.png,E:\Data\winter\s2_13\ROIs2017_winter_s2_13_p910.png,False,low_texture;water_like,17.748199,16.511879,0.94401,46.66127,34.460909,E:\Data\winter\s1_13\ROIs2017_winter_s1_13_p910.png,E:\Data\winter\s2_13\ROIs2017_winter_s2_13_p910.png
winter,ROIs2017_winter_146_p243,E:\Data\winter\s1_146\ROIs2017_winter_s1_146_p243.png,E:\Data\winter\s2_146\ROIs2017_winter_s2_146_p243.png,False,low_texture,13.2314,25.164755,0.232639,60.629517,44.133849,E:\Data\winter\s1_146\ROIs2017_winter_s1_146_p243.png,E:\Data\winter\s2_146\ROIs2017_winter_s2_146_p243.png
fall,ROIs1970_fall_129_p1783,E:\Data\fall\s1_129\ROIs1970_fall_s1_129_p1783.png,E:\Data\fall\s2_129\ROIs1970_fall_s2_129_p1783.png,False,water_like,16.576385,40.228024,0.457465,53.837921,47.472724,E:\Data\fall\s1_129\ROIs1970_fall_s1_129_p1783.png,E:\Data\fall\s2_129\ROIs1970_fall_s2_129_p1783.png
spring,ROIs1158_spring_0_p729,E:\Data\spring\s1_0\ROIs1158_spring_s1_0_p729.png,E:\Data\spring\s2_0\ROIs1158_spring_s2_0_p729.png,False,low_texture;water_like,6.762741,27.857031,0.705729,35.472412,31.426692,E:\Data\spring\s1_0\ROIs1158_spring_s1_0_p729.png,E:\Data\spring\s2_0\ROIs1158_spring_s2_0_p729.png
spring,ROIs1158_spring_37_p543,E:\Data\spring\s1_37\ROIs1158_spring_s1_37_p543.png,E:\Data\spring\s2_37\ROIs1158_spring_s2_37_p543.png,False,low_texture;water_like,6.312912,13.325038,0.798177,35.09639,34.759887,E:\Data\spring\s1_37\ROIs1158_spring_s1_37_p543.png,E:\Data\spring\s2_37\ROIs1158_spring_s2_37_p543.png
fall,ROIs1970_fall_105_p546,E:\Data\fall\s1_105\ROIs1970_fall_s1_105_p546.png,E:\Data\fall\s2_105\ROIs1970_fall_s2_105_p546.png,False,water_like,20.067276,30.313474,0.416667,39.132477,36.583725,E:\Data\fall\s1_105\ROIs1970_fall_s1_105_p546.png,E:\Data\fall\s2_105\ROIs1970_fall_s2_105_p546.png
winter,ROIs2017_winter_9_p135,E:\Data\winter\s1_9\ROIs2017_winter_s1_9_p135.png,E:\Data\winter\s2_9\ROIs2017_winter_s2_9_p135.png,False,low_texture,14.065918,14.754044,0.00217,45.257278,48.505022,E:\Data\winter\s1_9\ROIs2017_winter_s1_9_p135.png,E:\Data\winter\s2_9\ROIs2017_winter_s2_9_p135.png
fall,ROIs1970_fall_42_p1311,E:\Data\fall\s1_42\ROIs1970_fall_s1_42_p1311.png,E:\Data\fall\s2_42\ROIs1970_fall_s2_42_p1311.png,False,low_texture;water_like,13.883713,19.981561,0.997396,27.473434,20.95303,E:\Data\fall\s1_42\ROIs1970_fall_s1_42_p1311.png,E:\Data\fall\s2_42\ROIs1970_fall_s2_42_p1311.png
winter,ROIs2017_winter_63_p821,E:\Data\winter\s1_63\ROIs2017_winter_s1_63_p821.png,E:\Data\winter\s2_63\ROIs2017_winter_s2_63_p821.png,False,water_like,37.801575,42.274507,0.393663,57.101624,46.870786,E:\Data\winter\s1_63\ROIs2017_winter_s1_63_p821.png,E:\Data\winter\s2_63\ROIs2017_winter_s2_63_p821.png
summer,ROIs1868_summer_88_p1873,E:\Data\summer\s1_88\ROIs1868_summer_s1_88_p1873.png,E:\Data\summer\s2_88\ROIs1868_summer_s2_88_p1873.png,False,low_texture,8.166733,13.419929,0.0,43.17038,49.778668,E:\Data\summer\s1_88\ROIs1868_summer_s1_88_p1873.png,E:\Data\summer\s2_88\ROIs1868_summer_s2_88_p1873.png
fall,fall_img_tropical_p11490,E:\Data\fall\s1_150\fall_img_tropical_p11490.png,E:\Data\fall\s2_150\fall_img_tropical_p11490.png,False,low_texture,5.433197,4.502165,0.0,34.419769,17.665663,E:\Data\fall\s1_150\fall_img_tropical_p11490.png,E:\Data\fall\s2_150\fall_img_tropical_p11490.png
winter,winter_img_temperate_p3947,E:\Data\winter\s1_170\winter_img_temperate_p3947.png,E:\Data\winter\s2_170\winter_img_temperate_p3947.png,False,low_texture,12.469391,11.175637,0.0,12.5681,12.39862,E:\Data\winter\s1_170\winter_img_temperate_p3947.png,E:\Data\winter\s2_170\winter_img_temperate_p3947.png
winter,winter_img_temperate_p828,E:\Data\winter\s1_170\winter_img_temperate_p828.png,E:\Data\winter\s2_170\winter_img_temperate_p828.png,False,low_texture,22.475388,13.288216,0.0,7.611755,9.435841,E:\Data\winter\s1_170\winter_img_temperate_p828.png,E:\Data\winter\s2_170\winter_img_temperate_p828.png
winter,winter_img_temperate_p7697,E:\Data\winter\s1_170\winter_img_temperate_p7697.png,E:\Data\winter\s2_170\winter_img_temperate_p7697.png,False,low_texture,17.079315,13.568583,0.0,16.856812,21.419783,E:\Data\winter\s1_170\winter_img_temperate_p7697.png,E:\Data\winter\s2_170\winter_img_temperate_p7697.png
winter,winter_img_temperate_p9920,E:\Data\winter\s1_170\winter_img_temperate_p9920.png,E:\Data\winter\s2_170\winter_img_temperate_p9920.png,False,low_texture,24.930634,14.115311,0.0,6.627289,5.867906,E:\Data\winter\s1_170\winter_img_temperate_p9920.png,E:\Data\winter\s2_170\winter_img_temperate_p9920.png
winter,ROIs2017_winter_41_p1010,E:\Data\winter\s1_41\ROIs2017_winter_s1_41_p1010.png,E:\Data\winter\s2_41\ROIs2017_winter_s2_41_p1010.png,False,low_texture,7.556503,7.354443,0.0,24.050613,16.769142,E:\Data\winter\s1_41\ROIs2017_winter_s1_41_p1010.png,E:\Data\winter\s2_41\ROIs2017_winter_s2_41_p1010.png
spring,ROIs1158_spring_126_p304,E:\Data\spring\s1_126\ROIs1158_spring_s1_126_p304.png,E:\Data\spring\s2_126\ROIs1158_spring_s2_126_p304.png,False,water_like,38.481461,43.773275,0.503038,54.477509,50.526323,E:\Data\spring\s1_126\ROIs1158_spring_s1_126_p304.png,E:\Data\spring\s2_126\ROIs1158_spring_s2_126_p304.png
spring,ROIs1158_spring_112_p751,E:\Data\spring\s1_112\ROIs1158_spring_s1_112_p751.png,E:\Data\spring\s2_112\ROIs1158_spring_s2_112_p751.png,False,water_like,21.898026,35.118946,0.378906,55.501373,61.519181,E:\Data\spring\s1_112\ROIs1158_spring_s1_112_p751.png,E:\Data\spring\s2_112\ROIs1158_spring_s2_112_p751.png
winter,ROIs2017_winter_56_p1014,E:\Data\winter\s1_56\ROIs2017_winter_s1_56_p1014.png,E:\Data\winter\s2_56\ROIs2017_winter_s2_56_p1014.png,False,water_like,25.328278,27.958642,0.924045,35.374863,28.421784,E:\Data\winter\s1_56\ROIs2017_winter_s1_56_p1014.png,E:\Data\winter\s2_56\ROIs2017_winter_s2_56_p1014.png
spring,ROIs1158_spring_25_p119,E:\Data\spring\s1_25\ROIs1158_spring_s1_25_p119.png,E:\Data\spring\s2_25\ROIs1158_spring_s2_25_p119.png,False,water_like,37.978699,61.999411,0.479601,43.803619,51.563439,E:\Data\spring\s1_25\ROIs1158_spring_s1_25_p119.png,E:\Data\spring\s2_25\ROIs1158_spring_s2_25_p119.png
fall,ROIs1970_fall_7_p751,E:\Data\fall\s1_7\ROIs1970_fall_s1_7_p751.png,E:\Data\fall\s2_7\ROIs1970_fall_s2_7_p751.png,False,water_like,29.500641,26.7959,0.993924,48.890457,51.323561,E:\Data\fall\s1_7\ROIs1970_fall_s1_7_p751.png,E:\Data\fall\s2_7\ROIs1970_fall_s2_7_p751.png
fall,ROIs1970_fall_120_p1207,E:\Data\fall\s1_120\ROIs1970_fall_s1_120_p1207.png,E:\Data\fall\s2_120\ROIs1970_fall_s2_120_p1207.png,False,low_texture,13.380417,22.906309,0.221354,50.095856,35.118094,E:\Data\fall\s1_120\ROIs1970_fall_s1_120_p1207.png,E:\Data\fall\s2_120\ROIs1970_fall_s2_120_p1207.png
fall,ROIs1970_fall_139_p2055,E:\Data\fall\s1_139\ROIs1970_fall_s1_139_p2055.png,E:\Data\fall\s2_139\ROIs1970_fall_s2_139_p2055.png,False,water_like,24.434692,38.621653,0.485677,30.049057,57.189858,E:\Data\fall\s1_139\ROIs1970_fall_s1_139_p2055.png,E:\Data\fall\s2_139\ROIs1970_fall_s2_139_p2055.png
spring,ROIs1158_spring_49_p415,E:\Data\spring\s1_49\ROIs1158_spring_s1_49_p415.png,E:\Data\spring\s2_49\ROIs1158_spring_s2_49_p415.png,False,low_texture;water_like,6.64798,7.050266,1.0,39.937393,24.421006,E:\Data\spring\s1_49\ROIs1158_spring_s1_49_p415.png,E:\Data\spring\s2_49\ROIs1158_spring_s2_49_p415.png
spring,ROIs1158_spring_65_p1209,E:\Data\spring\s1_65\ROIs1158_spring_s1_65_p1209.png,E:\Data\spring\s2_65\ROIs1158_spring_s2_65_p1209.png,False,low_texture,5.806793,0.709859,0.0,68.922409,64.13426,E:\Data\spring\s1_65\ROIs1158_spring_s1_65_p1209.png,E:\Data\spring\s2_65\ROIs1158_spring_s2_65_p1209.png
winter,winter_img_tropical_p951,E:\Data\winter\s1_172\winter_img_tropical_p951.png,E:\Data\winter\s2_172\winter_img_tropical_p951.png,False,low_texture,13.128708,15.445673,0.000868,25.771973,18.405155,E:\Data\winter\s1_172\winter_img_tropical_p951.png,E:\Data\winter\s2_172\winter_img_tropical_p951.png
summer,ROIs1868_summer_78_p635,E:\Data\summer\s1_78\ROIs1868_summer_s1_78_p635.png,E:\Data\summer\s2_78\ROIs1868_summer_s2_78_p635.png,False,low_texture,13.835754,27.309439,0.0,67.963089,44.401935,E:\Data\summer\s1_78\ROIs1868_summer_s1_78_p635.png,E:\Data\summer\s2_78\ROIs1868_summer_s2_78_p635.png
summer,ROIs1868_summer_47_p430,E:\Data\summer\s1_47\ROIs1868_summer_s1_47_p430.png,E:\Data\summer\s2_47\ROIs1868_summer_s2_47_p430.png,False,water_like,15.177597,19.000664,0.991753,45.93959,43.079059,E:\Data\summer\s1_47\ROIs1868_summer_s1_47_p430.png,E:\Data\summer\s2_47\ROIs1868_summer_s2_47_p430.png
fall,ROIs1970_fall_119_p331,E:\Data\fall\s1_119\ROIs1970_fall_s1_119_p331.png,E:\Data\fall\s2_119\ROIs1970_fall_s2_119_p331.png,False,low_texture,21.820572,16.909333,0.03559,53.565933,36.850692,E:\Data\fall\s1_119\ROIs1970_fall_s1_119_p331.png,E:\Data\fall\s2_119\ROIs1970_fall_s2_119_p331.png
winter,ROIs2017_winter_10_p472,E:\Data\winter\s1_10\ROIs2017_winter_s1_10_p472.png,E:\Data\winter\s2_10\ROIs2017_winter_s2_10_p472.png,False,water_like,21.796127,36.305818,0.766059,46.49675,65.670286,E:\Data\winter\s1_10\ROIs2017_winter_s1_10_p472.png,E:\Data\winter\s2_10\ROIs2017_winter_s2_10_p472.png
fall,ROIs1970_fall_36_p1050,E:\Data\fall\s1_36\ROIs1970_fall_s1_36_p1050.png,E:\Data\fall\s2_36\ROIs1970_fall_s2_36_p1050.png,False,low_texture,13.902359,20.596441,0.0,36.441742,64.56048,E:\Data\fall\s1_36\ROIs1970_fall_s1_36_p1050.png,E:\Data\fall\s2_36\ROIs1970_fall_s2_36_p1050.png
fall,fall_img_tropical_p9796,E:\Data\fall\s1_150\fall_img_tropical_p9796.png,E:\Data\fall\s2_150\fall_img_tropical_p9796.png,False,low_texture,8.470505,5.700468,0.0,34.01413,15.640882,E:\Data\fall\s1_150\fall_img_tropical_p9796.png,E:\Data\fall\s2_150\fall_img_tropical_p9796.png
fall,fall_img_tropical_p6387,E:\Data\fall\s1_150\fall_img_tropical_p6387.png,E:\Data\fall\s2_150\fall_img_tropical_p6387.png,False,low_texture,10.619461,14.031166,0.00434,33.074631,14.967895,E:\Data\fall\s1_150\fall_img_tropical_p6387.png,E:\Data\fall\s2_150\fall_img_tropical_p6387.png
fall,ROIs1970_fall_129_p912,E:\Data\fall\s1_129\ROIs1970_fall_s1_129_p912.png,E:\Data\fall\s2_129\ROIs1970_fall_s2_129_p912.png,False,water_like,18.558716,33.347302,0.498698,55.247314,48.431037,E:\Data\fall\s1_129\ROIs1970_fall_s1_129_p912.png,E:\Data\fall\s2_129\ROIs1970_fall_s2_129_p912.png
fall,ROIs1970_fall_120_p1072,E:\Data\fall\s1_120\ROIs1970_fall_s1_120_p1072.png,E:\Data\fall\s2_120\ROIs1970_fall_s2_120_p1072.png,False,water_like,34.70047,52.07564,0.403646,50.320251,34.059564,E:\Data\fall\s1_120\ROIs1970_fall_s1_120_p1072.png,E:\Data\fall\s2_120\ROIs1970_fall_s2_120_p1072.png
winter,winter_img_temperate_p2335,E:\Data\winter\s1_171\winter_img_temperate_p2335.png,E:\Data\winter\s2_171\winter_img_temperate_p2335.png,False,low_texture,7.161438,20.300538,0.000434,24.905014,25.403075,E:\Data\winter\s1_171\winter_img_temperate_p2335.png,E:\Data\winter\s2_171\winter_img_temperate_p2335.png
fall,ROIs1970_fall_79_p271,E:\Data\fall\s1_79\ROIs1970_fall_s1_79_p271.png,E:\Data\fall\s2_79\ROIs1970_fall_s2_79_p271.png,False,low_texture;water_like,16.692429,16.477374,0.604601,48.912445,33.885019,E:\Data\fall\s1_79\ROIs1970_fall_s1_79_p271.png,E:\Data\fall\s2_79\ROIs1970_fall_s2_79_p271.png
summer,ROIs1868_summer_58_p664,E:\Data\summer\s1_58\ROIs1868_summer_s1_58_p664.png,E:\Data\summer\s2_58\ROIs1868_summer_s2_58_p664.png,False,low_texture,29.816025,12.794755,0.0,47.22525,29.829,E:\Data\summer\s1_58\ROIs1868_summer_s1_58_p664.png,E:\Data\summer\s2_58\ROIs1868_summer_s2_58_p664.png
fall,ROIs1970_fall_116_p333,E:\Data\fall\s1_116\ROIs1970_fall_s1_116_p333.png,E:\Data\fall\s2_116\ROIs1970_fall_s2_116_p333.png,False,low_texture;water_like,10.867859,54.010829,0.412326,38.469711,63.918133,E:\Data\fall\s1_116\ROIs1970_fall_s1_116_p333.png,E:\Data\fall\s2_116\ROIs1970_fall_s2_116_p333.png
spring,ROIs1158_spring_112_p432,E:\Data\spring\s1_112\ROIs1158_spring_s1_112_p432.png,E:\Data\spring\s2_112\ROIs1158_spring_s2_112_p432.png,False,water_like,19.957687,31.405079,0.847656,57.988785,62.582529,E:\Data\spring\s1_112\ROIs1158_spring_s1_112_p432.png,E:\Data\spring\s2_112\ROIs1158_spring_s2_112_p432.png
fall,ROIs1970_fall_124_p377,E:\Data\fall\s1_124\ROIs1970_fall_s1_124_p377.png,E:\Data\fall\s2_124\ROIs1970_fall_s2_124_p377.png,False,low_texture,17.880646,15.5182,0.0,60.529724,53.493524,E:\Data\fall\s1_124\ROIs1970_fall_s1_124_p377.png,E:\Data\fall\s2_124\ROIs1970_fall_s2_124_p377.png
winter,ROIs2017_winter_37_p1149,E:\Data\winter\s1_37\ROIs2017_winter_s1_37_p1149.png,E:\Data\winter\s2_37\ROIs2017_winter_s2_37_p1149.png,False,water_like,23.670517,53.222735,0.58941,48.442429,38.018264,E:\Data\winter\s1_37\ROIs2017_winter_s1_37_p1149.png,E:\Data\winter\s2_37\ROIs2017_winter_s2_37_p1149.png
spring,ROIs1158_spring_64_p180,E:\Data\spring\s1_64\ROIs1158_spring_s1_64_p180.png,E:\Data\spring\s2_64\ROIs1158_spring_s2_64_p180.png,False,low_texture;water_like,7.298492,15.672485,1.0,47.778229,36.629484,E:\Data\spring\s1_64\ROIs1158_spring_s1_64_p180.png,E:\Data\spring\s2_64\ROIs1158_spring_s2_64_p180.png
winter,ROIs2017_winter_56_p1028,E:\Data\winter\s1_56\ROIs2017_winter_s1_56_p1028.png,E:\Data\winter\s2_56\ROIs2017_winter_s2_56_p1028.png,False,water_like,16.209686,70.05974,0.567274,32.908081,59.456093,E:\Data\winter\s1_56\ROIs2017_winter_s1_56_p1028.png,E:\Data\winter\s2_56\ROIs2017_winter_s2_56_p1028.png
spring,ROIs1158_spring_136_p655,E:\Data\spring\s1_136\ROIs1158_spring_s1_136_p655.png,E:\Data\spring\s2_136\ROIs1158_spring_s2_136_p655.png,False,low_texture,15.265488,7.874149,0.0,65.819427,43.370178,E:\Data\spring\s1_136\ROIs1158_spring_s1_136_p655.png,E:\Data\spring\s2_136\ROIs1158_spring_s2_136_p655.png
summer,ROIs1868_summer_25_p659,E:\Data\summer\s1_25\ROIs1868_summer_s1_25_p659.png,E:\Data\summer\s2_25\ROIs1868_summer_s2_25_p659.png,False,low_texture,13.606171,29.212519,0.0,38.10788,27.014721,E:\Data\summer\s1_25\ROIs1868_summer_s1_25_p659.png,E:\Data\summer\s2_25\ROIs1868_summer_s2_25_p659.png
spring,ROIs1158_spring_6_p536,E:\Data\spring\s1_6\ROIs1158_spring_s1_6_p536.png,E:\Data\spring\s2_6\ROIs1158_spring_s2_6_p536.png,False,low_texture,11.207581,19.15233,0.0,35.172379,29.223706,E:\Data\spring\s1_6\ROIs1158_spring_s1_6_p536.png,E:\Data\spring\s2_6\ROIs1158_spring_s2_6_p536.png
winter,winter_img_temperate_p10816,E:\Data\winter\s1_170\winter_img_temperate_p10816.png,E:\Data\winter\s2_170\winter_img_temperate_p10816.png,False,low_texture,11.173264,14.930808,0.0,6.5625,11.471301,E:\Data\winter\s1_170\winter_img_temperate_p10816.png,E:\Data\winter\s2_170\winter_img_temperate_p10816.png
summer,ROIs1868_summer_88_p664,E:\Data\summer\s1_88\ROIs1868_summer_s1_88_p664.png,E:\Data\summer\s2_88\ROIs1868_summer_s2_88_p664.png,False,low_texture,8.717804,24.551238,0.0,44.607819,65.196111,E:\Data\summer\s1_88\ROIs1868_summer_s1_88_p664.png,E:\Data\summer\s2_88\ROIs1868_summer_s2_88_p664.png
summer,ROIs1868_summer_95_p1368,E:\Data\summer\s1_95\ROIs1868_summer_s1_95_p1368.png,E:\Data\summer\s2_95\ROIs1868_summer_s2_95_p1368.png,False,low_texture,11.713181,18.546277,0.00434,21.276871,13.457421,E:\Data\summer\s1_95\ROIs1868_summer_s1_95_p1368.png,E:\Data\summer\s2_95\ROIs1868_summer_s2_95_p1368.png
winter,winter_img_tropical_p214,E:\Data\winter\s1_172\winter_img_tropical_p214.png,E:\Data\winter\s2_172\winter_img_tropical_p214.png,False,low_texture,13.249588,12.174051,0.0,29.294022,19.206588,E:\Data\winter\s1_172\winter_img_tropical_p214.png,E:\Data\winter\s2_172\winter_img_tropical_p214.png
winter,ROIs2017_winter_13_p239,E:\Data\winter\s1_13\ROIs2017_winter_s1_13_p239.png,E:\Data\winter\s2_13\ROIs2017_winter_s2_13_p239.png,False,low_texture;water_like,13.90979,12.679795,1.0,43.754791,42.57307,E:\Data\winter\s1_13\ROIs2017_winter_s1_13_p239.png,E:\Data\winter\s2_13\ROIs2017_winter_s2_13_p239.png
winter,winter_img_temperate_p6721,E:\Data\winter\s1_170\winter_img_temperate_p6721.png,E:\Data\winter\s2_170\winter_img_temperate_p6721.png,False,low_texture,14.088547,10.149731,0.0,15.600021,13.296952,E:\Data\winter\s1_170\winter_img_temperate_p6721.png,E:\Data\winter\s2_170\winter_img_temperate_p6721.png
winter,ROIs2017_winter_140_p701,E:\Data\winter\s1_140\ROIs2017_winter_s1_140_p701.png,E:\Data\winter\s2_140\ROIs2017_winter_s2_140_p701.png,False,water_like,41.940887,59.331673,0.754774,21.726944,19.702927,E:\Data\winter\s1_140\ROIs2017_winter_s1_140_p701.png,E:\Data\winter\s2_140\ROIs2017_winter_s2_140_p701.png
spring,ROIs1158_spring_35_p582,E:\Data\spring\s1_35\ROIs1158_spring_s1_35_p582.png,E:\Data\spring\s2_35\ROIs1158_spring_s2_35_p582.png,False,low_texture,11.384308,17.781746,0.0,39.763351,40.421364,E:\Data\spring\s1_35\ROIs1158_spring_s1_35_p582.png,E:\Data\spring\s2_35\ROIs1158_spring_s2_35_p582.png
winter,winter_img_temperate_p6631,E:\Data\winter\s1_170\winter_img_temperate_p6631.png,E:\Data\winter\s2_170\winter_img_temperate_p6631.png,False,low_texture,13.596893,11.606913,0.0,14.259567,13.037308,E:\Data\winter\s1_170\winter_img_temperate_p6631.png,E:\Data\winter\s2_170\winter_img_temperate_p6631.png
fall,ROIs1970_fall_42_p520,E:\Data\fall\s1_42\ROIs1970_fall_s1_42_p520.png,E:\Data\fall\s2_42\ROIs1970_fall_s2_42_p520.png,False,water_like,17.890564,25.469245,0.984809,27.02475,23.771923,E:\Data\fall\s1_42\ROIs1970_fall_s1_42_p520.png,E:\Data\fall\s2_42\ROIs1970_fall_s2_42_p520.png
summer,ROIs1868_summer_75_p343,E:\Data\summer\s1_75\ROIs1868_summer_s1_75_p343.png,E:\Data\summer\s2_75\ROIs1868_summer_s2_75_p343.png,False,low_texture;water_like,18.421844,11.581632,0.999132,34.017517,27.358155,E:\Data\summer\s1_75\ROIs1868_summer_s1_75_p343.png,E:\Data\summer\s2_75\ROIs1868_summer_s2_75_p343.png
winter,ROIs2017_winter_53_p981,E:\Data\winter\s1_53\ROIs2017_winter_s1_53_p981.png,E:\Data\winter\s2_53\ROIs2017_winter_s2_53_p981.png,False,water_like,36.449631,38.916566,0.405816,52.380966,43.118269,E:\Data\winter\s1_53\ROIs2017_winter_s1_53_p981.png,E:\Data\winter\s2_53\ROIs2017_winter_s2_53_p981.png
fall,ROIs1970_fall_30_p751,E:\Data\fall\s1_30\ROIs1970_fall_s1_30_p751.png,E:\Data\fall\s2_30\ROIs1970_fall_s2_30_p751.png,False,water_like,43.479095,69.253998,0.562066,55.102707,57.492957,E:\Data\fall\s1_30\ROIs1970_fall_s1_30_p751.png,E:\Data\fall\s2_30\ROIs1970_fall_s2_30_p751.png
fall,ROIs1970_fall_116_p2602,E:\Data\fall\s1_116\ROIs1970_fall_s1_116_p2602.png,E:\Data\fall\s2_116\ROIs1970_fall_s2_116_p2602.png,False,low_texture,5.686615,15.238739,0.0,35.736542,25.519092,E:\Data\fall\s1_116\ROIs1970_fall_s1_116_p2602.png,E:\Data\fall\s2_116\ROIs1970_fall_s2_116_p2602.png
winter,ROIs2017_winter_140_p805,E:\Data\winter\s1_140\ROIs2017_winter_s1_140_p805.png,E:\Data\winter\s2_140\ROIs2017_winter_s2_140_p805.png,False,water_like,39.238861,44.989346,0.65408,23.48111,23.222302,E:\Data\winter\s1_140\ROIs2017_winter_s1_140_p805.png,E:\Data\winter\s2_140\ROIs2017_winter_s2_140_p805.png
fall,ROIs1970_fall_116_p1700,E:\Data\fall\s1_116\ROIs1970_fall_s1_116_p1700.png,E:\Data\fall\s2_116\ROIs1970_fall_s2_116_p1700.png,False,water_like,18.464127,45.275255,0.37066,35.891266,42.628517,E:\Data\fall\s1_116\ROIs1970_fall_s1_116_p1700.png,E:\Data\fall\s2_116\ROIs1970_fall_s2_116_p1700.png
fall,fall_img_temperate_p903,E:\Data\fall\s1_150\fall_img_temperate_p903.png,E:\Data\fall\s2_150\fall_img_temperate_p903.png,False,low_texture,10.34198,6.627624,0.0,9.184555,7.180871,E:\Data\fall\s1_150\fall_img_temperate_p903.png,E:\Data\fall\s2_150\fall_img_temperate_p903.png
winter,ROIs2017_winter_67_p683,E:\Data\winter\s1_67\ROIs2017_winter_s1_67_p683.png,E:\Data\winter\s2_67\ROIs2017_winter_s2_67_p683.png,False,water_like,24.042679,27.131857,0.769965,58.500839,39.351343,E:\Data\winter\s1_67\ROIs2017_winter_s1_67_p683.png,E:\Data\winter\s2_67\ROIs2017_winter_s2_67_p683.png
fall,fall_img_tropical_p8065,E:\Data\fall\s1_150\fall_img_tropical_p8065.png,E:\Data\fall\s2_150\fall_img_tropical_p8065.png,False,low_texture,6.492111,6.148884,0.0,36.275955,22.640744,E:\Data\fall\s1_150\fall_img_tropical_p8065.png,E:\Data\fall\s2_150\fall_img_tropical_p8065.png
summer,ROIs1868_summer_88_p2320,E:\Data\summer\s1_88\ROIs1868_summer_s1_88_p2320.png,E:\Data\summer\s2_88\ROIs1868_summer_s2_88_p2320.png,False,low_texture,4.395294,7.879982,0.0,42.136887,50.235773,E:\Data\summer\s1_88\ROIs1868_summer_s1_88_p2320.png,E:\Data\summer\s2_88\ROIs1868_summer_s2_88_p2320.png
spring,spring_img_temperate_p820,E:\Data\spring\s1_155\spring_img_temperate_p820.png,E:\Data\spring\s2_155\spring_img_temperate_p820.png,False,low_texture;sar_low_texture,1.443787,1.2025,0.0,4.060883,1.988983,E:\Data\spring\s1_155\spring_img_temperate_p820.png,E:\Data\spring\s2_155\spring_img_temperate_p820.png
fall,ROIs1970_fall_79_p48,E:\Data\fall\s1_79\ROIs1970_fall_s1_79_p48.png,E:\Data\fall\s2_79\ROIs1970_fall_s2_79_p48.png,False,low_texture;water_like,17.678497,15.941239,0.665365,48.948273,49.088457,E:\Data\fall\s1_79\ROIs1970_fall_s1_79_p48.png,E:\Data\fall\s2_79\ROIs1970_fall_s2_79_p48.png
summer,ROIs1868_summer_88_p853,E:\Data\summer\s1_88\ROIs1868_summer_s1_88_p853.png,E:\Data\summer\s2_88\ROIs1868_summer_s2_88_p853.png,False,low_texture,7.84137,15.613202,0.0,43.200653,62.623111,E:\Data\summer\s1_88\ROIs1868_summer_s1_88_p853.png,E:\Data\summer\s2_88\ROIs1868_summer_s2_88_p853.png
spring,ROIs1158_spring_120_p622,E:\Data\spring\s1_120\ROIs1158_spring_s1_120_p622.png,E:\Data\spring\s2_120\ROIs1158_spring_s2_120_p622.png,False,low_texture,13.093704,16.161498,0.0,48.978592,42.98044,E:\Data\spring\s1_120\ROIs1158_spring_s1_120_p622.png,E:\Data\spring\s2_120\ROIs1158_spring_s2_120_p622.png
spring,ROIs1158_spring_100_p658,E:\Data\spring\s1_100\ROIs1158_spring_s1_100_p658.png,E:\Data\spring\s2_100\ROIs1158_spring_s2_100_p658.png,False,water_like,23.05513,38.849782,0.670139,43.037582,37.226739,E:\Data\spring\s1_100\ROIs1158_spring_s1_100_p658.png,E:\Data\spring\s2_100\ROIs1158_spring_s2_100_p658.png
winter,winter_img_temperate_p8324,E:\Data\winter\s1_170\winter_img_temperate_p8324.png,E:\Data\winter\s2_170\winter_img_temperate_p8324.png,False,low_texture,8.665726,16.180359,0.0,12.849258,12.037792,E:\Data\winter\s1_170\winter_img_temperate_p8324.png,E:\Data\winter\s2_170\winter_img_temperate_p8324.png
spring,ROIs1158_spring_49_p198,E:\Data\spring\s1_49\ROIs1158_spring_s1_49_p198.png,E:\Data\spring\s2_49\ROIs1158_spring_s2_49_p198.png,False,low_texture;water_like,7.987061,6.919174,1.0,39.817368,24.518361,E:\Data\spring\s1_49\ROIs1158_spring_s1_49_p198.png,E:\Data\spring\s2_49\ROIs1158_spring_s2_49_p198.png
summer,ROIs1868_summer_142_p744,E:\Data\summer\s1_142\ROIs1868_summer_s1_142_p744.png,E:\Data\summer\s2_142\ROIs1868_summer_s2_142_p744.png,False,water_like,28.466095,37.162036,0.594184,53.432556,56.54708,E:\Data\summer\s1_142\ROIs1868_summer_s1_142_p744.png,E:\Data\summer\s2_142\ROIs1868_summer_s2_142_p744.png
fall,fall_img_tropical_p10498,E:\Data\fall\s1_150\fall_img_tropical_p10498.png,E:\Data\fall\s2_150\fall_img_tropical_p10498.png,False,low_texture,9.898346,9.938417,0.0,36.413635,16.725833,E:\Data\fall\s1_150\fall_img_tropical_p10498.png,E:\Data\fall\s2_150\fall_img_tropical_p10498.png
summer,ROIs1868_summer_88_p1763,E:\Data\summer\s1_88\ROIs1868_summer_s1_88_p1763.png,E:\Data\summer\s2_88\ROIs1868_summer_s2_88_p1763.png,False,low_texture,6.357864,6.040547,0.0,40.443176,27.932505,E:\Data\summer\s1_88\ROIs1868_summer_s1_88_p1763.png,E:\Data\summer\s2_88\ROIs1868_summer_s2_88_p1763.png
winter,ROIs2017_winter_146_p1759,E:\Data\winter\s1_146\ROIs2017_winter_s1_146_p1759.png,E:\Data\winter\s2_146\ROIs2017_winter_s2_146_p1759.png,False,water_like,22.07193,51.867324,0.503038,61.877625,52.601083,E:\Data\winter\s1_146\ROIs2017_winter_s1_146_p1759.png,E:\Data\winter\s2_146\ROIs2017_winter_s2_146_p1759.png
summer,ROIs1868_summer_88_p1457,E:\Data\summer\s1_88\ROIs1868_summer_s1_88_p1457.png,E:\Data\summer\s2_88\ROIs1868_summer_s2_88_p1457.png,False,low_texture,7.046082,8.960212,0.0,41.333694,29.409683,E:\Data\summer\s1_88\ROIs1868_summer_s1_88_p1457.png,E:\Data\summer\s2_88\ROIs1868_summer_s2_88_p1457.png
summer,ROIs1868_summer_86_p661,E:\Data\summer\s1_86\ROIs1868_summer_s1_86_p661.png,E:\Data\summer\s2_86\ROIs1868_summer_s2_86_p661.png,False,low_texture,13.318161,26.223893,0.000868,61.483063,43.619488,E:\Data\summer\s1_86\ROIs1868_summer_s1_86_p661.png,E:\Data\summer\s2_86\ROIs1868_summer_s2_86_p661.png
summer,ROIs1868_summer_113_p1035,E:\Data\summer\s1_113\ROIs1868_summer_s1_113_p1035.png,E:\Data\summer\s2_113\ROIs1868_summer_s2_113_p1035.png,False,water_like,16.365311,36.460339,0.363715,53.074249,44.163394,E:\Data\summer\s1_113\ROIs1868_summer_s1_113_p1035.png,E:\Data\summer\s2_113\ROIs1868_summer_s2_113_p1035.png
fall,ROIs1970_fall_16_p25,E:\Data\fall\s1_16\ROIs1970_fall_s1_16_p25.png,E:\Data\fall\s2_16\ROIs1970_fall_s2_16_p25.png,False,low_texture,3.388245,21.426697,0.014757,34.4151,29.072343,E:\Data\fall\s1_16\ROIs1970_fall_s1_16_p25.png,E:\Data\fall\s2_16\ROIs1970_fall_s2_16_p25.png
winter,ROIs2017_winter_0_p697,E:\Data\winter\s1_0\ROIs2017_winter_s1_0_p697.png,E:\Data\winter\s2_0\ROIs2017_winter_s2_0_p697.png,False,water_like,21.62706,30.617427,0.9375,59.838211,42.978965,E:\Data\winter\s1_0\ROIs2017_winter_s1_0_p697.png,E:\Data\winter\s2_0\ROIs2017_winter_s2_0_p697.png
summer,ROIs1868_summer_127_p58,E:\Data\summer\s1_127\ROIs1868_summer_s1_127_p58.png,E:\Data\summer\s2_127\ROIs1868_summer_s2_127_p58.png,False,low_texture,12.987579,11.612007,0.0,40.864395,27.173752,E:\Data\summer\s1_127\ROIs1868_summer_s1_127_p58.png,E:\Data\summer\s2_127\ROIs1868_summer_s2_127_p58.png
spring,ROIs1158_spring_40_p1089,E:\Data\spring\s1_40\ROIs1158_spring_s1_40_p1089.png,E:\Data\spring\s2_40\ROIs1158_spring_s2_40_p1089.png,False,low_texture,13.433197,27.754883,0.0,33.308868,29.915084,E:\Data\spring\s1_40\ROIs1158_spring_s1_40_p1089.png,E:\Data\spring\s2_40\ROIs1158_spring_s2_40_p1089.png
fall,ROIs1970_fall_116_p386,E:\Data\fall\s1_116\ROIs1970_fall_s1_116_p386.png,E:\Data\fall\s2_116\ROIs1970_fall_s2_116_p386.png,False,low_texture,10.386963,68.534965,0.15625,38.28627,52.927065,E:\Data\fall\s1_116\ROIs1970_fall_s1_116_p386.png,E:\Data\fall\s2_116\ROIs1970_fall_s2_116_p386.png
summer,ROIs1868_summer_47_p1473,E:\Data\summer\s1_47\ROIs1868_summer_s1_47_p1473.png,E:\Data\summer\s2_47\ROIs1868_summer_s2_47_p1473.png,False,water_like,17.958267,26.342054,0.391927,45.746536,35.761328,E:\Data\summer\s1_47\ROIs1868_summer_s1_47_p1473.png,E:\Data\summer\s2_47\ROIs1868_summer_s2_47_p1473.png
summer,ROIs1868_summer_95_p898,E:\Data\summer\s1_95\ROIs1868_summer_s1_95_p898.png,E:\Data\summer\s2_95\ROIs1868_summer_s2_95_p898.png,False,low_texture,11.889648,24.582059,0.0,21.149521,16.031116,E:\Data\summer\s1_95\ROIs1868_summer_s1_95_p898.png,E:\Data\summer\s2_95\ROIs1868_summer_s2_95_p898.png
winter,ROIs2017_winter_140_p1293,E:\Data\winter\s1_140\ROIs2017_winter_s1_140_p1293.png,E:\Data\winter\s2_140\ROIs2017_winter_s2_140_p1293.png,False,water_like,40.653198,55.627206,0.871528,20.546692,17.258514,E:\Data\winter\s1_140\ROIs2017_winter_s1_140_p1293.png,E:\Data\winter\s2_140\ROIs2017_winter_s2_140_p1293.png
fall,fall_img_temperate_p3087,E:\Data\fall\s1_150\fall_img_temperate_p3087.png,E:\Data\fall\s2_150\fall_img_temperate_p3087.png,False,sar_low_texture,24.217636,18.989086,0.0,4.817886,3.40146,E:\Data\fall\s1_150\fall_img_temperate_p3087.png,E:\Data\fall\s2_150\fall_img_temperate_p3087.png
summer,summer_img_temperate_p4525,E:\Data\summer\s1_160\summer_img_temperate_p4525.png,E:\Data\summer\s2_160\summer_img_temperate_p4525.png,False,low_texture;sar_low_texture,22.378098,11.669458,0.0,5.578415,3.667581,E:\Data\summer\s1_160\summer_img_temperate_p4525.png,E:\Data\summer\s2_160\summer_img_temperate_p4525.png
spring,ROIs1158_spring_17_p385,E:\Data\spring\s1_17\ROIs1158_spring_s1_17_p385.png,E:\Data\spring\s2_17\ROIs1158_spring_s2_17_p385.png,False,low_texture,5.563263,16.68025,0.0,34.262466,35.43362,E:\Data\spring\s1_17\ROIs1158_spring_s1_17_p385.png,E:\Data\spring\s2_17\ROIs1158_spring_s2_17_p385.png
spring,ROIs1158_spring_40_p236,E:\Data\spring\s1_40\ROIs1158_spring_s1_40_p236.png,E:\Data\spring\s2_40\ROIs1158_spring_s2_40_p236.png,False,low_texture,11.48616,22.941431,0.000434,33.355103,30.619013,E:\Data\spring\s1_40\ROIs1158_spring_s1_40_p236.png,E:\Data\spring\s2_40\ROIs1158_spring_s2_40_p236.png
summer,summer_img_temperate_p5707,E:\Data\summer\s1_160\summer_img_temperate_p5707.png,E:\Data\summer\s2_160\summer_img_temperate_p5707.png,False,low_texture,11.831558,5.501024,0.0,11.922653,5.694242,E:\Data\summer\s1_160\summer_img_temperate_p5707.png,E:\Data\summer\s2_160\summer_img_temperate_p5707.png
fall,ROIs1970_fall_7_p481,E:\Data\fall\s1_7\ROIs1970_fall_s1_7_p481.png,E:\Data\fall\s2_7\ROIs1970_fall_s2_7_p481.png,False,water_like,39.224808,26.591548,1.0,52.539963,53.570414,E:\Data\fall\s1_7\ROIs1970_fall_s1_7_p481.png,E:\Data\fall\s2_7\ROIs1970_fall_s2_7_p481.png
winter,winter_img_temperate_p331,E:\Data\winter\s1_170\winter_img_temperate_p331.png,E:\Data\winter\s2_170\winter_img_temperate_p331.png,False,low_texture,14.554413,14.995617,0.0,12.777664,15.727441,E:\Data\winter\s1_170\winter_img_temperate_p331.png,E:\Data\winter\s2_170\winter_img_temperate_p331.png
fall,fall_img_tropical_p10282,E:\Data\fall\s1_150\fall_img_tropical_p10282.png,E:\Data\fall\s2_150\fall_img_tropical_p10282.png,False,low_texture,9.796982,14.252252,0.00651,28.682068,17.675794,E:\Data\fall\s1_150\fall_img_tropical_p10282.png,E:\Data\fall\s2_150\fall_img_tropical_p10282.png
spring,ROIs1158_spring_25_p179,E:\Data\spring\s1_25\ROIs1158_spring_s1_25_p179.png,E:\Data\spring\s2_25\ROIs1158_spring_s2_25_p179.png,False,water_like,37.490692,65.856981,0.473524,43.270996,40.937772,E:\Data\spring\s1_25\ROIs1158_spring_s1_25_p179.png,E:\Data\spring\s2_25\ROIs1158_spring_s2_25_p179.png
spring,ROIs1158_spring_49_p236,E:\Data\spring\s1_49\ROIs1158_spring_s1_49_p236.png,E:\Data\spring\s2_49\ROIs1158_spring_s2_49_p236.png,False,low_texture;water_like,8.829285,8.475096,0.907552,39.521667,26.810323,E:\Data\spring\s1_49\ROIs1158_spring_s1_49_p236.png,E:\Data\spring\s2_49\ROIs1158_spring_s2_49_p236.png
fall,fall_img_tropical_p9875,E:\Data\fall\s1_150\fall_img_tropical_p9875.png,E:\Data\fall\s2_150\fall_img_tropical_p9875.png,False,low_texture,7.86644,6.549708,0.0,31.17894,19.04848,E:\Data\fall\s1_150\fall_img_tropical_p9875.png,E:\Data\fall\s2_150\fall_img_tropical_p9875.png
fall,fall_img_tropical_p7635,E:\Data\fall\s1_150\fall_img_tropical_p7635.png,E:\Data\fall\s2_150\fall_img_tropical_p7635.png,False,low_texture,5.302658,3.592856,0.0,35.030899,16.233676,E:\Data\fall\s1_150\fall_img_tropical_p7635.png,E:\Data\fall\s2_150\fall_img_tropical_p7635.png
spring,ROIs1158_spring_0_p603,E:\Data\spring\s1_0\ROIs1158_spring_s1_0_p603.png,E:\Data\spring\s2_0\ROIs1158_spring_s2_0_p603.png,False,low_texture,2.530807,1.543388,0.0,36.792267,23.551027,E:\Data\spring\s1_0\ROIs1158_spring_s1_0_p603.png,E:\Data\spring\s2_0\ROIs1158_spring_s2_0_p603.png
winter,ROIs2017_winter_58_p776,E:\Data\winter\s1_58\ROIs2017_winter_s1_58_p776.png,E:\Data\winter\s2_58\ROIs2017_winter_s2_58_p776.png,False,water_like,48.853271,33.440381,0.5625,72.665222,49.202488,E:\Data\winter\s1_58\ROIs2017_winter_s1_58_p776.png,E:\Data\winter\s2_58\ROIs2017_winter_s2_58_p776.png
winter,winter_img_temperate_p8479,E:\Data\winter\s1_170\winter_img_temperate_p8479.png,E:\Data\winter\s2_170\winter_img_temperate_p8479.png,False,low_texture;sar_low_texture,19.975403,15.677472,0.0,4.543991,3.614612,E:\Data\winter\s1_170\winter_img_temperate_p8479.png,E:\Data\winter\s2_170\winter_img_temperate_p8479.png
fall,ROIs1970_fall_139_p1795,E:\Data\fall\s1_139\ROIs1970_fall_s1_139_p1795.png,E:\Data\fall\s2_139\ROIs1970_fall_s2_139_p1795.png,False,water_like,21.264496,39.268723,0.849392,33.514069,53.321874,E:\Data\fall\s1_139\ROIs1970_fall_s1_139_p1795.png,E:\Data\fall\s2_139\ROIs1970_fall_s2_139_p1795.png
summer,summer_img_temperate_p387,E:\Data\summer\s1_160\summer_img_temperate_p387.png,E:\Data\summer\s2_160\summer_img_temperate_p387.png,False,low_texture;sar_low_texture,12.974899,13.387989,0.0,4.832291,3.795467,E:\Data\summer\s1_160\summer_img_temperate_p387.png,E:\Data\summer\s2_160\summer_img_temperate_p387.png
winter,winter_img_temperate_p11033,E:\Data\winter\s1_170\winter_img_temperate_p11033.png,E:\Data\winter\s2_170\winter_img_temperate_p11033.png,False,low_texture,13.357101,9.378555,0.0,17.222626,12.485206,E:\Data\winter\s1_170\winter_img_temperate_p11033.png,E:\Data\winter\s2_170\winter_img_temperate_p11033.png
fall,ROIs1970_fall_10_p1153,E:\Data\fall\s1_10\ROIs1970_fall_s1_10_p1153.png,E:\Data\fall\s2_10\ROIs1970_fall_s2_10_p1153.png,False,water_like,27.544846,25.428338,0.988281,51.10907,47.712491,E:\Data\fall\s1_10\ROIs1970_fall_s1_10_p1153.png,E:\Data\fall\s2_10\ROIs1970_fall_s2_10_p1153.png
fall,ROIs1970_fall_49_p1239,E:\Data\fall\s1_49\ROIs1970_fall_s1_49_p1239.png,E:\Data\fall\s2_49\ROIs1970_fall_s2_49_p1239.png,False,low_texture,19.909668,17.925021,0.0,38.223251,34.943295,E:\Data\fall\s1_49\ROIs1970_fall_s1_49_p1239.png,E:\Data\fall\s2_49\ROIs1970_fall_s2_49_p1239.png
summer,ROIs1868_summer_136_p998,E:\Data\summer\s1_136\ROIs1868_summer_s1_136_p998.png,E:\Data\summer\s2_136\ROIs1868_summer_s2_136_p998.png,False,water_like,24.877213,71.278929,0.407986,43.626251,41.820229,E:\Data\summer\s1_136\ROIs1868_summer_s1_136_p998.png,E:\Data\summer\s2_136\ROIs1868_summer_s2_136_p998.png
summer,summer_img_temperate_p1152,E:\Data\summer\s1_160\summer_img_temperate_p1152.png,E:\Data\summer\s2_160\summer_img_temperate_p1152.png,False,low_texture,10.52916,8.903879,0.0,8.41716,5.332523,E:\Data\summer\s1_160\summer_img_temperate_p1152.png,E:\Data\summer\s2_160\summer_img_temperate_p1152.png
winter,ROIs2017_winter_117_p370,E:\Data\winter\s1_117\ROIs2017_winter_s1_117_p370.png,E:\Data\winter\s2_117\ROIs2017_winter_s2_117_p370.png,False,low_texture;water_like,16.695007,13.98701,0.613715,34.675049,21.199169,E:\Data\winter\s1_117\ROIs2017_winter_s1_117_p370.png,E:\Data\winter\s2_117\ROIs2017_winter_s2_117_p370.png
winter,winter_img_temperate_p10450,E:\Data\winter\s1_170\winter_img_temperate_p10450.png,E:\Data\winter\s2_170\winter_img_temperate_p10450.png,False,low_texture,17.151184,14.684883,0.0,11.183914,14.054363,E:\Data\winter\s1_170\winter_img_temperate_p10450.png,E:\Data\winter\s2_170\winter_img_temperate_p10450.png
winter,winter_img_temperate_p1563,E:\Data\winter\s1_171\winter_img_temperate_p1563.png,E:\Data\winter\s2_171\winter_img_temperate_p1563.png,False,low_texture,9.103149,9.402023,0.184896,30.479172,34.607334,E:\Data\winter\s1_171\winter_img_temperate_p1563.png,E:\Data\winter\s2_171\winter_img_temperate_p1563.png
fall,ROIs1970_fall_116_p1993,E:\Data\fall\s1_116\ROIs1970_fall_s1_116_p1993.png,E:\Data\fall\s2_116\ROIs1970_fall_s2_116_p1993.png,False,low_texture;water_like,13.882568,40.930788,0.56684,35.770691,42.727638,E:\Data\fall\s1_116\ROIs1970_fall_s1_116_p1993.png,E:\Data\fall\s2_116\ROIs1970_fall_s2_116_p1993.png
winter,ROIs2017_winter_84_p357,E:\Data\winter\s1_84\ROIs2017_winter_s1_84_p357.png,E:\Data\winter\s2_84\ROIs2017_winter_s2_84_p357.png,False,low_texture,13.493393,44.120487,0.001736,65.998428,47.997381,E:\Data\winter\s1_84\ROIs2017_winter_s1_84_p357.png,E:\Data\winter\s2_84\ROIs2017_winter_s2_84_p357.png
winter,ROIs2017_winter_37_p1245,E:\Data\winter\s1_37\ROIs2017_winter_s1_37_p1245.png,E:\Data\winter\s2_37\ROIs2017_winter_s2_37_p1245.png,False,low_texture,9.012268,54.228072,0.0,47.380829,34.534259,E:\Data\winter\s1_37\ROIs2017_winter_s1_37_p1245.png,E:\Data\winter\s2_37\ROIs2017_winter_s2_37_p1245.png
fall,ROIs1970_fall_144_p433,E:\Data\fall\s1_144\ROIs1970_fall_s1_144_p433.png,E:\Data\fall\s2_144\ROIs1970_fall_s2_144_p433.png,False,low_texture,12.776581,10.757872,0.0,56.261887,38.66441,E:\Data\fall\s1_144\ROIs1970_fall_s1_144_p433.png,E:\Data\fall\s2_144\ROIs1970_fall_s2_144_p433.png
fall,ROIs1970_fall_144_p399,E:\Data\fall\s1_144\ROIs1970_fall_s1_144_p399.png,E:\Data\fall\s2_144\ROIs1970_fall_s2_144_p399.png,False,low_texture,11.951218,11.054679,0.0,56.034241,39.332949,E:\Data\fall\s1_144\ROIs1970_fall_s1_144_p399.png,E:\Data\fall\s2_144\ROIs1970_fall_s2_144_p399.png
winter,winter_img_temperate_p2593,E:\Data\winter\s1_170\winter_img_temperate_p2593.png,E:\Data\winter\s2_170\winter_img_temperate_p2593.png,False,low_texture,14.771088,11.486323,0.0,11.280441,8.898369,E:\Data\winter\s1_170\winter_img_temperate_p2593.png,E:\Data\winter\s2_170\winter_img_temperate_p2593.png
summer,summer_img_temperate_p474,E:\Data\summer\s1_160\summer_img_temperate_p474.png,E:\Data\summer\s2_160\summer_img_temperate_p474.png,False,low_texture,16.988525,14.987025,0.0,7.155807,9.235182,E:\Data\summer\s1_160\summer_img_temperate_p474.png,E:\Data\summer\s2_160\summer_img_temperate_p474.png
winter,ROIs2017_winter_134_p778,E:\Data\winter\s1_134\ROIs2017_winter_s1_134_p778.png,E:\Data\winter\s2_134\ROIs2017_winter_s2_134_p778.png,False,low_texture,3.187836,1.53905,0.0,36.293869,30.611553,E:\Data\winter\s1_134\ROIs2017_winter_s1_134_p778.png,E:\Data\winter\s2_134\ROIs2017_winter_s2_134_p778.png
fall,fall_img_tropical_p9384,E:\Data\fall\s1_150\fall_img_tropical_p9384.png,E:\Data\fall\s2_150\fall_img_tropical_p9384.png,False,low_texture,6.977982,7.274987,0.0,29.315948,20.533381,E:\Data\fall\s1_150\fall_img_tropical_p9384.png,E:\Data\fall\s2_150\fall_img_tropical_p9384.png
summer,ROIs1868_summer_45_p691,E:\Data\summer\s1_45\ROIs1868_summer_s1_45_p691.png,E:\Data\summer\s2_45\ROIs1868_summer_s2_45_p691.png,False,water_like,30.782623,56.672201,0.514323,56.588577,41.13607,E:\Data\summer\s1_45\ROIs1868_summer_s1_45_p691.png,E:\Data\summer\s2_45\ROIs1868_summer_s2_45_p691.png
spring,ROIs1158_spring_40_p1203,E:\Data\spring\s1_40\ROIs1158_spring_s1_40_p1203.png,E:\Data\spring\s2_40\ROIs1158_spring_s2_40_p1203.png,False,low_texture,12.16684,21.123386,0.0,33.460724,33.82737,E:\Data\spring\s1_40\ROIs1158_spring_s1_40_p1203.png,E:\Data\spring\s2_40\ROIs1158_spring_s2_40_p1203.png
spring,ROIs1158_spring_115_p247,E:\Data\spring\s1_115\ROIs1158_spring_s1_115_p247.png,E:\Data\spring\s2_115\ROIs1158_spring_s2_115_p247.png,False,low_texture,17.78688,17.474145,0.0,44.074356,36.035318,E:\Data\spring\s1_115\ROIs1158_spring_s1_115_p247.png,E:\Data\spring\s2_115\ROIs1158_spring_s2_115_p247.png
summer,ROIs1868_summer_95_p458,E:\Data\summer\s1_95\ROIs1868_summer_s1_95_p458.png,E:\Data\summer\s2_95\ROIs1868_summer_s2_95_p458.png,False,low_texture,11.492767,15.895815,0.036892,20.614151,15.362954,E:\Data\summer\s1_95\ROIs1868_summer_s1_95_p458.png,E:\Data\summer\s2_95\ROIs1868_summer_s2_95_p458.png
summer,summer_img_temperate_p2544,E:\Data\summer\s1_160\summer_img_temperate_p2544.png,E:\Data\summer\s2_160\summer_img_temperate_p2544.png,False,low_texture;sar_low_texture,15.518524,6.312328,0.0,5.031998,2.589403,E:\Data\summer\s1_160\summer_img_temperate_p2544.png,E:\Data\summer\s2_160\summer_img_temperate_p2544.png
fall,fall_img_temperate_p4368,E:\Data\fall\s1_150\fall_img_temperate_p4368.png,E:\Data\fall\s2_150\fall_img_temperate_p4368.png,False,low_texture,14.822388,13.103073,0.0,9.843597,5.813212,E:\Data\fall\s1_150\fall_img_temperate_p4368.png,E:\Data\fall\s2_150\fall_img_temperate_p4368.png
fall,ROIs1970_fall_109_p60,E:\Data\fall\s1_109\ROIs1970_fall_s1_109_p60.png,E:\Data\fall\s2_109\ROIs1970_fall_s2_109_p60.png,False,water_like,24.532852,71.127302,0.55816,52.212982,42.641017,E:\Data\fall\s1_109\ROIs1970_fall_s1_109_p60.png,E:\Data\fall\s2_109\ROIs1970_fall_s2_109_p60.png
summer,ROIs1868_summer_45_p224,E:\Data\summer\s1_45\ROIs1868_summer_s1_45_p224.png,E:\Data\summer\s2_45\ROIs1868_summer_s2_45_p224.png,False,water_like,37.726105,53.140301,0.564236,55.293701,42.450041,E:\Data\summer\s1_45\ROIs1868_summer_s1_45_p224.png,E:\Data\summer\s2_45\ROIs1868_summer_s2_45_p224.png
fall,fall_img_tropical_p8723,E:\Data\fall\s1_150\fall_img_tropical_p8723.png,E:\Data\fall\s2_150\fall_img_tropical_p8723.png,False,low_texture,5.593353,6.540028,0.0,33.922546,16.381223,E:\Data\fall\s1_150\fall_img_tropical_p8723.png,E:\Data\fall\s2_150\fall_img_tropical_p8723.png
spring,ROIs1158_spring_17_p230,E:\Data\spring\s1_17\ROIs1158_spring_s1_17_p230.png,E:\Data\spring\s2_17\ROIs1158_spring_s2_17_p230.png,False,low_texture,7.842392,28.847982,0.000434,35.462128,31.035014,E:\Data\spring\s1_17\ROIs1158_spring_s1_17_p230.png,E:\Data\spring\s2_17\ROIs1158_spring_s2_17_p230.png
summer,ROIs1868_summer_57_p121,E:\Data\summer\s1_57\ROIs1868_summer_s1_57_p121.png,E:\Data\summer\s2_57\ROIs1868_summer_s2_57_p121.png,False,water_like,27.686829,56.073278,0.602865,42.406387,42.845619,E:\Data\summer\s1_57\ROIs1868_summer_s1_57_p121.png,E:\Data\summer\s2_57\ROIs1868_summer_s2_57_p121.png
winter,winter_img_temperate_p4735,E:\Data\winter\s1_170\winter_img_temperate_p4735.png,E:\Data\winter\s2_170\winter_img_temperate_p4735.png,False,low_texture,23.318451,14.863102,0.0,5.857208,4.422774,E:\Data\winter\s1_170\winter_img_temperate_p4735.png,E:\Data\winter\s2_170\winter_img_temperate_p4735.png
spring,ROIs1158_spring_86_p368,E:\Data\spring\s1_86\ROIs1158_spring_s1_86_p368.png,E:\Data\spring\s2_86\ROIs1158_spring_s2_86_p368.png,False,water_like,24.41069,41.675996,0.974826,47.295364,49.673166,E:\Data\spring\s1_86\ROIs1158_spring_s1_86_p368.png,E:\Data\spring\s2_86\ROIs1158_spring_s2_86_p368.png
spring,ROIs1158_spring_79_p457,E:\Data\spring\s1_79\ROIs1158_spring_s1_79_p457.png,E:\Data\spring\s2_79\ROIs1158_spring_s2_79_p457.png,False,water_like,43.65535,26.964014,0.609809,73.284409,50.107696,E:\Data\spring\s1_79\ROIs1158_spring_s1_79_p457.png,E:\Data\spring\s2_79\ROIs1158_spring_s2_79_p457.png
winter,ROIs2017_winter_58_p838,E:\Data\winter\s1_58\ROIs2017_winter_s1_58_p838.png,E:\Data\winter\s2_58\ROIs2017_winter_s2_58_p838.png,False,water_like,42.570129,37.182286,0.680122,72.881882,49.782532,E:\Data\winter\s1_58\ROIs2017_winter_s1_58_p838.png,E:\Data\winter\s2_58\ROIs2017_winter_s2_58_p838.png
fall,ROIs1970_fall_116_p1896,E:\Data\fall\s1_116\ROIs1970_fall_s1_116_p1896.png,E:\Data\fall\s2_116\ROIs1970_fall_s2_116_p1896.png,False,water_like,14.991547,40.618223,0.501736,35.649872,44.489315,E:\Data\fall\s1_116\ROIs1970_fall_s1_116_p1896.png,E:\Data\fall\s2_116\ROIs1970_fall_s2_116_p1896.png
summer,ROIs1868_summer_90_p271,E:\Data\summer\s1_90\ROIs1868_summer_s1_90_p271.png,E:\Data\summer\s2_90\ROIs1868_summer_s2_90_p271.png,False,low_texture,1.856918,0.796805,0.0,51.24736,35.452574,E:\Data\summer\s1_90\ROIs1868_summer_s1_90_p271.png,E:\Data\summer\s2_90\ROIs1868_summer_s2_90_p271.png
summer,summer_img_temperate_p5569,E:\Data\summer\s1_160\summer_img_temperate_p5569.png,E:\Data\summer\s2_160\summer_img_temperate_p5569.png,False,low_texture,11.242569,13.198435,0.0,8.664795,6.757208,E:\Data\summer\s1_160\summer_img_temperate_p5569.png,E:\Data\summer\s2_160\summer_img_temperate_p5569.png
fall,ROIs1970_fall_109_p397,E:\Data\fall\s1_109\ROIs1970_fall_s1_109_p397.png,E:\Data\fall\s2_109\ROIs1970_fall_s2_109_p397.png,False,water_like,20.850845,47.56272,0.454861,47.657043,66.883069,E:\Data\fall\s1_109\ROIs1970_fall_s1_109_p397.png,E:\Data\fall\s2_109\ROIs1970_fall_s2_109_p397.png
summer,summer_img_temperate_p3612,E:\Data\summer\s1_160\summer_img_temperate_p3612.png,E:\Data\summer\s2_160\summer_img_temperate_p3612.png,False,sar_low_texture,24.706253,23.4571,0.0,4.915863,5.429772,E:\Data\summer\s1_160\summer_img_temperate_p3612.png,E:\Data\summer\s2_160\summer_img_temperate_p3612.png
winter,winter_img_temperate_p921,E:\Data\winter\s1_170\winter_img_temperate_p921.png,E:\Data\winter\s2_170\winter_img_temperate_p921.png,False,low_texture,22.763153,15.922942,0.0,7.7957,17.274039,E:\Data\winter\s1_170\winter_img_temperate_p921.png,E:\Data\winter\s2_170\winter_img_temperate_p921.png
fall,fall_img_tropical_p9729,E:\Data\fall\s1_150\fall_img_tropical_p9729.png,E:\Data\fall\s2_150\fall_img_tropical_p9729.png,False,low_texture,9.922104,11.420652,0.0,32.308685,19.110509,E:\Data\fall\s1_150\fall_img_tropical_p9729.png,E:\Data\fall\s2_150\fall_img_tropical_p9729.png
summer,ROIs1868_summer_132_p189,E:\Data\summer\s1_132\ROIs1868_summer_s1_132_p189.png,E:\Data\summer\s2_132\ROIs1868_summer_s2_132_p189.png,False,low_texture,10.641876,17.619061,0.001736,63.229797,49.186732,E:\Data\summer\s1_132\ROIs1868_summer_s1_132_p189.png,E:\Data\summer\s2_132\ROIs1868_summer_s2_132_p189.png
summer,ROIs1868_summer_90_p777,E:\Data\summer\s1_90\ROIs1868_summer_s1_90_p777.png,E:\Data\summer\s2_90\ROIs1868_summer_s2_90_p777.png,False,low_texture,10.930466,40.452157,0.0,31.602036,84.490384,E:\Data\summer\s1_90\ROIs1868_summer_s1_90_p777.png,E:\Data\summer\s2_90\ROIs1868_summer_s2_90_p777.png
fall,fall_img_temperate_p1229,E:\Data\fall\s1_150\fall_img_temperate_p1229.png,E:\Data\fall\s2_150\fall_img_temperate_p1229.png,False,low_texture;sar_low_texture,12.584412,7.097521,0.0,7.656418,3.804404,E:\Data\fall\s1_150\fall_img_temperate_p1229.png,E:\Data\fall\s2_150\fall_img_temperate_p1229.png
summer,ROIs1868_summer_106_p317,E:\Data\summer\s1_106\ROIs1868_summer_s1_106_p317.png,E:\Data\summer\s2_106\ROIs1868_summer_s2_106_p317.png,False,low_texture,11.394562,19.991765,0.0,56.341721,39.964732,E:\Data\summer\s1_106\ROIs1868_summer_s1_106_p317.png,E:\Data\summer\s2_106\ROIs1868_summer_s2_106_p317.png
winter,winter_img_temperate_p2214,E:\Data\winter\s1_170\winter_img_temperate_p2214.png,E:\Data\winter\s2_170\winter_img_temperate_p2214.png,False,low_texture,22.564407,13.833683,0.0,5.994522,9.067188,E:\Data\winter\s1_170\winter_img_temperate_p2214.png,E:\Data\winter\s2_170\winter_img_temperate_p2214.png
winter,ROIs2017_winter_33_p1554,E:\Data\winter\s1_33\ROIs2017_winter_s1_33_p1554.png,E:\Data\winter\s2_33\ROIs2017_winter_s2_33_p1554.png,False,low_texture,13.138306,52.126084,0.028212,57.252457,41.840077,E:\Data\winter\s1_33\ROIs2017_winter_s1_33_p1554.png,E:\Data\winter\s2_33\ROIs2017_winter_s2_33_p1554.png
spring,ROIs1158_spring_86_p581,E:\Data\spring\s1_86\ROIs1158_spring_s1_86_p581.png,E:\Data\spring\s2_86\ROIs1158_spring_s2_86_p581.png,False,water_like,27.405106,35.974527,0.989149,45.737167,55.072744,E:\Data\spring\s1_86\ROIs1158_spring_s1_86_p581.png,E:\Data\spring\s2_86\ROIs1158_spring_s2_86_p581.png
fall,fall_img_temperate_p4546,E:\Data\fall\s1_150\fall_img_temperate_p4546.png,E:\Data\fall\s2_150\fall_img_temperate_p4546.png,False,low_texture,18.792068,17.160081,0.0,9.469101,8.21493,E:\Data\fall\s1_150\fall_img_temperate_p4546.png,E:\Data\fall\s2_150\fall_img_temperate_p4546.png
winter,ROIs2017_winter_56_p1096,E:\Data\winter\s1_56\ROIs2017_winter_s1_56_p1096.png,E:\Data\winter\s2_56\ROIs2017_winter_s2_56_p1096.png,False,water_like,25.003525,31.210353,0.831597,35.883759,33.913386,E:\Data\winter\s1_56\ROIs2017_winter_s1_56_p1096.png,E:\Data\winter\s2_56\ROIs2017_winter_s2_56_p1096.png
winter,winter_img_temperate_p923,E:\Data\winter\s1_170\winter_img_temperate_p923.png,E:\Data\winter\s2_170\winter_img_temperate_p923.png,False,low_texture,22.975983,13.564302,0.0,6.645889,10.461269,E:\Data\winter\s1_170\winter_img_temperate_p923.png,E:\Data\winter\s2_170\winter_img_temperate_p923.png
summer,ROIs1868_summer_25_p865,E:\Data\summer\s1_25\ROIs1868_summer_s1_25_p865.png,E:\Data\summer\s2_25\ROIs1868_summer_s2_25_p865.png,False,low_texture,10.868622,41.27907,0.0,39.11554,56.401055,E:\Data\summer\s1_25\ROIs1868_summer_s1_25_p865.png,E:\Data\summer\s2_25\ROIs1868_summer_s2_25_p865.png
winter,winter_img_temperate_p1187,E:\Data\winter\s1_170\winter_img_temperate_p1187.png,E:\Data\winter\s2_170\winter_img_temperate_p1187.png,False,low_texture,22.218964,17.168697,0.0,26.218399,37.015331,E:\Data\winter\s1_170\winter_img_temperate_p1187.png,E:\Data\winter\s2_170\winter_img_temperate_p1187.png
spring,ROIs1158_spring_101_p1474,E:\Data\spring\s1_101\ROIs1158_spring_s1_101_p1474.png,E:\Data\spring\s2_101\ROIs1158_spring_s2_101_p1474.png,False,water_like,21.354309,22.601609,0.682726,62.059631,49.751139,E:\Data\spring\s1_101\ROIs1158_spring_s1_101_p1474.png,E:\Data\spring\s2_101\ROIs1158_spring_s2_101_p1474.png
winter,winter_img_temperate_p4156,E:\Data\winter\s1_170\winter_img_temperate_p4156.png,E:\Data\winter\s2_170\winter_img_temperate_p4156.png,False,low_texture,32.149551,15.995133,0.0,5.986679,4.649171,E:\Data\winter\s1_170\winter_img_temperate_p4156.png,E:\Data\winter\s2_170\winter_img_temperate_p4156.png
spring,ROIs1158_spring_3_p779,E:\Data\spring\s1_3\ROIs1158_spring_s1_3_p779.png,E:\Data\spring\s2_3\ROIs1158_spring_s2_3_p779.png,False,low_texture;water_like,5.606354,2.669504,1.0,33.692047,20.437958,E:\Data\spring\s1_3\ROIs1158_spring_s1_3_p779.png,E:\Data\spring\s2_3\ROIs1158_spring_s2_3_p779.png
fall,fall_img_temperate_p1764,E:\Data\fall\s1_150\fall_img_temperate_p1764.png,E:\Data\fall\s2_150\fall_img_temperate_p1764.png,False,low_texture,19.490173,11.887978,0.0,6.971863,4.441932,E:\Data\fall\s1_150\fall_img_temperate_p1764.png,E:\Data\fall\s2_150\fall_img_temperate_p1764.png
summer,ROIs1868_summer_90_p198,E:\Data\summer\s1_90\ROIs1868_summer_s1_90_p198.png,E:\Data\summer\s2_90\ROIs1868_summer_s2_90_p198.png,False,low_texture,1.870087,1.054059,0.0,51.513351,37.415382,E:\Data\summer\s1_90\ROIs1868_summer_s1_90_p198.png,E:\Data\summer\s2_90\ROIs1868_summer_s2_90_p198.png
spring,ROIs1158_spring_87_p461,E:\Data\spring\s1_87\ROIs1158_spring_s1_87_p461.png,E:\Data\spring\s2_87\ROIs1158_spring_s2_87_p461.png,False,water_like,54.989029,35.027584,0.75434,66.906464,42.811675,E:\Data\spring\s1_87\ROIs1158_spring_s1_87_p461.png,E:\Data\spring\s2_87\ROIs1158_spring_s2_87_p461.png
winter,winter_img_temperate_p7568,E:\Data\winter\s1_170\winter_img_temperate_p7568.png,E:\Data\winter\s2_170\winter_img_temperate_p7568.png,False,low_texture,20.220306,15.852285,0.0,12.8349,13.272068,E:\Data\winter\s1_170\winter_img_temperate_p7568.png,E:\Data\winter\s2_170\winter_img_temperate_p7568.png
summer,ROIs1868_summer_54_p1126,E:\Data\summer\s1_54\ROIs1868_summer_s1_54_p1126.png,E:\Data\summer\s2_54\ROIs1868_summer_s2_54_p1126.png,False,low_texture;water_like,13.167343,25.619117,0.884983,31.316513,30.712005,E:\Data\summer\s1_54\ROIs1868_summer_s1_54_p1126.png,E:\Data\summer\s2_54\ROIs1868_summer_s2_54_p1126.png
winter,ROIs2017_winter_101_p929,E:\Data\winter\s1_101\ROIs2017_winter_s1_101_p929.png,E:\Data\winter\s2_101\ROIs2017_winter_s2_101_p929.png,False,low_texture;water_like,10.109344,28.056289,0.862847,50.250458,39.324508,E:\Data\winter\s1_101\ROIs2017_winter_s1_101_p929.png,E:\Data\winter\s2_101\ROIs2017_winter_s2_101_p929.png
fall,ROIs1970_fall_129_p1589,E:\Data\fall\s1_129\ROIs1970_fall_s1_129_p1589.png,E:\Data\fall\s2_129\ROIs1970_fall_s2_129_p1589.png,False,water_like,16.47699,29.699128,0.400608,54.232056,51.520323,E:\Data\fall\s1_129\ROIs1970_fall_s1_129_p1589.png,E:\Data\fall\s2_129\ROIs1970_fall_s2_129_p1589.png
fall,ROIs1970_fall_7_p136,E:\Data\fall\s1_7\ROIs1970_fall_s1_7_p136.png,E:\Data\fall\s2_7\ROIs1970_fall_s2_7_p136.png,False,water_like,19.692703,26.619486,0.917535,42.270279,37.263646,E:\Data\fall\s1_7\ROIs1970_fall_s1_7_p136.png,E:\Data\fall\s2_7\ROIs1970_fall_s2_7_p136.png
summer,ROIs1868_summer_115_p143,E:\Data\summer\s1_115\ROIs1868_summer_s1_115_p143.png,E:\Data\summer\s2_115\ROIs1868_summer_s2_115_p143.png,False,low_texture;water_like,13.393204,26.266729,0.739149,49.444809,36.630972,E:\Data\summer\s1_115\ROIs1868_summer_s1_115_p143.png,E:\Data\summer\s2_115\ROIs1868_summer_s2_115_p143.png
fall,ROIs1970_fall_37_p221,E:\Data\fall\s1_37\ROIs1970_fall_s1_37_p221.png,E:\Data\fall\s2_37\ROIs1970_fall_s2_37_p221.png,False,low_texture,12.949448,17.657055,0.0,47.476669,39.442745,E:\Data\fall\s1_37\ROIs1970_fall_s1_37_p221.png,E:\Data\fall\s2_37\ROIs1970_fall_s2_37_p221.png
winter,ROIs2017_winter_10_p18,E:\Data\winter\s1_10\ROIs2017_winter_s1_10_p18.png,E:\Data\winter\s2_10\ROIs2017_winter_s2_10_p18.png,False,water_like,31.306747,43.118412,0.575521,48.01358,59.158942,E:\Data\winter\s1_10\ROIs2017_winter_s1_10_p18.png,E:\Data\winter\s2_10\ROIs2017_winter_s2_10_p18.png
winter,winter_img_temperate_p860,E:\Data\winter\s1_170\winter_img_temperate_p860.png,E:\Data\winter\s2_170\winter_img_temperate_p860.png,False,low_texture,22.026871,13.798833,0.0,6.867569,9.887742,E:\Data\winter\s1_170\winter_img_temperate_p860.png,E:\Data\winter\s2_170\winter_img_temperate_p860.png
spring,ROIs1158_spring_49_p302,E:\Data\spring\s1_49\ROIs1158_spring_s1_49_p302.png,E:\Data\spring\s2_49\ROIs1158_spring_s2_49_p302.png,False,low_texture;water_like,14.45694,16.075219,0.946181,41.056381,34.349768,E:\Data\spring\s1_49\ROIs1158_spring_s1_49_p302.png,E:\Data\spring\s2_49\ROIs1158_spring_s2_49_p302.png
summer,ROIs1868_summer_127_p398,E:\Data\summer\s1_127\ROIs1868_summer_s1_127_p398.png,E:\Data\summer\s2_127\ROIs1868_summer_s2_127_p398.png,False,low_texture,13.925171,15.920629,0.0,41.003891,28.710023,E:\Data\summer\s1_127\ROIs1868_summer_s1_127_p398.png,E:\Data\summer\s2_127\ROIs1868_summer_s2_127_p398.png
spring,ROIs1158_spring_71_p104,E:\Data\spring\s1_71\ROIs1158_spring_s1_71_p104.png,E:\Data\spring\s2_71\ROIs1158_spring_s2_71_p104.png,False,low_texture,37.541077,17.284033,0.045139,71.026062,48.422144,E:\Data\spring\s1_71\ROIs1158_spring_s1_71_p104.png,E:\Data\spring\s2_71\ROIs1158_spring_s2_71_p104.png
spring,ROIs1158_spring_40_p1265,E:\Data\spring\s1_40\ROIs1158_spring_s1_40_p1265.png,E:\Data\spring\s2_40\ROIs1158_spring_s2_40_p1265.png,False,low_texture,12.951019,25.835052,0.011719,33.494003,40.103464,E:\Data\spring\s1_40\ROIs1158_spring_s1_40_p1265.png,E:\Data\spring\s2_40\ROIs1158_spring_s2_40_p1265.png
spring,ROIs1158_spring_40_p1025,E:\Data\spring\s1_40\ROIs1158_spring_s1_40_p1025.png,E:\Data\spring\s2_40\ROIs1158_spring_s2_40_p1025.png,False,low_texture,11.260025,26.483508,0.0,33.412476,32.533159,E:\Data\spring\s1_40\ROIs1158_spring_s1_40_p1025.png,E:\Data\spring\s2_40\ROIs1158_spring_s2_40_p1025.png
fall,ROIs1970_fall_109_p1963,E:\Data\fall\s1_109\ROIs1970_fall_s1_109_p1963.png,E:\Data\fall\s2_109\ROIs1970_fall_s2_109_p1963.png,False,low_texture;water_like,9.137192,48.519453,0.555556,52.472626,40.568529,E:\Data\fall\s1_109\ROIs1970_fall_s1_109_p1963.png,E:\Data\fall\s2_109\ROIs1970_fall_s2_109_p1963.png
spring,ROIs1158_spring_14_p233,E:\Data\spring\s1_14\ROIs1158_spring_s1_14_p233.png,E:\Data\spring\s2_14\ROIs1158_spring_s2_14_p233.png,False,low_texture,2.797379,3.02538,0.0,52.967346,32.664861,E:\Data\spring\s1_14\ROIs1158_spring_s1_14_p233.png,E:\Data\spring\s2_14\ROIs1158_spring_s2_14_p233.png
fall,fall_img_temperate_p816,E:\Data\fall\s1_150\fall_img_temperate_p816.png,E:\Data\fall\s2_150\fall_img_temperate_p816.png,False,low_texture,19.195602,17.21644,0.0,10.276474,13.705834,E:\Data\fall\s1_150\fall_img_temperate_p816.png,E:\Data\fall\s2_150\fall_img_temperate_p816.png
fall,fall_img_tropical_p11308,E:\Data\fall\s1_150\fall_img_tropical_p11308.png,E:\Data\fall\s2_150\fall_img_tropical_p11308.png,False,low_texture,7.685516,5.374318,0.0,36.067169,19.956206,E:\Data\fall\s1_150\fall_img_tropical_p11308.png,E:\Data\fall\s2_150\fall_img_tropical_p11308.png
fall,fall_img_tropical_p7934,E:\Data\fall\s1_150\fall_img_tropical_p7934.png,E:\Data\fall\s2_150\fall_img_tropical_p7934.png,False,low_texture,4.96579,4.883857,0.0,43.391556,19.500962,E:\Data\fall\s1_150\fall_img_tropical_p7934.png,E:\Data\fall\s2_150\fall_img_tropical_p7934.png
spring,ROIs1158_spring_136_p235,E:\Data\spring\s1_136\ROIs1158_spring_s1_136_p235.png,E:\Data\spring\s2_136\ROIs1158_spring_s2_136_p235.png,False,low_texture,13.253677,38.479266,0.0,65.89827,47.62861,E:\Data\spring\s1_136\ROIs1158_spring_s1_136_p235.png,E:\Data\spring\s2_136\ROIs1158_spring_s2_136_p235.png
fall,ROIs1970_fall_108_p89,E:\Data\fall\s1_108\ROIs1970_fall_s1_108_p89.png,E:\Data\fall\s2_108\ROIs1970_fall_s2_108_p89.png,False,low_texture,3.84053,1.775394,0.0,42.037018,29.889528,E:\Data\fall\s1_108\ROIs1970_fall_s1_108_p89.png,E:\Data\fall\s2_108\ROIs1970_fall_s2_108_p89.png
winter,winter_img_tropical_p147,E:\Data\winter\s1_172\winter_img_tropical_p147.png,E:\Data\winter\s2_172\winter_img_tropical_p147.png,False,low_texture,18.180313,16.484229,0.000434,35.991318,23.59739,E:\Data\winter\s1_172\winter_img_tropical_p147.png,E:\Data\winter\s2_172\winter_img_tropical_p147.png
fall,ROIs1970_fall_116_p1609,E:\Data\fall\s1_116\ROIs1970_fall_s1_116_p1609.png,E:\Data\fall\s2_116\ROIs1970_fall_s2_116_p1609.png,False,water_like,19.123276,34.422479,0.483073,37.352493,36.418974,E:\Data\fall\s1_116\ROIs1970_fall_s1_116_p1609.png,E:\Data\fall\s2_116\ROIs1970_fall_s2_116_p1609.png
summer,summer_img_temperate_p6603,E:\Data\summer\s1_160\summer_img_temperate_p6603.png,E:\Data\summer\s2_160\summer_img_temperate_p6603.png,False,low_texture,20.913452,16.49128,0.0,8.126816,7.587785,E:\Data\summer\s1_160\summer_img_temperate_p6603.png,E:\Data\summer\s2_160\summer_img_temperate_p6603.png
spring,ROIs1158_spring_42_p578,E:\Data\spring\s1_42\ROIs1158_spring_s1_42_p578.png,E:\Data\spring\s2_42\ROIs1158_spring_s2_42_p578.png,False,low_texture,13.62822,11.289552,0.0,47.371292,35.641904,E:\Data\spring\s1_42\ROIs1158_spring_s1_42_p578.png,E:\Data\spring\s2_42\ROIs1158_spring_s2_42_p578.png
summer,ROIs1868_summer_115_p709,E:\Data\summer\s1_115\ROIs1868_summer_s1_115_p709.png,E:\Data\summer\s2_115\ROIs1868_summer_s2_115_p709.png,False,low_texture,9.115753,9.885745,0.0,43.567902,38.334494,E:\Data\summer\s1_115\ROIs1868_summer_s1_115_p709.png,E:\Data\summer\s2_115\ROIs1868_summer_s2_115_p709.png
fall,ROIs1970_fall_115_p1012,E:\Data\fall\s1_115\ROIs1970_fall_s1_115_p1012.png,E:\Data\fall\s2_115\ROIs1970_fall_s2_115_p1012.png,False,low_texture,15.561874,17.727804,0.0,48.351028,36.140216,E:\Data\fall\s1_115\ROIs1970_fall_s1_115_p1012.png,E:\Data\fall\s2_115\ROIs1970_fall_s2_115_p1012.png
summer,ROIs1868_summer_135_p561,E:\Data\summer\s1_135\ROIs1868_summer_s1_135_p561.png,E:\Data\summer\s2_135\ROIs1868_summer_s2_135_p561.png,False,water_like,27.158035,26.056137,0.763021,63.238815,38.288815,E:\Data\summer\s1_135\ROIs1868_summer_s1_135_p561.png,E:\Data\summer\s2_135\ROIs1868_summer_s2_135_p561.png
spring,ROIs1158_spring_109_p124,E:\Data\spring\s1_109\ROIs1158_spring_s1_109_p124.png,E:\Data\spring\s2_109\ROIs1158_spring_s2_109_p124.png,False,water_like,32.586639,58.01399,0.61849,67.303955,46.81168,E:\Data\spring\s1_109\ROIs1158_spring_s1_109_p124.png,E:\Data\spring\s2_109\ROIs1158_spring_s2_109_p124.png
winter,ROIs2017_winter_102_p1058,E:\Data\winter\s1_102\ROIs2017_winter_s1_102_p1058.png,E:\Data\winter\s2_102\ROIs2017_winter_s2_102_p1058.png,False,low_texture,9.747528,13.302564,0.0,43.196182,34.276523,E:\Data\winter\s1_102\ROIs2017_winter_s1_102_p1058.png,E:\Data\winter\s2_102\ROIs2017_winter_s2_102_p1058.png
spring,spring_img_temperate_p583,E:\Data\spring\s1_155\spring_img_temperate_p583.png,E:\Data\spring\s2_155\spring_img_temperate_p583.png,False,low_texture,6.688705,4.361789,0.0,5.676636,4.075543,E:\Data\spring\s1_155\spring_img_temperate_p583.png,E:\Data\spring\s2_155\spring_img_temperate_p583.png
fall,ROIs1970_fall_67_p568,E:\Data\fall\s1_67\ROIs1970_fall_s1_67_p568.png,E:\Data\fall\s2_67\ROIs1970_fall_s2_67_p568.png,False,low_texture,12.947113,21.964905,0.0,51.459381,36.548728,E:\Data\fall\s1_67\ROIs1970_fall_s1_67_p568.png,E:\Data\fall\s2_67\ROIs1970_fall_s2_67_p568.png
winter,winter_img_temperate_p9983,E:\Data\winter\s1_170\winter_img_temperate_p9983.png,E:\Data\winter\s2_170\winter_img_temperate_p9983.png,False,low_texture,23.852676,16.970374,0.0,6.947311,7.423965,E:\Data\winter\s1_170\winter_img_temperate_p9983.png,E:\Data\winter\s2_170\winter_img_temperate_p9983.png
summer,ROIs1868_summer_119_p276,E:\Data\summer\s1_119\ROIs1868_summer_s1_119_p276.png,E:\Data\summer\s2_119\ROIs1868_summer_s2_119_p276.png,False,low_texture,10.809952,23.589003,0.001736,53.247437,37.662339,E:\Data\summer\s1_119\ROIs1868_summer_s1_119_p276.png,E:\Data\summer\s2_119\ROIs1868_summer_s2_119_p276.png
summer,summer_img_temperate_p6906,E:\Data\summer\s1_160\summer_img_temperate_p6906.png,E:\Data\summer\s2_160\summer_img_temperate_p6906.png,False,low_texture,6.864685,3.829776,0.0,11.403336,5.331396,E:\Data\summer\s1_160\summer_img_temperate_p6906.png,E:\Data\summer\s2_160\summer_img_temperate_p6906.png
winter,ROIs2017_winter_56_p1230,E:\Data\winter\s1_56\ROIs2017_winter_s1_56_p1230.png,E:\Data\winter\s2_56\ROIs2017_winter_s2_56_p1230.png,False,water_like,21.046875,29.85852,0.953125,33.841721,26.124298,E:\Data\winter\s1_56\ROIs2017_winter_s1_56_p1230.png,E:\Data\winter\s2_56\ROIs2017_winter_s2_56_p1230.png
winter,winter_img_temperate_p6954,E:\Data\winter\s1_170\winter_img_temperate_p6954.png,E:\Data\winter\s2_170\winter_img_temperate_p6954.png,False,low_texture,18.375885,15.225005,0.0,18.535446,13.316103,E:\Data\winter\s1_170\winter_img_temperate_p6954.png,E:\Data\winter\s2_170\winter_img_temperate_p6954.png
summer,summer_img_temperate_p1045,E:\Data\summer\s1_160\summer_img_temperate_p1045.png,E:\Data\summer\s2_160\summer_img_temperate_p1045.png,False,low_texture;sar_low_texture,10.99614,8.010423,0.0,4.765945,3.326552,E:\Data\summer\s1_160\summer_img_temperate_p1045.png,E:\Data\summer\s2_160\summer_img_temperate_p1045.png
summer,summer_img_temperate_p620,E:\Data\summer\s1_160\summer_img_temperate_p620.png,E:\Data\summer\s2_160\summer_img_temperate_p620.png,False,low_texture,11.821014,11.003451,0.0,7.430756,5.994949,E:\Data\summer\s1_160\summer_img_temperate_p620.png,E:\Data\summer\s2_160\summer_img_temperate_p620.png
summer,ROIs1868_summer_25_p689,E:\Data\summer\s1_25\ROIs1868_summer_s1_25_p689.png,E:\Data\summer\s2_25\ROIs1868_summer_s2_25_p689.png,False,low_texture,12.818649,16.008263,0.0,37.438461,22.52924,E:\Data\summer\s1_25\ROIs1868_summer_s1_25_p689.png,E:\Data\summer\s2_25\ROIs1868_summer_s2_25_p689.png
fall,fall_img_temperate_p2626,E:\Data\fall\s1_150\fall_img_temperate_p2626.png,E:\Data\fall\s2_150\fall_img_temperate_p2626.png,False,low_texture,21.62529,9.746359,0.0,7.838089,4.502561,E:\Data\fall\s1_150\fall_img_temperate_p2626.png,E:\Data\fall\s2_150\fall_img_temperate_p2626.png
fall,ROIs1970_fall_109_p1565,E:\Data\fall\s1_109\ROIs1970_fall_s1_109_p1565.png,E:\Data\fall\s2_109\ROIs1970_fall_s2_109_p1565.png,False,low_texture;water_like,11.021957,64.066733,0.629774,53.506088,49.498949,E:\Data\fall\s1_109\ROIs1970_fall_s1_109_p1565.png,E:\Data\fall\s2_109\ROIs1970_fall_s2_109_p1565.png
summer,ROIs1868_summer_102_p276,E:\Data\summer\s1_102\ROIs1868_summer_s1_102_p276.png,E:\Data\summer\s2_102\ROIs1868_summer_s2_102_p276.png,False,low_texture,7.711792,11.624503,0.0,47.046982,32.277388,E:\Data\summer\s1_102\ROIs1868_summer_s1_102_p276.png,E:\Data\summer\s2_102\ROIs1868_summer_s2_102_p276.png
fall,ROIs1970_fall_129_p1695,E:\Data\fall\s1_129\ROIs1970_fall_s1_129_p1695.png,E:\Data\fall\s2_129\ROIs1970_fall_s2_129_p1695.png,False,water_like,14.683243,26.61117,0.382812,53.407761,43.25724,E:\Data\fall\s1_129\ROIs1970_fall_s1_129_p1695.png,E:\Data\fall\s2_129\ROIs1970_fall_s2_129_p1695.png
summer,summer_img_temperate_p3190,E:\Data\summer\s1_160\summer_img_temperate_p3190.png,E:\Data\summer\s2_160\summer_img_temperate_p3190.png,False,low_texture;sar_low_texture,14.111069,8.102012,0.0,5.569534,3.294763,E:\Data\summer\s1_160\summer_img_temperate_p3190.png,E:\Data\summer\s2_160\summer_img_temperate_p3190.png
summer,ROIs1868_summer_148_p487,E:\Data\summer\s1_148\ROIs1868_summer_s1_148_p487.png,E:\Data\summer\s2_148\ROIs1868_summer_s2_148_p487.png,False,low_texture,16.019699,16.277037,0.0,50.626343,56.413684,E:\Data\summer\s1_148\ROIs1868_summer_s1_148_p487.png,E:\Data\summer\s2_148\ROIs1868_summer_s2_148_p487.png
spring,ROIs1158_spring_59_p578,E:\Data\spring\s1_59\ROIs1158_spring_s1_59_p578.png,E:\Data\spring\s2_59\ROIs1158_spring_s2_59_p578.png,False,water_like,32.181015,37.623572,0.852865,62.21756,46.409495,E:\Data\spring\s1_59\ROIs1158_spring_s1_59_p578.png,E:\Data\spring\s2_59\ROIs1158_spring_s2_59_p578.png
fall,fall_img_tropical_p6909,E:\Data\fall\s1_150\fall_img_tropical_p6909.png,E:\Data\fall\s2_150\fall_img_tropical_p6909.png,False,low_texture,6.58345,2.366687,0.0,34.912033,15.486319,E:\Data\fall\s1_150\fall_img_tropical_p6909.png,E:\Data\fall\s2_150\fall_img_tropical_p6909.png
winter,winter_img_temperate_p10345,E:\Data\winter\s1_170\winter_img_temperate_p10345.png,E:\Data\winter\s2_170\winter_img_temperate_p10345.png,False,low_texture,18.665558,15.974851,0.0,15.896301,11.844762,E:\Data\winter\s1_170\winter_img_temperate_p10345.png,E:\Data\winter\s2_170\winter_img_temperate_p10345.png
spring,ROIs1158_spring_101_p944,E:\Data\spring\s1_101\ROIs1158_spring_s1_101_p944.png,E:\Data\spring\s2_101\ROIs1158_spring_s2_101_p944.png,False,water_like,23.279297,33.893041,0.404514,62.272064,49.77254,E:\Data\spring\s1_101\ROIs1158_spring_s1_101_p944.png,E:\Data\spring\s2_101\ROIs1158_spring_s2_101_p944.png
fall,ROIs1970_fall_116_p189,E:\Data\fall\s1_116\ROIs1970_fall_s1_116_p189.png,E:\Data\fall\s2_116\ROIs1970_fall_s2_116_p189.png,False,low_texture,13.665649,64.590719,0.344618,37.395782,46.158004,E:\Data\fall\s1_116\ROIs1970_fall_s1_116_p189.png,E:\Data\fall\s2_116\ROIs1970_fall_s2_116_p189.png
spring,ROIs1158_spring_86_p233,E:\Data\spring\s1_86\ROIs1158_spring_s1_86_p233.png,E:\Data\spring\s2_86\ROIs1158_spring_s2_86_p233.png,False,water_like,20.673141,30.035131,0.999566,48.794983,63.144453,E:\Data\spring\s1_86\ROIs1158_spring_s1_86_p233.png,E:\Data\spring\s2_86\ROIs1158_spring_s2_86_p233.png
fall,fall_img_tropical_p8613,E:\Data\fall\s1_150\fall_img_tropical_p8613.png,E:\Data\fall\s2_150\fall_img_tropical_p8613.png,False,low_texture,5.553909,5.192878,0.0,38.590225,21.414124,E:\Data\fall\s1_150\fall_img_tropical_p8613.png,E:\Data\fall\s2_150\fall_img_tropical_p8613.png
summer,ROIs1868_summer_88_p1006,E:\Data\summer\s1_88\ROIs1868_summer_s1_88_p1006.png,E:\Data\summer\s2_88\ROIs1868_summer_s2_88_p1006.png,False,low_texture,8.023834,9.760038,0.0,41.149826,33.125021,E:\Data\summer\s1_88\ROIs1868_summer_s1_88_p1006.png,E:\Data\summer\s2_88\ROIs1868_summer_s2_88_p1006.png
winter,winter_img_temperate_p1119,E:\Data\winter\s1_171\winter_img_temperate_p1119.png,E:\Data\winter\s2_171\winter_img_temperate_p1119.png,False,low_texture,22.612,16.294823,0.001302,6.899948,9.472742,E:\Data\winter\s1_171\winter_img_temperate_p1119.png,E:\Data\winter\s2_171\winter_img_temperate_p1119.png
fall,ROIs1970_fall_7_p441,E:\Data\fall\s1_7\ROIs1970_fall_s1_7_p441.png,E:\Data\fall\s2_7\ROIs1970_fall_s2_7_p441.png,False,water_like,23.920914,21.459519,0.987413,44.811172,43.202972,E:\Data\fall\s1_7\ROIs1970_fall_s1_7_p441.png,E:\Data\fall\s2_7\ROIs1970_fall_s2_7_p441.png
spring,ROIs1158_spring_54_p1119,E:\Data\spring\s1_54\ROIs1158_spring_s1_54_p1119.png,E:\Data\spring\s2_54\ROIs1158_spring_s2_54_p1119.png,False,water_like,33.994629,36.274833,0.89974,51.44397,58.680967,E:\Data\spring\s1_54\ROIs1158_spring_s1_54_p1119.png,E:\Data\spring\s2_54\ROIs1158_spring_s2_54_p1119.png
spring,ROIs1158_spring_40_p492,E:\Data\spring\s1_40\ROIs1158_spring_s1_40_p492.png,E:\Data\spring\s2_40\ROIs1158_spring_s2_40_p492.png,False,low_texture,10.504471,19.462598,0.0,33.812622,29.97322,E:\Data\spring\s1_40\ROIs1158_spring_s1_40_p492.png,E:\Data\spring\s2_40\ROIs1158_spring_s2_40_p492.png
winter,winter_img_temperate_p8145,E:\Data\winter\s1_170\winter_img_temperate_p8145.png,E:\Data\winter\s2_170\winter_img_temperate_p8145.png,False,low_texture,8.29718,12.170448,0.0,16.643112,11.766888,E:\Data\winter\s1_170\winter_img_temperate_p8145.png,E:\Data\winter\s2_170\winter_img_temperate_p8145.png
spring,ROIs1158_spring_42_p603,E:\Data\spring\s1_42\ROIs1158_spring_s1_42_p603.png,E:\Data\spring\s2_42\ROIs1158_spring_s2_42_p603.png,False,low_texture,9.051636,28.221727,0.018663,41.155075,37.691885,E:\Data\spring\s1_42\ROIs1158_spring_s1_42_p603.png,E:\Data\spring\s2_42\ROIs1158_spring_s2_42_p603.png
winter,ROIs2017_winter_146_p1941,E:\Data\winter\s1_146\ROIs2017_winter_s1_146_p1941.png,E:\Data\winter\s2_146\ROIs2017_winter_s2_146_p1941.png,False,low_texture;water_like,13.187668,31.585718,0.860677,60.812851,46.869676,E:\Data\winter\s1_146\ROIs2017_winter_s1_146_p1941.png,E:\Data\winter\s2_146\ROIs2017_winter_s2_146_p1941.png
fall,ROIs1970_fall_71_p38,E:\Data\fall\s1_71\ROIs1970_fall_s1_71_p38.png,E:\Data\fall\s2_71\ROIs1970_fall_s2_71_p38.png,False,water_like,32.447128,35.256589,0.374132,46.66037,64.764566,E:\Data\fall\s1_71\ROIs1970_fall_s1_71_p38.png,E:\Data\fall\s2_71\ROIs1970_fall_s2_71_p38.png
winter,ROIs2017_winter_35_p951,E:\Data\winter\s1_35\ROIs2017_winter_s1_35_p951.png,E:\Data\winter\s2_35\ROIs2017_winter_s2_35_p951.png,False,low_texture,13.882202,28.378637,0.0,38.899002,37.008429,E:\Data\winter\s1_35\ROIs2017_winter_s1_35_p951.png,E:\Data\winter\s2_35\ROIs2017_winter_s2_35_p951.png
spring,ROIs1158_spring_7_p749,E:\Data\spring\s1_7\ROIs1158_spring_s1_7_p749.png,E:\Data\spring\s2_7\ROIs1158_spring_s2_7_p749.png,False,low_texture,12.78273,16.16594,0.0,43.03688,36.960752,E:\Data\spring\s1_7\ROIs1158_spring_s1_7_p749.png,E:\Data\spring\s2_7\ROIs1158_spring_s2_7_p749.png
winter,ROIs2017_winter_111_p797,E:\Data\winter\s1_111\ROIs2017_winter_s1_111_p797.png,E:\Data\winter\s2_111\ROIs2017_winter_s2_111_p797.png,False,water_like,27.298355,52.99287,0.365885,50.870804,52.925753,E:\Data\winter\s1_111\ROIs2017_winter_s1_111_p797.png,E:\Data\winter\s2_111\ROIs2017_winter_s2_111_p797.png
fall,fall_img_temperate_p294,E:\Data\fall\s1_150\fall_img_temperate_p294.png,E:\Data\fall\s2_150\fall_img_temperate_p294.png,False,low_texture;sar_low_texture,11.032669,9.111329,0.0,4.490433,3.94572,E:\Data\fall\s1_150\fall_img_temperate_p294.png,E:\Data\fall\s2_150\fall_img_temperate_p294.png
spring,ROIs1158_spring_24_p988,E:\Data\spring\s1_24\ROIs1158_spring_s1_24_p988.png,E:\Data\spring\s2_24\ROIs1158_spring_s2_24_p988.png,False,water_like,27.476807,29.171968,0.536024,40.736572,37.809856,E:\Data\spring\s1_24\ROIs1158_spring_s1_24_p988.png,E:\Data\spring\s2_24\ROIs1158_spring_s2_24_p988.png
summer,ROIs1868_summer_41_p273,E:\Data\summer\s1_41\ROIs1868_summer_s1_41_p273.png,E:\Data\summer\s2_41\ROIs1868_summer_s2_41_p273.png,False,low_texture;water_like,4.766953,5.533365,0.486979,30.932999,20.874031,E:\Data\summer\s1_41\ROIs1868_summer_s1_41_p273.png,E:\Data\summer\s2_41\ROIs1868_summer_s2_41_p273.png
fall,ROIs1970_fall_109_p21,E:\Data\fall\s1_109\ROIs1970_fall_s1_109_p21.png,E:\Data\fall\s2_109\ROIs1970_fall_s2_109_p21.png,False,water_like,18.393921,59.41497,0.652344,52.771637,40.646329,E:\Data\fall\s1_109\ROIs1970_fall_s1_109_p21.png,E:\Data\fall\s2_109\ROIs1970_fall_s2_109_p21.png
fall,ROIs1970_fall_121_p101,E:\Data\fall\s1_121\ROIs1970_fall_s1_121_p101.png,E:\Data\fall\s2_121\ROIs1970_fall_s2_121_p101.png,False,low_texture,13.25621,31.073745,0.0,44.577454,50.247225,E:\Data\fall\s1_121\ROIs1970_fall_s1_121_p101.png,E:\Data\fall\s2_121\ROIs1970_fall_s2_121_p101.png
summer,ROIs1868_summer_57_p294,E:\Data\summer\s1_57\ROIs1868_summer_s1_57_p294.png,E:\Data\summer\s2_57\ROIs1868_summer_s2_57_p294.png,False,water_like,32.356003,53.630463,0.375434,43.276443,56.740221,E:\Data\summer\s1_57\ROIs1868_summer_s1_57_p294.png,E:\Data\summer\s2_57\ROIs1868_summer_s2_57_p294.png
spring,ROIs1158_spring_59_p976,E:\Data\spring\s1_59\ROIs1158_spring_s1_59_p976.png,E:\Data\spring\s2_59\ROIs1158_spring_s2_59_p976.png,False,water_like,28.909531,64.043377,0.936198,60.411942,48.385758,E:\Data\spring\s1_59\ROIs1158_spring_s1_59_p976.png,E:\Data\spring\s2_59\ROIs1158_spring_s2_59_p976.png
fall,ROIs1970_fall_116_p1587,E:\Data\fall\s1_116\ROIs1970_fall_s1_116_p1587.png,E:\Data\fall\s2_116\ROIs1970_fall_s2_116_p1587.png,False,low_texture,13.209793,64.722304,0.138455,38.274139,39.701589,E:\Data\fall\s1_116\ROIs1970_fall_s1_116_p1587.png,E:\Data\fall\s2_116\ROIs1970_fall_s2_116_p1587.png
winter,ROIs2017_winter_112_p655,E:\Data\winter\s1_112\ROIs2017_winter_s1_112_p655.png,E:\Data\winter\s2_112\ROIs2017_winter_s2_112_p655.png,False,low_texture,13.263199,24.397102,0.018229,43.238541,46.430941,E:\Data\winter\s1_112\ROIs2017_winter_s1_112_p655.png,E:\Data\winter\s2_112\ROIs2017_winter_s2_112_p655.png
winter,ROIs2017_winter_140_p971,E:\Data\winter\s1_140\ROIs2017_winter_s1_140_p971.png,E:\Data\winter\s2_140\ROIs2017_winter_s2_140_p971.png,False,water_like,44.509781,54.748469,0.805556,21.85878,19.519081,E:\Data\winter\s1_140\ROIs2017_winter_s1_140_p971.png,E:\Data\winter\s2_140\ROIs2017_winter_s2_140_p971.png
summer,ROIs1868_summer_90_p432,E:\Data\summer\s1_90\ROIs1868_summer_s1_90_p432.png,E:\Data\summer\s2_90\ROIs1868_summer_s2_90_p432.png,False,low_texture,1.594803,0.645871,0.0,50.595139,36.025584,E:\Data\summer\s1_90\ROIs1868_summer_s1_90_p432.png,E:\Data\summer\s2_90\ROIs1868_summer_s2_90_p432.png
fall,fall_img_tropical_p7076,E:\Data\fall\s1_150\fall_img_tropical_p7076.png,E:\Data\fall\s2_150\fall_img_tropical_p7076.png,False,low_texture,5.58345,3.819466,0.0,32.642456,14.683542,E:\Data\fall\s1_150\fall_img_tropical_p7076.png,E:\Data\fall\s2_150\fall_img_tropical_p7076.png
spring,ROIs1158_spring_42_p337,E:\Data\spring\s1_42\ROIs1158_spring_s1_42_p337.png,E:\Data\spring\s2_42\ROIs1158_spring_s2_42_p337.png,False,low_texture,7.408417,11.102408,0.0,40.043137,28.658631,E:\Data\spring\s1_42\ROIs1158_spring_s1_42_p337.png,E:\Data\spring\s2_42\ROIs1158_spring_s2_42_p337.png
fall,fall_img_temperate_p2656,E:\Data\fall\s1_150\fall_img_temperate_p2656.png,E:\Data\fall\s2_150\fall_img_temperate_p2656.png,False,low_texture,20.563202,10.516644,0.0,7.068222,5.156682,E:\Data\fall\s1_150\fall_img_temperate_p2656.png,E:\Data\fall\s2_150\fall_img_temperate_p2656.png
summer,summer_img_temperate_p1310,E:\Data\summer\s1_160\summer_img_temperate_p1310.png,E:\Data\summer\s2_160\summer_img_temperate_p1310.png,False,low_texture,15.755157,10.052247,0.0,8.824844,4.457011,E:\Data\summer\s1_160\summer_img_temperate_p1310.png,E:\Data\summer\s2_160\summer_img_temperate_p1310.png
fall,fall_img_tropical_p11842,E:\Data\fall\s1_150\fall_img_tropical_p11842.png,E:\Data\fall\s2_150\fall_img_tropical_p11842.png,False,low_texture,7.66362,6.754667,0.0,28.994278,15.532631,E:\Data\fall\s1_150\fall_img_tropical_p11842.png,E:\Data\fall\s2_150\fall_img_tropical_p11842.png
winter,ROIs2017_winter_27_p350,E:\Data\winter\s1_27\ROIs2017_winter_s1_27_p350.png,E:\Data\winter\s2_27\ROIs2017_winter_s2_27_p350.png,False,low_texture,12.39212,25.076008,0.0,36.005615,41.774066,E:\Data\winter\s1_27\ROIs2017_winter_s1_27_p350.png,E:\Data\winter\s2_27\ROIs2017_winter_s2_27_p350.png
winter,winter_img_temperate_p5161,E:\Data\winter\s1_170\winter_img_temperate_p5161.png,E:\Data\winter\s2_170\winter_img_temperate_p5161.png,False,low_texture,12.888596,7.847098,0.0,16.986267,16.387279,E:\Data\winter\s1_170\winter_img_temperate_p5161.png,E:\Data\winter\s2_170\winter_img_temperate_p5161.png
fall,fall_img_temperate_p4138,E:\Data\fall\s1_150\fall_img_temperate_p4138.png,E:\Data\fall\s2_150\fall_img_temperate_p4138.png,False,low_texture;sar_low_texture,20.719177,15.93209,0.0,3.401886,5.981406,E:\Data\fall\s1_150\fall_img_temperate_p4138.png,E:\Data\fall\s2_150\fall_img_temperate_p4138.png
fall,ROIs1970_fall_47_p987,E:\Data\fall\s1_47\ROIs1970_fall_s1_47_p987.png,E:\Data\fall\s2_47\ROIs1970_fall_s2_47_p987.png,False,water_like,64.324692,55.600495,0.456597,34.974869,35.877666,E:\Data\fall\s1_47\ROIs1970_fall_s1_47_p987.png,E:\Data\fall\s2_47\ROIs1970_fall_s2_47_p987.png
winter,ROIs2017_winter_67_p861,E:\Data\winter\s1_67\ROIs2017_winter_s1_67_p861.png,E:\Data\winter\s2_67\ROIs2017_winter_s2_67_p861.png,False,water_like,26.252502,32.85514,0.857205,58.784561,39.912591,E:\Data\winter\s1_67\ROIs2017_winter_s1_67_p861.png,E:\Data\winter\s2_67\ROIs2017_winter_s2_67_p861.png
summer,ROIs1868_summer_148_p669,E:\Data\summer\s1_148\ROIs1868_summer_s1_148_p669.png,E:\Data\summer\s2_148\ROIs1868_summer_s2_148_p669.png,False,low_texture,16.616837,14.774123,0.0,58.250473,52.924896,E:\Data\summer\s1_148\ROIs1868_summer_s1_148_p669.png,E:\Data\summer\s2_148\ROIs1868_summer_s2_148_p669.png
fall,ROIs1970_fall_115_p225,E:\Data\fall\s1_115\ROIs1970_fall_s1_115_p225.png,E:\Data\fall\s2_115\ROIs1970_fall_s2_115_p225.png,False,water_like,28.241959,38.724825,0.748264,51.348526,45.006434,E:\Data\fall\s1_115\ROIs1970_fall_s1_115_p225.png,E:\Data\fall\s2_115\ROIs1970_fall_s2_115_p225.png
winter,winter_img_temperate_p619,E:\Data\winter\s1_170\winter_img_temperate_p619.png,E:\Data\winter\s2_170\winter_img_temperate_p619.png,False,low_texture;sar_low_texture,22.210159,14.881868,0.0,3.572495,2.157386,E:\Data\winter\s1_170\winter_img_temperate_p619.png,E:\Data\winter\s2_170\winter_img_temperate_p619.png
fall,ROIs1970_fall_139_p1469,E:\Data\fall\s1_139\ROIs1970_fall_s1_139_p1469.png,E:\Data\fall\s2_139\ROIs1970_fall_s2_139_p1469.png,False,low_texture;water_like,19.043411,17.919168,0.449653,31.776749,41.827915,E:\Data\fall\s1_139\ROIs1970_fall_s1_139_p1469.png,E:\Data\fall\s2_139\ROIs1970_fall_s2_139_p1469.png
summer,ROIs1868_summer_59_p405,E:\Data\summer\s1_59\ROIs1868_summer_s1_59_p405.png,E:\Data\summer\s2_59\ROIs1868_summer_s2_59_p405.png,False,water_like,20.953918,38.453722,0.369358,49.694611,57.353961,E:\Data\summer\s1_59\ROIs1868_summer_s1_59_p405.png,E:\Data\summer\s2_59\ROIs1868_summer_s2_59_p405.png
summer,ROIs1868_summer_20_p382,E:\Data\summer\s1_20\ROIs1868_summer_s1_20_p382.png,E:\Data\summer\s2_20\ROIs1868_summer_s2_20_p382.png,False,low_texture;water_like,9.278503,24.1099,0.809896,49.199539,37.337781,E:\Data\summer\s1_20\ROIs1868_summer_s1_20_p382.png,E:\Data\summer\s2_20\ROIs1868_summer_s2_20_p382.png
spring,ROIs1158_spring_100_p737,E:\Data\spring\s1_100\ROIs1158_spring_s1_100_p737.png,E:\Data\spring\s2_100\ROIs1158_spring_s2_100_p737.png,False,water_like,18.541458,47.85018,0.87934,41.499969,33.571117,E:\Data\spring\s1_100\ROIs1158_spring_s1_100_p737.png,E:\Data\spring\s2_100\ROIs1158_spring_s2_100_p737.png
summer,ROIs1868_summer_86_p238,E:\Data\summer\s1_86\ROIs1868_summer_s1_86_p238.png,E:\Data\summer\s2_86\ROIs1868_summer_s2_86_p238.png,False,low_texture,16.02919,15.144228,0.0,62.089676,44.897196,E:\Data\summer\s1_86\ROIs1868_summer_s1_86_p238.png,E:\Data\summer\s2_86\ROIs1868_summer_s2_86_p238.png
fall,ROIs1970_fall_129_p732,E:\Data\fall\s1_129\ROIs1970_fall_s1_129_p732.png,E:\Data\fall\s2_129\ROIs1970_fall_s2_129_p732.png,False,water_like,17.129852,27.122646,0.474826,53.577606,45.563097,E:\Data\fall\s1_129\ROIs1970_fall_s1_129_p732.png,E:\Data\fall\s2_129\ROIs1970_fall_s2_129_p732.png
winter,ROIs2017_winter_22_p96,E:\Data\winter\s1_22\ROIs2017_winter_s1_22_p96.png,E:\Data\winter\s2_22\ROIs2017_winter_s2_22_p96.png,False,water_like,18.726089,28.124543,0.869792,65.465897,49.431102,E:\Data\winter\s1_22\ROIs2017_winter_s1_22_p96.png,E:\Data\winter\s2_22\ROIs2017_winter_s2_22_p96.png
winter,winter_img_temperate_p306,E:\Data\winter\s1_171\winter_img_temperate_p306.png,E:\Data\winter\s2_171\winter_img_temperate_p306.png,False,water_like,39.957214,74.400738,0.500434,27.739471,29.961848,E:\Data\winter\s1_171\winter_img_temperate_p306.png,E:\Data\winter\s2_171\winter_img_temperate_p306.png
fall,ROIs1970_fall_116_p662,E:\Data\fall\s1_116\ROIs1970_fall_s1_116_p662.png,E:\Data\fall\s2_116\ROIs1970_fall_s2_116_p662.png,False,low_texture;water_like,13.621307,43.066274,0.419271,35.942902,46.865113,E:\Data\fall\s1_116\ROIs1970_fall_s1_116_p662.png,E:\Data\fall\s2_116\ROIs1970_fall_s2_116_p662.png
spring,ROIs1158_spring_64_p341,E:\Data\spring\s1_64\ROIs1158_spring_s1_64_p341.png,E:\Data\spring\s2_64\ROIs1158_spring_s2_64_p341.png,False,low_texture,11.845795,18.710256,0.0,34.815811,22.582251,E:\Data\spring\s1_64\ROIs1158_spring_s1_64_p341.png,E:\Data\spring\s2_64\ROIs1158_spring_s2_64_p341.png
spring,ROIs1158_spring_64_p911,E:\Data\spring\s1_64\ROIs1158_spring_s1_64_p911.png,E:\Data\spring\s2_64\ROIs1158_spring_s2_64_p911.png,False,low_texture,8.619095,14.855679,0.0,35.667953,22.17755,E:\Data\spring\s1_64\ROIs1158_spring_s1_64_p911.png,E:\Data\spring\s2_64\ROIs1158_spring_s2_64_p911.png
fall,ROIs1970_fall_129_p950,E:\Data\fall\s1_129\ROIs1970_fall_s1_129_p950.png,E:\Data\fall\s2_129\ROIs1970_fall_s2_129_p950.png,False,water_like,16.039841,48.405202,0.69401,54.875916,49.651445,E:\Data\fall\s1_129\ROIs1970_fall_s1_129_p950.png,E:\Data\fall\s2_129\ROIs1970_fall_s2_129_p950.png
fall,ROIs1970_fall_115_p91,E:\Data\fall\s1_115\ROIs1970_fall_s1_115_p91.png,E:\Data\fall\s2_115\ROIs1970_fall_s2_115_p91.png,False,water_like,16.650711,36.118592,0.709635,49.158264,38.646589,E:\Data\fall\s1_115\ROIs1970_fall_s1_115_p91.png,E:\Data\fall\s2_115\ROIs1970_fall_s2_115_p91.png
fall,ROIs1970_fall_67_p684,E:\Data\fall\s1_67\ROIs1970_fall_s1_67_p684.png,E:\Data\fall\s2_67\ROIs1970_fall_s2_67_p684.png,False,low_texture,12.923431,13.729111,0.0,52.357712,37.88682,E:\Data\fall\s1_67\ROIs1970_fall_s1_67_p684.png,E:\Data\fall\s2_67\ROIs1970_fall_s2_67_p684.png
winter,ROIs2017_winter_140_p444,E:\Data\winter\s1_140\ROIs2017_winter_s1_140_p444.png,E:\Data\winter\s2_140\ROIs2017_winter_s2_140_p444.png,False,water_like,38.935318,51.712405,0.698785,21.869812,20.421757,E:\Data\winter\s1_140\ROIs2017_winter_s1_140_p444.png,E:\Data\winter\s2_140\ROIs2017_winter_s2_140_p444.png
winter,ROIs2017_winter_102_p796,E:\Data\winter\s1_102\ROIs2017_winter_s1_102_p796.png,E:\Data\winter\s2_102\ROIs2017_winter_s2_102_p796.png,False,low_texture,7.070145,6.303873,0.0,41.592194,32.714615,E:\Data\winter\s1_102\ROIs2017_winter_s1_102_p796.png,E:\Data\winter\s2_102\ROIs2017_winter_s2_102_p796.png
winter,ROIs2017_winter_146_p185,E:\Data\winter\s1_146\ROIs2017_winter_s1_146_p185.png,E:\Data\winter\s2_146\ROIs2017_winter_s2_146_p185.png,False,low_texture,12.540359,17.931477,0.170139,61.254837,43.149954,E:\Data\winter\s1_146\ROIs2017_winter_s1_146_p185.png,E:\Data\winter\s2_146\ROIs2017_winter_s2_146_p185.png
summer,ROIs1868_summer_136_p999,E:\Data\summer\s1_136\ROIs1868_summer_s1_136_p999.png,E:\Data\summer\s2_136\ROIs1868_summer_s2_136_p999.png,False,water_like,23.872482,69.801625,0.380208,43.165283,43.13517,E:\Data\summer\s1_136\ROIs1868_summer_s1_136_p999.png,E:\Data\summer\s2_136\ROIs1868_summer_s2_136_p999.png
winter,ROIs2017_winter_33_p1406,E:\Data\winter\s1_33\ROIs2017_winter_s1_33_p1406.png,E:\Data\winter\s2_33\ROIs2017_winter_s2_33_p1406.png,False,low_texture,12.92511,50.879327,0.013455,56.944946,46.770108,E:\Data\winter\s1_33\ROIs2017_winter_s1_33_p1406.png,E:\Data\winter\s2_33\ROIs2017_winter_s2_33_p1406.png
fall,ROIs1970_fall_11_p332,E:\Data\fall\s1_11\ROIs1970_fall_s1_11_p332.png,E:\Data\fall\s2_11\ROIs1970_fall_s2_11_p332.png,False,water_like,38.914658,52.600495,0.483073,53.285767,52.062119,E:\Data\fall\s1_11\ROIs1970_fall_s1_11_p332.png,E:\Data\fall\s2_11\ROIs1970_fall_s2_11_p332.png
summer,summer_img_temperate_p1157,E:\Data\summer\s1_160\summer_img_temperate_p1157.png,E:\Data\summer\s2_160\summer_img_temperate_p1157.png,False,low_texture,10.437286,4.154538,0.0,11.299576,5.330809,E:\Data\summer\s1_160\summer_img_temperate_p1157.png,E:\Data\summer\s2_160\summer_img_temperate_p1157.png
fall,fall_img_temperate_p1171,E:\Data\fall\s1_150\fall_img_temperate_p1171.png,E:\Data\fall\s2_150\fall_img_temperate_p1171.png,False,low_texture,17.652603,13.636497,0.0,7.827515,7.619976,E:\Data\fall\s1_150\fall_img_temperate_p1171.png,E:\Data\fall\s2_150\fall_img_temperate_p1171.png
winter,ROIs2017_winter_117_p847,E:\Data\winter\s1_117\ROIs2017_winter_s1_117_p847.png,E:\Data\winter\s2_117\ROIs2017_winter_s2_117_p847.png,False,low_texture,2.462448,0.9478,0.0,36.685516,21.856363,E:\Data\winter\s1_117\ROIs2017_winter_s1_117_p847.png,E:\Data\winter\s2_117\ROIs2017_winter_s2_117_p847.png
spring,spring_img_temperate_p981,E:\Data\spring\s1_155\spring_img_temperate_p981.png,E:\Data\spring\s2_155\spring_img_temperate_p981.png,False,low_texture,11.365311,10.353886,0.0,5.198547,4.318273,E:\Data\spring\s1_155\spring_img_temperate_p981.png,E:\Data\spring\s2_155\spring_img_temperate_p981.png
winter,winter_img_temperate_p2484,E:\Data\winter\s1_170\winter_img_temperate_p2484.png,E:\Data\winter\s2_170\winter_img_temperate_p2484.png,False,low_texture,15.224014,10.651964,0.0,24.381989,24.285057,E:\Data\winter\s1_170\winter_img_temperate_p2484.png,E:\Data\winter\s2_170\winter_img_temperate_p2484.png
winter,ROIs2017_winter_8_p1031,E:\Data\winter\s1_8\ROIs2017_winter_s1_8_p1031.png,E:\Data\winter\s2_8\ROIs2017_winter_s2_8_p1031.png,False,water_like,18.76622,42.996761,0.351128,45.856644,45.573447,E:\Data\winter\s1_8\ROIs2017_winter_s1_8_p1031.png,E:\Data\winter\s2_8\ROIs2017_winter_s2_8_p1031.png
winter,ROIs2017_winter_146_p1528,E:\Data\winter\s1_146\ROIs2017_winter_s1_146_p1528.png,E:\Data\winter\s2_146\ROIs2017_winter_s2_146_p1528.png,False,water_like,17.635727,29.849821,0.838108,60.559799,44.618741,E:\Data\winter\s1_146\ROIs2017_winter_s1_146_p1528.png,E:\Data\winter\s2_146\ROIs2017_winter_s2_146_p1528.png
winter,ROIs2017_winter_16_p1232,E:\Data\winter\s1_16\ROIs2017_winter_s1_16_p1232.png,E:\Data\winter\s2_16\ROIs2017_winter_s2_16_p1232.png,False,water_like,31.589249,42.284957,0.460069,43.932053,40.724415,E:\Data\winter\s1_16\ROIs2017_winter_s1_16_p1232.png,E:\Data\winter\s2_16\ROIs2017_winter_s2_16_p1232.png
winter,ROIs2017_winter_77_p190,E:\Data\winter\s1_77\ROIs2017_winter_s1_77_p190.png,E:\Data\winter\s2_77\ROIs2017_winter_s2_77_p190.png,False,low_texture,10.461578,15.733042,0.0,32.962631,32.735506,E:\Data\winter\s1_77\ROIs2017_winter_s1_77_p190.png,E:\Data\winter\s2_77\ROIs2017_winter_s2_77_p190.png
spring,ROIs1158_spring_14_p352,E:\Data\spring\s1_14\ROIs1158_spring_s1_14_p352.png,E:\Data\spring\s2_14\ROIs1158_spring_s2_14_p352.png,False,low_texture,2.833664,3.24824,0.0,52.047913,31.985098,E:\Data\spring\s1_14\ROIs1158_spring_s1_14_p352.png,E:\Data\spring\s2_14\ROIs1158_spring_s2_14_p352.png
winter,winter_img_temperate_p11003,E:\Data\winter\s1_170\winter_img_temperate_p11003.png,E:\Data\winter\s2_170\winter_img_temperate_p11003.png,False,low_texture,9.809723,12.214528,0.0,14.043701,11.033662,E:\Data\winter\s1_170\winter_img_temperate_p11003.png,E:\Data\winter\s2_170\winter_img_temperate_p11003.png
summer,ROIs1868_summer_86_p882,E:\Data\summer\s1_86\ROIs1868_summer_s1_86_p882.png,E:\Data\summer\s2_86\ROIs1868_summer_s2_86_p882.png,False,low_texture,11.482986,18.479791,0.0,60.204025,49.691053,E:\Data\summer\s1_86\ROIs1868_summer_s1_86_p882.png,E:\Data\summer\s2_86\ROIs1868_summer_s2_86_p882.png
spring,ROIs1158_spring_65_p1359,E:\Data\spring\s1_65\ROIs1158_spring_s1_65_p1359.png,E:\Data\spring\s2_65\ROIs1158_spring_s2_65_p1359.png,False,low_texture,9.308258,24.444286,0.001302,62.461823,54.382853,E:\Data\spring\s1_65\ROIs1158_spring_s1_65_p1359.png,E:\Data\spring\s2_65\ROIs1158_spring_s2_65_p1359.png
winter,ROIs2017_winter_90_p140,E:\Data\winter\s1_90\ROIs2017_winter_s1_90_p140.png,E:\Data\winter\s2_90\ROIs2017_winter_s2_90_p140.png,False,low_texture,14.999466,16.566744,0.132378,50.422363,33.605039,E:\Data\winter\s1_90\ROIs2017_winter_s1_90_p140.png,E:\Data\winter\s2_90\ROIs2017_winter_s2_90_p140.png
fall,ROIs1970_fall_27_p860,E:\Data\fall\s1_27\ROIs1970_fall_s1_27_p860.png,E:\Data\fall\s2_27\ROIs1970_fall_s2_27_p860.png,False,low_texture,9.608749,28.137683,0.003906,32.467697,33.911485,E:\Data\fall\s1_27\ROIs1970_fall_s1_27_p860.png,E:\Data\fall\s2_27\ROIs1970_fall_s2_27_p860.png
spring,ROIs1158_spring_86_p448,E:\Data\spring\s1_86\ROIs1158_spring_s1_86_p448.png,E:\Data\spring\s2_86\ROIs1158_spring_s2_86_p448.png,False,water_like,22.413269,36.704915,0.99783,45.002869,54.672049,E:\Data\spring\s1_86\ROIs1158_spring_s1_86_p448.png,E:\Data\spring\s2_86\ROIs1158_spring_s2_86_p448.png
winter,ROIs2017_winter_93_p377,E:\Data\winter\s1_93\ROIs2017_winter_s1_93_p377.png,E:\Data\winter\s2_93\ROIs2017_winter_s2_93_p377.png,False,water_like,15.047729,30.29823,0.52908,60.693832,50.047464,E:\Data\winter\s1_93\ROIs2017_winter_s1_93_p377.png,E:\Data\winter\s2_93\ROIs2017_winter_s2_93_p377.png
winter,ROIs2017_winter_45_p1069,E:\Data\winter\s1_45\ROIs2017_winter_s1_45_p1069.png,E:\Data\winter\s2_45\ROIs2017_winter_s2_45_p1069.png,False,low_texture,8.289642,29.433583,0.001302,36.022705,44.520055,E:\Data\winter\s1_45\ROIs2017_winter_s1_45_p1069.png,E:\Data\winter\s2_45\ROIs2017_winter_s2_45_p1069.png
winter,ROIs2017_winter_146_p1356,E:\Data\winter\s1_146\ROIs2017_winter_s1_146_p1356.png,E:\Data\winter\s2_146\ROIs2017_winter_s2_146_p1356.png,False,low_texture;water_like,10.570023,25.894454,0.5625,60.368317,49.924406,E:\Data\winter\s1_146\ROIs2017_winter_s1_146_p1356.png,E:\Data\winter\s2_146\ROIs2017_winter_s2_146_p1356.png
summer,ROIs1868_summer_54_p594,E:\Data\summer\s1_54\ROIs1868_summer_s1_54_p594.png,E:\Data\summer\s2_54\ROIs1868_summer_s2_54_p594.png,False,water_like,14.65033,24.65818,0.924913,33.465988,31.672462,E:\Data\summer\s1_54\ROIs1868_summer_s1_54_p594.png,E:\Data\summer\s2_54\ROIs1868_summer_s2_54_p594.png
spring,ROIs1158_spring_35_p167,E:\Data\spring\s1_35\ROIs1158_spring_s1_35_p167.png,E:\Data\spring\s2_35\ROIs1158_spring_s2_35_p167.png,False,low_texture,11.004349,23.533361,0.0,40.340149,53.005774,E:\Data\spring\s1_35\ROIs1158_spring_s1_35_p167.png,E:\Data\spring\s2_35\ROIs1158_spring_s2_35_p167.png
winter,ROIs2017_winter_101_p1098,E:\Data\winter\s1_101\ROIs2017_winter_s1_101_p1098.png,E:\Data\winter\s2_101\ROIs2017_winter_s2_101_p1098.png,False,low_texture;water_like,12.504379,50.797068,0.677083,51.715149,43.808046,E:\Data\winter\s1_101\ROIs2017_winter_s1_101_p1098.png,E:\Data\winter\s2_101\ROIs2017_winter_s2_101_p1098.png
spring,ROIs1158_spring_60_p798,E:\Data\spring\s1_60\ROIs1158_spring_s1_60_p798.png,E:\Data\spring\s2_60\ROIs1158_spring_s2_60_p798.png,False,water_like,29.077408,51.550239,0.457899,68.074158,48.833918,E:\Data\spring\s1_60\ROIs1158_spring_s1_60_p798.png,E:\Data\spring\s2_60\ROIs1158_spring_s2_60_p798.png
fall,fall_img_tropical_p6759,E:\Data\fall\s1_150\fall_img_tropical_p6759.png,E:\Data\fall\s2_150\fall_img_tropical_p6759.png,False,low_texture,7.093109,6.766692,0.0,36.995972,22.898694,E:\Data\fall\s1_150\fall_img_tropical_p6759.png,E:\Data\fall\s2_150\fall_img_tropical_p6759.png
fall,fall_img_tropical_p6299,E:\Data\fall\s1_150\fall_img_tropical_p6299.png,E:\Data\fall\s2_150\fall_img_tropical_p6299.png,False,low_texture,4.849045,2.296909,0.0,34.724533,15.789603,E:\Data\fall\s1_150\fall_img_tropical_p6299.png,E:\Data\fall\s2_150\fall_img_tropical_p6299.png
summer,ROIs1868_summer_90_p804,E:\Data\summer\s1_90\ROIs1868_summer_s1_90_p804.png,E:\Data\summer\s2_90\ROIs1868_summer_s2_90_p804.png,False,low_texture,7.585037,27.641152,0.205729,13.729111,20.316154,E:\Data\summer\s1_90\ROIs1868_summer_s1_90_p804.png,E:\Data\summer\s2_90\ROIs1868_summer_s2_90_p804.png
summer,ROIs1868_summer_132_p165,E:\Data\summer\s1_132\ROIs1868_summer_s1_132_p165.png,E:\Data\summer\s2_132\ROIs1868_summer_s2_132_p165.png,False,low_texture,10.254013,14.993219,0.0,64.330887,42.525898,E:\Data\summer\s1_132\ROIs1868_summer_s1_132_p165.png,E:\Data\summer\s2_132\ROIs1868_summer_s2_132_p165.png
summer,summer_img_temperate_p3414,E:\Data\summer\s1_160\summer_img_temperate_p3414.png,E:\Data\summer\s2_160\summer_img_temperate_p3414.png,False,low_texture;sar_low_texture,14.364868,6.280062,0.0,7.679291,3.637946,E:\Data\summer\s1_160\summer_img_temperate_p3414.png,E:\Data\summer\s2_160\summer_img_temperate_p3414.png
fall,fall_img_tropical_p10581,E:\Data\fall\s1_150\fall_img_tropical_p10581.png,E:\Data\fall\s2_150\fall_img_tropical_p10581.png,False,low_texture,9.74826,7.415997,0.0,34.325058,19.849802,E:\Data\fall\s1_150\fall_img_tropical_p10581.png,E:\Data\fall\s2_150\fall_img_tropical_p10581.png
spring,ROIs1158_spring_6_p821,E:\Data\spring\s1_6\ROIs1158_spring_s1_6_p821.png,E:\Data\spring\s2_6\ROIs1158_spring_s2_6_p821.png,False,low_texture,11.732819,22.988099,0.0,35.84903,31.261457,E:\Data\spring\s1_6\ROIs1158_spring_s1_6_p821.png,E:\Data\spring\s2_6\ROIs1158_spring_s2_6_p821.png
fall,fall_img_tropical_p9405,E:\Data\fall\s1_150\fall_img_tropical_p9405.png,E:\Data\fall\s2_150\fall_img_tropical_p9405.png,False,low_texture,7.768738,8.437308,0.0,14.526031,16.667736,E:\Data\fall\s1_150\fall_img_tropical_p9405.png,E:\Data\fall\s2_150\fall_img_tropical_p9405.png
spring,ROIs1158_spring_83_p849,E:\Data\spring\s1_83\ROIs1158_spring_s1_83_p849.png,E:\Data\spring\s2_83\ROIs1158_spring_s2_83_p849.png,False,water_like,28.17218,43.150214,0.580295,65.156311,44.466477,E:\Data\spring\s1_83\ROIs1158_spring_s1_83_p849.png,E:\Data\spring\s2_83\ROIs1158_spring_s2_83_p849.png
fall,ROIs1970_fall_127_p955,E:\Data\fall\s1_127\ROIs1970_fall_s1_127_p955.png,E:\Data\fall\s2_127\ROIs1970_fall_s2_127_p955.png,False,low_texture,13.792923,15.724387,0.14974,37.625351,26.043327,E:\Data\fall\s1_127\ROIs1970_fall_s1_127_p955.png,E:\Data\fall\s2_127\ROIs1970_fall_s2_127_p955.png
fall,fall_img_tropical_p9521,E:\Data\fall\s1_150\fall_img_tropical_p9521.png,E:\Data\fall\s2_150\fall_img_tropical_p9521.png,False,low_texture,9.340485,10.47287,0.0,26.159576,19.614568,E:\Data\fall\s1_150\fall_img_tropical_p9521.png,E:\Data\fall\s2_150\fall_img_tropical_p9521.png
fall,fall_img_tropical_p6631,E:\Data\fall\s1_150\fall_img_tropical_p6631.png,E:\Data\fall\s2_150\fall_img_tropical_p6631.png,False,low_texture,4.836014,1.783386,0.0,39.46228,18.141657,E:\Data\fall\s1_150\fall_img_tropical_p6631.png,E:\Data\fall\s2_150\fall_img_tropical_p6631.png
fall,fall_img_tropical_p9899,E:\Data\fall\s1_150\fall_img_tropical_p9899.png,E:\Data\fall\s2_150\fall_img_tropical_p9899.png,False,low_texture,6.134613,4.407222,0.0,32.484787,14.954939,E:\Data\fall\s1_150\fall_img_tropical_p9899.png,E:\Data\fall\s2_150\fall_img_tropical_p9899.png
fall,fall_img_tropical_p11485,E:\Data\fall\s1_150\fall_img_tropical_p11485.png,E:\Data\fall\s2_150\fall_img_tropical_p11485.png,False,low_texture,5.150024,2.374226,0.0,34.915359,17.45454,E:\Data\fall\s1_150\fall_img_tropical_p11485.png,E:\Data\fall\s2_150\fall_img_tropical_p11485.png
winter,winter_img_temperate_p10815,E:\Data\winter\s1_170\winter_img_temperate_p10815.png,E:\Data\winter\s2_170\winter_img_temperate_p10815.png,False,low_texture,10.516708,11.500839,0.0,5.950302,9.521591,E:\Data\winter\s1_170\winter_img_temperate_p10815.png,E:\Data\winter\s2_170\winter_img_temperate_p10815.png
winter,ROIs2017_winter_84_p278,E:\Data\winter\s1_84\ROIs2017_winter_s1_84_p278.png,E:\Data\winter\s2_84\ROIs2017_winter_s2_84_p278.png,False,water_like,31.686005,71.354245,0.402778,66.925858,52.540374,E:\Data\winter\s1_84\ROIs2017_winter_s1_84_p278.png,E:\Data\winter\s2_84\ROIs2017_winter_s2_84_p278.png
spring,ROIs1158_spring_65_p1514,E:\Data\spring\s1_65\ROIs1158_spring_s1_65_p1514.png,E:\Data\spring\s2_65\ROIs1158_spring_s2_65_p1514.png,False,low_texture,11.745209,34.645268,0.006944,53.298035,50.840931,E:\Data\spring\s1_65\ROIs1158_spring_s1_65_p1514.png,E:\Data\spring\s2_65\ROIs1158_spring_s2_65_p1514.png
winter,ROIs2017_winter_2_p250,E:\Data\winter\s1_2\ROIs2017_winter_s1_2_p250.png,E:\Data\winter\s2_2\ROIs2017_winter_s2_2_p250.png,False,low_texture,10.546249,27.48484,0.0,68.433975,49.607196,E:\Data\winter\s1_2\ROIs2017_winter_s1_2_p250.png,E:\Data\winter\s2_2\ROIs2017_winter_s2_2_p250.png
winter,ROIs2017_winter_101_p709,E:\Data\winter\s1_101\ROIs2017_winter_s1_101_p709.png,E:\Data\winter\s2_101\ROIs2017_winter_s2_101_p709.png,False,water_like,16.628983,50.470569,0.594618,55.625,39.827344,E:\Data\winter\s1_101\ROIs2017_winter_s1_101_p709.png,E:\Data\winter\s2_101\ROIs2017_winter_s2_101_p709.png
winter,ROIs2017_winter_146_p924,E:\Data\winter\s1_146\ROIs2017_winter_s1_146_p924.png,E:\Data\winter\s2_146\ROIs2017_winter_s2_146_p924.png,False,water_like,16.333603,46.389109,0.392361,61.374771,49.025439,E:\Data\winter\s1_146\ROIs2017_winter_s1_146_p924.png,E:\Data\winter\s2_146\ROIs2017_winter_s2_146_p924.png
winter,winter_img_temperate_p2608,E:\Data\winter\s1_170\winter_img_temperate_p2608.png,E:\Data\winter\s2_170\winter_img_temperate_p2608.png,False,low_texture,12.969559,10.772444,0.0,13.361084,14.054411,E:\Data\winter\s1_170\winter_img_temperate_p2608.png,E:\Data\winter\s2_170\winter_img_temperate_p2608.png
fall,ROIs1970_fall_52_p187,E:\Data\fall\s1_52\ROIs1970_fall_s1_52_p187.png,E:\Data\fall\s2_52\ROIs1970_fall_s2_52_p187.png,False,low_texture,12.685013,21.638698,0.000434,39.169312,29.953007,E:\Data\fall\s1_52\ROIs1970_fall_s1_52_p187.png,E:\Data\fall\s2_52\ROIs1970_fall_s2_52_p187.png
winter,ROIs2017_winter_33_p1801,E:\Data\winter\s1_33\ROIs2017_winter_s1_33_p1801.png,E:\Data\winter\s2_33\ROIs2017_winter_s2_33_p1801.png,False,low_texture,12.1698,82.524203,0.021701,57.784866,60.712883,E:\Data\winter\s1_33\ROIs2017_winter_s1_33_p1801.png,E:\Data\winter\s2_33\ROIs2017_winter_s2_33_p1801.png
fall,fall_img_temperate_p2476,E:\Data\fall\s1_150\fall_img_temperate_p2476.png,E:\Data\fall\s2_150\fall_img_temperate_p2476.png,False,low_texture,9.836746,9.619115,0.0,6.861404,4.919273,E:\Data\fall\s1_150\fall_img_temperate_p2476.png,E:\Data\fall\s2_150\fall_img_temperate_p2476.png
winter,ROIs2017_winter_9_p260,E:\Data\winter\s1_9\ROIs2017_winter_s1_9_p260.png,E:\Data\winter\s2_9\ROIs2017_winter_s2_9_p260.png,False,low_texture,12.798141,12.217549,0.0,42.449646,34.971953,E:\Data\winter\s1_9\ROIs2017_winter_s1_9_p260.png,E:\Data\winter\s2_9\ROIs2017_winter_s2_9_p260.png
fall,ROIs1970_fall_38_p318,E:\Data\fall\s1_38\ROIs1970_fall_s1_38_p318.png,E:\Data\fall\s2_38\ROIs1970_fall_s2_38_p318.png,False,low_texture,11.353943,22.553492,0.0,21.647964,14.627693,E:\Data\fall\s1_38\ROIs1970_fall_s1_38_p318.png,E:\Data\fall\s2_38\ROIs1970_fall_s2_38_p318.png
fall,ROIs1970_fall_109_p888,E:\Data\fall\s1_109\ROIs1970_fall_s1_109_p888.png,E:\Data\fall\s2_109\ROIs1970_fall_s2_109_p888.png,False,low_texture;water_like,11.123016,40.618488,0.625,54.070755,42.501317,E:\Data\fall\s1_109\ROIs1970_fall_s1_109_p888.png,E:\Data\fall\s2_109\ROIs1970_fall_s2_109_p888.png
summer,summer_img_temperate_p63,E:\Data\summer\s1_160\summer_img_temperate_p63.png,E:\Data\summer\s2_160\summer_img_temperate_p63.png,False,low_texture;sar_low_texture,16.317184,13.600372,0.0,4.066345,4.403923,E:\Data\summer\s1_160\summer_img_temperate_p63.png,E:\Data\summer\s2_160\summer_img_temperate_p63.png
fall,fall_img_tropical_p6665,E:\Data\fall\s1_150\fall_img_tropical_p6665.png,E:\Data\fall\s2_150\fall_img_tropical_p6665.png,False,low_texture,7.376495,4.415782,0.0,35.74353,16.431852,E:\Data\fall\s1_150\fall_img_tropical_p6665.png,E:\Data\fall\s2_150\fall_img_tropical_p6665.png
fall,ROIs1970_fall_115_p253,E:\Data\fall\s1_115\ROIs1970_fall_s1_115_p253.png,E:\Data\fall\s2_115\ROIs1970_fall_s2_115_p253.png,False,water_like,22.737259,29.674337,0.545139,50.79393,44.084446,E:\Data\fall\s1_115\ROIs1970_fall_s1_115_p253.png,E:\Data\fall\s2_115\ROIs1970_fall_s2_115_p253.png
winter,winter_img_temperate_p10971,E:\Data\winter\s1_170\winter_img_temperate_p10971.png,E:\Data\winter\s2_170\winter_img_temperate_p10971.png,False,low_texture,10.430328,8.743681,0.0,18.30545,15.024032,E:\Data\winter\s1_170\winter_img_temperate_p10971.png,E:\Data\winter\s2_170\winter_img_temperate_p10971.png
winter,winter_img_temperate_p3870,E:\Data\winter\s1_170\winter_img_temperate_p3870.png,E:\Data\winter\s2_170\winter_img_temperate_p3870.png,False,low_texture,13.222595,8.501461,0.0,17.206528,14.389046,E:\Data\winter\s1_170\winter_img_temperate_p3870.png,E:\Data\winter\s2_170\winter_img_temperate_p3870.png
fall,ROIs1970_fall_144_p1186,E:\Data\fall\s1_144\ROIs1970_fall_s1_144_p1186.png,E:\Data\fall\s2_144\ROIs1970_fall_s2_144_p1186.png,False,low_texture,14.696274,14.57932,0.0,56.142105,36.652594,E:\Data\fall\s1_144\ROIs1970_fall_s1_144_p1186.png,E:\Data\fall\s2_144\ROIs1970_fall_s2_144_p1186.png
spring,ROIs1158_spring_14_p80,E:\Data\spring\s1_14\ROIs1158_spring_s1_14_p80.png,E:\Data\spring\s2_14\ROIs1158_spring_s2_14_p80.png,False,low_texture,3.141251,2.616816,0.0,52.625259,32.171415,E:\Data\spring\s1_14\ROIs1158_spring_s1_14_p80.png,E:\Data\spring\s2_14\ROIs1158_spring_s2_14_p80.png
winter,ROIs2017_winter_34_p1339,E:\Data\winter\s1_34\ROIs2017_winter_s1_34_p1339.png,E:\Data\winter\s2_34\ROIs2017_winter_s2_34_p1339.png,False,low_texture,9.470078,10.41393,0.0,35.755035,23.188807,E:\Data\winter\s1_34\ROIs2017_winter_s1_34_p1339.png,E:\Data\winter\s2_34\ROIs2017_winter_s2_34_p1339.png
fall,ROIs1970_fall_42_p1191,E:\Data\fall\s1_42\ROIs1970_fall_s1_42_p1191.png,E:\Data\fall\s2_42\ROIs1970_fall_s2_42_p1191.png,False,water_like,17.656174,25.223651,0.887587,27.261398,24.994858,E:\Data\fall\s1_42\ROIs1970_fall_s1_42_p1191.png,E:\Data\fall\s2_42\ROIs1970_fall_s2_42_p1191.png
winter,ROIs2017_winter_97_p370,E:\Data\winter\s1_97\ROIs2017_winter_s1_97_p370.png,E:\Data\winter\s2_97\ROIs2017_winter_s2_97_p370.png,False,low_texture,9.181625,19.855149,0.003038,65.611023,49.576925,E:\Data\winter\s1_97\ROIs2017_winter_s1_97_p370.png,E:\Data\winter\s2_97\ROIs2017_winter_s2_97_p370.png
fall,ROIs1970_fall_10_p1218,E:\Data\fall\s1_10\ROIs1970_fall_s1_10_p1218.png,E:\Data\fall\s2_10\ROIs1970_fall_s2_10_p1218.png,False,water_like,29.482468,25.920678,0.983941,50.984192,50.95728,E:\Data\fall\s1_10\ROIs1970_fall_s1_10_p1218.png,E:\Data\fall\s2_10\ROIs1970_fall_s2_10_p1218.png
winter,winter_img_temperate_p2201,E:\Data\winter\s1_170\winter_img_temperate_p2201.png,E:\Data\winter\s2_170\winter_img_temperate_p2201.png,False,low_texture,22.321045,14.730192,0.0,6.54541,13.640947,E:\Data\winter\s1_170\winter_img_temperate_p2201.png,E:\Data\winter\s2_170\winter_img_temperate_p2201.png
winter,ROIs2017_winter_100_p313,E:\Data\winter\s1_100\ROIs2017_winter_s1_100_p313.png,E:\Data\winter\s2_100\ROIs2017_winter_s2_100_p313.png,False,low_texture,13.56041,30.33738,0.0,49.179626,37.267384,E:\Data\winter\s1_100\ROIs2017_winter_s1_100_p313.png,E:\Data\winter\s2_100\ROIs2017_winter_s2_100_p313.png
fall,fall_img_temperate_p2593,E:\Data\fall\s1_150\fall_img_temperate_p2593.png,E:\Data\fall\s2_150\fall_img_temperate_p2593.png,False,low_texture;sar_low_texture,14.887268,7.318902,0.0,7.131149,3.571959,E:\Data\fall\s1_150\fall_img_temperate_p2593.png,E:\Data\fall\s2_150\fall_img_temperate_p2593.png
winter,winter_img_tropical_p911,E:\Data\winter\s1_172\winter_img_tropical_p911.png,E:\Data\winter\s2_172\winter_img_tropical_p911.png,False,low_texture,13.81575,23.992006,0.0,23.324951,14.669498,E:\Data\winter\s1_172\winter_img_tropical_p911.png,E:\Data\winter\s2_172\winter_img_tropical_p911.png
winter,ROIs2017_winter_34_p850,E:\Data\winter\s1_34\ROIs2017_winter_s1_34_p850.png,E:\Data\winter\s2_34\ROIs2017_winter_s2_34_p850.png,False,low_texture,11.1492,13.040919,0.0,35.97049,26.982418,E:\Data\winter\s1_34\ROIs2017_winter_s1_34_p850.png,E:\Data\winter\s2_34\ROIs2017_winter_s2_34_p850.png
summer,ROIs1868_summer_54_p1058,E:\Data\summer\s1_54\ROIs1868_summer_s1_54_p1058.png,E:\Data\summer\s2_54\ROIs1868_summer_s2_54_p1058.png,False,water_like,27.238235,26.621008,0.958333,36.817261,37.103271,E:\Data\summer\s1_54\ROIs1868_summer_s1_54_p1058.png,E:\Data\summer\s2_54\ROIs1868_summer_s2_54_p1058.png
fall,fall_img_tropical_p6738,E:\Data\fall\s1_150\fall_img_tropical_p6738.png,E:\Data\fall\s2_150\fall_img_tropical_p6738.png,False,low_texture,8.240341,4.342683,0.0,36.610474,17.221628,E:\Data\fall\s1_150\fall_img_tropical_p6738.png,E:\Data\fall\s2_150\fall_img_tropical_p6738.png
spring,ROIs1158_spring_24_p166,E:\Data\spring\s1_24\ROIs1158_spring_s1_24_p166.png,E:\Data\spring\s2_24\ROIs1158_spring_s2_24_p166.png,False,water_like,27.64534,23.316709,0.77474,49.985229,55.685332,E:\Data\spring\s1_24\ROIs1158_spring_s1_24_p166.png,E:\Data\spring\s2_24\ROIs1158_spring_s2_24_p166.png
winter,ROIs2017_winter_66_p169,E:\Data\winter\s1_66\ROIs2017_winter_s1_66_p169.png,E:\Data\winter\s2_66\ROIs2017_winter_s2_66_p169.png,False,low_texture,28.189285,16.095039,0.0,61.723755,39.957896,E:\Data\winter\s1_66\ROIs2017_winter_s1_66_p169.png,E:\Data\winter\s2_66\ROIs2017_winter_s2_66_p169.png
fall,fall_img_temperate_p587,E:\Data\fall\s1_150\fall_img_temperate_p587.png,E:\Data\fall\s2_150\fall_img_temperate_p587.png,False,low_texture,15.179367,16.391851,0.0,6.407242,7.552794,E:\Data\fall\s1_150\fall_img_temperate_p587.png,E:\Data\fall\s2_150\fall_img_temperate_p587.png
fall,fall_img_tropical_p10519,E:\Data\fall\s1_150\fall_img_tropical_p10519.png,E:\Data\fall\s2_150\fall_img_tropical_p10519.png,False,low_texture,7.994949,6.342194,0.0,33.572113,18.458747,E:\Data\fall\s1_150\fall_img_tropical_p10519.png,E:\Data\fall\s2_150\fall_img_tropical_p10519.png
fall,fall_img_tropical_p6089,E:\Data\fall\s1_150\fall_img_tropical_p6089.png,E:\Data\fall\s2_150\fall_img_tropical_p6089.png,False,low_texture,11.811722,10.495357,0.001302,29.472549,12.659003,E:\Data\fall\s1_150\fall_img_tropical_p6089.png,E:\Data\fall\s2_150\fall_img_tropical_p6089.png
summer,summer_img_temperate_p103,E:\Data\summer\s1_160\summer_img_temperate_p103.png,E:\Data\summer\s2_160\summer_img_temperate_p103.png,False,low_texture,13.282227,10.829155,0.0,5.92186,4.756589,E:\Data\summer\s1_160\summer_img_temperate_p103.png,E:\Data\summer\s2_160\summer_img_temperate_p103.png
fall,fall_img_tropical_p11105,E:\Data\fall\s1_150\fall_img_tropical_p11105.png,E:\Data\fall\s2_150\fall_img_tropical_p11105.png,False,low_texture,8.714157,8.528972,0.0,30.961899,15.427827,E:\Data\fall\s1_150\fall_img_tropical_p11105.png,E:\Data\fall\s2_150\fall_img_tropical_p11105.png
fall,ROIs1970_fall_139_p2154,E:\Data\fall\s1_139\ROIs1970_fall_s1_139_p2154.png,E:\Data\fall\s2_139\ROIs1970_fall_s2_139_p2154.png,False,water_like,18.059235,25.926142,0.582031,31.259705,73.975524,E:\Data\fall\s1_139\ROIs1970_fall_s1_139_p2154.png,E:\Data\fall\s2_139\ROIs1970_fall_s2_139_p2154.png
spring,ROIs1158_spring_23_p321,E:\Data\spring\s1_23\ROIs1158_spring_s1_23_p321.png,E:\Data\spring\s2_23\ROIs1158_spring_s2_23_p321.png,False,low_texture;water_like,5.344437,2.232679,1.0,32.84845,21.626032,E:\Data\spring\s1_23\ROIs1158_spring_s1_23_p321.png,E:\Data\spring\s2_23\ROIs1158_spring_s2_23_p321.png
winter,ROIs2017_winter_37_p1358,E:\Data\winter\s1_37\ROIs2017_winter_s1_37_p1358.png,E:\Data\winter\s2_37\ROIs2017_winter_s2_37_p1358.png,False,water_like,23.02356,73.643167,0.385417,47.863007,36.089658,E:\Data\winter\s1_37\ROIs2017_winter_s1_37_p1358.png,E:\Data\winter\s2_37\ROIs2017_winter_s2_37_p1358.png
winter,winter_img_temperate_p9060,E:\Data\winter\s1_170\winter_img_temperate_p9060.png,E:\Data\winter\s2_170\winter_img_temperate_p9060.png,False,low_texture,18.470139,14.04765,0.0,12.7742,14.616475,E:\Data\winter\s1_170\winter_img_temperate_p9060.png,E:\Data\winter\s2_170\winter_img_temperate_p9060.png
winter,ROIs2017_winter_9_p271,E:\Data\winter\s1_9\ROIs2017_winter_s1_9_p271.png,E:\Data\winter\s2_9\ROIs2017_winter_s2_9_p271.png,False,low_texture,12.796249,22.18587,0.021267,45.101486,61.408551,E:\Data\winter\s1_9\ROIs2017_winter_s1_9_p271.png,E:\Data\winter\s2_9\ROIs2017_winter_s2_9_p271.png
summer,ROIs1868_summer_45_p107,E:\Data\summer\s1_45\ROIs1868_summer_s1_45_p107.png,E:\Data\summer\s2_45\ROIs1868_summer_s2_45_p107.png,False,water_like,32.169205,57.945629,0.56033,57.461884,46.657361,E:\Data\summer\s1_45\ROIs1868_summer_s1_45_p107.png,E:\Data\summer\s2_45\ROIs1868_summer_s2_45_p107.png
winter,ROIs2017_winter_134_p28,E:\Data\winter\s1_134\ROIs2017_winter_s1_134_p28.png,E:\Data\winter\s2_134\ROIs2017_winter_s2_134_p28.png,False,low_texture,2.638855,1.747064,0.0,36.922562,23.678786,E:\Data\winter\s1_134\ROIs2017_winter_s1_134_p28.png,E:\Data\winter\s2_134\ROIs2017_winter_s2_134_p28.png
fall,fall_img_temperate_p3705,E:\Data\fall\s1_150\fall_img_temperate_p3705.png,E:\Data\fall\s2_150\fall_img_temperate_p3705.png,False,low_texture,16.584518,15.07272,0.0,7.595291,7.161439,E:\Data\fall\s1_150\fall_img_temperate_p3705.png,E:\Data\fall\s2_150\fall_img_temperate_p3705.png
winter,ROIs2017_winter_146_p1213,E:\Data\winter\s1_146\ROIs2017_winter_s1_146_p1213.png,E:\Data\winter\s2_146\ROIs2017_winter_s2_146_p1213.png,False,low_texture;water_like,11.704773,31.465153,0.53125,60.49379,47.564838,E:\Data\winter\s1_146\ROIs2017_winter_s1_146_p1213.png,E:\Data\winter\s2_146\ROIs2017_winter_s2_146_p1213.png
winter,ROIs2017_winter_33_p1678,E:\Data\winter\s1_33\ROIs2017_winter_s1_33_p1678.png,E:\Data\winter\s2_33\ROIs2017_winter_s2_33_p1678.png,False,low_texture,6.764893,27.485663,0.005642,56.81839,42.659251,E:\Data\winter\s1_33\ROIs2017_winter_s1_33_p1678.png,E:\Data\winter\s2_33\ROIs2017_winter_s2_33_p1678.png
winter,ROIs2017_winter_93_p719,E:\Data\winter\s1_93\ROIs2017_winter_s1_93_p719.png,E:\Data\winter\s2_93\ROIs2017_winter_s2_93_p719.png,False,water_like,16.056259,62.837161,0.406684,57.053055,61.152297,E:\Data\winter\s1_93\ROIs2017_winter_s1_93_p719.png,E:\Data\winter\s2_93\ROIs2017_winter_s2_93_p719.png
fall,ROIs1970_fall_109_p78,E:\Data\fall\s1_109\ROIs1970_fall_s1_109_p78.png,E:\Data\fall\s2_109\ROIs1970_fall_s2_109_p78.png,False,water_like,16.076248,59.945634,0.77691,53.068192,41.877871,E:\Data\fall\s1_109\ROIs1970_fall_s1_109_p78.png,E:\Data\fall\s2_109\ROIs1970_fall_s2_109_p78.png
spring,ROIs1158_spring_60_p397,E:\Data\spring\s1_60\ROIs1158_spring_s1_60_p397.png,E:\Data\spring\s2_60\ROIs1158_spring_s2_60_p397.png,False,water_like,25.00592,37.976155,0.777344,64.959,44.724615,E:\Data\spring\s1_60\ROIs1158_spring_s1_60_p397.png,E:\Data\spring\s2_60\ROIs1158_spring_s2_60_p397.png
winter,winter_img_temperate_p298,E:\Data\winter\s1_171\winter_img_temperate_p298.png,E:\Data\winter\s2_171\winter_img_temperate_p298.png,False,low_texture,24.446762,14.33928,0.0,12.35582,9.613294,E:\Data\winter\s1_171\winter_img_temperate_p298.png,E:\Data\winter\s2_171\winter_img_temperate_p298.png
fall,fall_img_tropical_p12053,E:\Data\fall\s1_150\fall_img_tropical_p12053.png,E:\Data\fall\s2_150\fall_img_tropical_p12053.png,False,low_texture,14.782852,15.614454,0.002604,34.014191,18.845156,E:\Data\fall\s1_150\fall_img_tropical_p12053.png,E:\Data\fall\s2_150\fall_img_tropical_p12053.png
fall,ROIs1970_fall_133_p328,E:\Data\fall\s1_133\ROIs1970_fall_s1_133_p328.png,E:\Data\fall\s2_133\ROIs1970_fall_s2_133_p328.png,False,low_texture,13.317459,19.549827,0.003038,48.613022,34.650626,E:\Data\fall\s1_133\ROIs1970_fall_s1_133_p328.png,E:\Data\fall\s2_133\ROIs1970_fall_s2_133_p328.png
fall,ROIs1970_fall_47_p201,E:\Data\fall\s1_47\ROIs1970_fall_s1_47_p201.png,E:\Data\fall\s2_47\ROIs1970_fall_s2_47_p201.png,False,low_texture,2.973007,2.28425,0.0,31.50473,21.396421,E:\Data\fall\s1_47\ROIs1970_fall_s1_47_p201.png,E:\Data\fall\s2_47\ROIs1970_fall_s2_47_p201.png
fall,fall_img_tropical_p10153,E:\Data\fall\s1_150\fall_img_tropical_p10153.png,E:\Data\fall\s2_150\fall_img_tropical_p10153.png,False,low_texture,9.608566,8.044139,0.000434,35.36528,23.079621,E:\Data\fall\s1_150\fall_img_tropical_p10153.png,E:\Data\fall\s2_150\fall_img_tropical_p10153.png
fall,ROIs1970_fall_72_p67,E:\Data\fall\s1_72\ROIs1970_fall_s1_72_p67.png,E:\Data\fall\s2_72\ROIs1970_fall_s2_72_p67.png,False,low_texture,17.100174,13.824543,0.001302,30.434525,26.503158,E:\Data\fall\s1_72\ROIs1970_fall_s1_72_p67.png,E:\Data\fall\s2_72\ROIs1970_fall_s2_72_p67.png
spring,ROIs1158_spring_145_p738,E:\Data\spring\s1_145\ROIs1158_spring_s1_145_p738.png,E:\Data\spring\s2_145\ROIs1158_spring_s2_145_p738.png,False,water_like,38.233078,29.467067,0.464844,62.353439,44.226687,E:\Data\spring\s1_145\ROIs1158_spring_s1_145_p738.png,E:\Data\spring\s2_145\ROIs1158_spring_s2_145_p738.png
spring,ROIs1158_spring_35_p387,E:\Data\spring\s1_35\ROIs1158_spring_s1_35_p387.png,E:\Data\spring\s2_35\ROIs1158_spring_s2_35_p387.png,False,low_texture,11.60611,20.94833,0.0,41.053787,51.913072,E:\Data\spring\s1_35\ROIs1158_spring_s1_35_p387.png,E:\Data\spring\s2_35\ROIs1158_spring_s2_35_p387.png
winter,winter_img_temperate_p3719,E:\Data\winter\s1_171\winter_img_temperate_p3719.png,E:\Data\winter\s2_171\winter_img_temperate_p3719.png,False,low_texture,11.085648,15.679023,0.008247,24.952744,28.861105,E:\Data\winter\s1_171\winter_img_temperate_p3719.png,E:\Data\winter\s2_171\winter_img_temperate_p3719.png
fall,ROIs1970_fall_43_p657,E:\Data\fall\s1_43\ROIs1970_fall_s1_43_p657.png,E:\Data\fall\s2_43\ROIs1970_fall_s2_43_p657.png,False,low_texture,10.3526,18.112064,0.0,27.278412,20.221753,E:\Data\fall\s1_43\ROIs1970_fall_s1_43_p657.png,E:\Data\fall\s2_43\ROIs1970_fall_s2_43_p657.png
winter,ROIs2017_winter_33_p839,E:\Data\winter\s1_33\ROIs2017_winter_s1_33_p839.png,E:\Data\winter\s2_33\ROIs2017_winter_s2_33_p839.png,False,low_texture,12.966217,49.753298,0.019097,57.179565,40.741158,E:\Data\winter\s1_33\ROIs2017_winter_s1_33_p839.png,E:\Data\winter\s2_33\ROIs2017_winter_s2_33_p839.png
winter,winter_img_temperate_p10645,E:\Data\winter\s1_170\winter_img_temperate_p10645.png,E:\Data\winter\s2_170\winter_img_temperate_p10645.png,False,low_texture,8.786804,15.583161,0.0,9.878845,15.822446,E:\Data\winter\s1_170\winter_img_temperate_p10645.png,E:\Data\winter\s2_170\winter_img_temperate_p10645.png
fall,ROIs1970_fall_79_p494,E:\Data\fall\s1_79\ROIs1970_fall_s1_79_p494.png,E:\Data\fall\s2_79\ROIs1970_fall_s2_79_p494.png,False,water_like,31.71756,42.131918,0.716146,53.370178,43.538634,E:\Data\fall\s1_79\ROIs1970_fall_s1_79_p494.png,E:\Data\fall\s2_79\ROIs1970_fall_s2_79_p494.png
fall,ROIs1970_fall_124_p127,E:\Data\fall\s1_124\ROIs1970_fall_s1_124_p127.png,E:\Data\fall\s2_124\ROIs1970_fall_s2_124_p127.png,False,water_like,17.571793,42.989334,0.370226,60.170792,59.659509,E:\Data\fall\s1_124\ROIs1970_fall_s1_124_p127.png,E:\Data\fall\s2_124\ROIs1970_fall_s2_124_p127.png
summer,ROIs1868_summer_38_p275,E:\Data\summer\s1_38\ROIs1868_summer_s1_38_p275.png,E:\Data\summer\s2_38\ROIs1868_summer_s2_38_p275.png,False,low_texture,9.486099,11.141256,0.0,37.828506,25.999588,E:\Data\summer\s1_38\ROIs1868_summer_s1_38_p275.png,E:\Data\summer\s2_38\ROIs1868_summer_s2_38_p275.png
fall,ROIs1970_fall_56_p628,E:\Data\fall\s1_56\ROIs1970_fall_s1_56_p628.png,E:\Data\fall\s2_56\ROIs1970_fall_s2_56_p628.png,False,low_texture,4.748764,8.074214,0.003906,36.60878,23.221335,E:\Data\fall\s1_56\ROIs1970_fall_s1_56_p628.png,E:\Data\fall\s2_56\ROIs1970_fall_s2_56_p628.png
winter,ROIs2017_winter_45_p1189,E:\Data\winter\s1_45\ROIs2017_winter_s1_45_p1189.png,E:\Data\winter\s2_45\ROIs2017_winter_s2_45_p1189.png,False,low_texture,4.26889,8.303086,0.0,34.043884,30.874921,E:\Data\winter\s1_45\ROIs2017_winter_s1_45_p1189.png,E:\Data\winter\s2_45\ROIs2017_winter_s2_45_p1189.png
spring,ROIs1158_spring_49_p808,E:\Data\spring\s1_49\ROIs1158_spring_s1_49_p808.png,E:\Data\spring\s2_49\ROIs1158_spring_s2_49_p808.png,False,low_texture;water_like,6.559967,22.766568,0.99349,44.61055,33.001732,E:\Data\spring\s1_49\ROIs1158_spring_s1_49_p808.png,E:\Data\spring\s2_49\ROIs1158_spring_s2_49_p808.png
summer,summer_img_temperate_p5837,E:\Data\summer\s1_160\summer_img_temperate_p5837.png,E:\Data\summer\s2_160\summer_img_temperate_p5837.png,False,low_texture;sar_low_texture,18.766556,13.03182,0.0,2.620361,4.12252,E:\Data\summer\s1_160\summer_img_temperate_p5837.png,E:\Data\summer\s2_160\summer_img_temperate_p5837.png
winter,ROIs2017_winter_0_p595,E:\Data\winter\s1_0\ROIs2017_winter_s1_0_p595.png,E:\Data\winter\s2_0\ROIs2017_winter_s2_0_p595.png,False,water_like,24.924652,42.49937,0.548611,60.123474,49.467691,E:\Data\winter\s1_0\ROIs2017_winter_s1_0_p595.png,E:\Data\winter\s2_0\ROIs2017_winter_s2_0_p595.png
winter,winter_img_temperate_p611,E:\Data\winter\s1_170\winter_img_temperate_p611.png,E:\Data\winter\s2_170\winter_img_temperate_p611.png,False,sar_low_texture,25.552902,19.310046,0.0,4.147293,4.859306,E:\Data\winter\s1_170\winter_img_temperate_p611.png,E:\Data\winter\s2_170\winter_img_temperate_p611.png
spring,ROIs1158_spring_101_p2064,E:\Data\spring\s1_101\ROIs1158_spring_s1_101_p2064.png,E:\Data\spring\s2_101\ROIs1158_spring_s2_101_p2064.png,False,water_like,20.897522,42.175481,0.355469,61.382294,51.167263,E:\Data\spring\s1_101\ROIs1158_spring_s1_101_p2064.png,E:\Data\spring\s2_101\ROIs1158_spring_s2_101_p2064.png
fall,ROIs1970_fall_42_p281,E:\Data\fall\s1_42\ROIs1970_fall_s1_42_p281.png,E:\Data\fall\s2_42\ROIs1970_fall_s2_42_p281.png,False,low_texture;water_like,11.97261,22.76651,0.997396,26.355255,19.264337,E:\Data\fall\s1_42\ROIs1970_fall_s1_42_p281.png,E:\Data\fall\s2_42\ROIs1970_fall_s2_42_p281.png
fall,ROIs1970_fall_106_p332,E:\Data\fall\s1_106\ROIs1970_fall_s1_106_p332.png,E:\Data\fall\s2_106\ROIs1970_fall_s2_106_p332.png,False,low_texture,9.373322,7.446197,0.003038,49.490204,30.922204,E:\Data\fall\s1_106\ROIs1970_fall_s1_106_p332.png,E:\Data\fall\s2_106\ROIs1970_fall_s2_106_p332.png
summer,ROIs1868_summer_119_p227,E:\Data\summer\s1_119\ROIs1868_summer_s1_119_p227.png,E:\Data\summer\s2_119\ROIs1868_summer_s2_119_p227.png,False,low_texture,13.57309,28.388418,0.017795,53.517166,45.883987,E:\Data\summer\s1_119\ROIs1868_summer_s1_119_p227.png,E:\Data\summer\s2_119\ROIs1868_summer_s2_119_p227.png
winter,ROIs2017_winter_77_p1039,E:\Data\winter\s1_77\ROIs2017_winter_s1_77_p1039.png,E:\Data\winter\s2_77\ROIs2017_winter_s2_77_p1039.png,False,low_texture,11.155579,20.627689,0.0,32.219498,25.695196,E:\Data\winter\s1_77\ROIs2017_winter_s1_77_p1039.png,E:\Data\winter\s2_77\ROIs2017_winter_s2_77_p1039.png
summer,summer_img_temperate_p2396,E:\Data\summer\s1_160\summer_img_temperate_p2396.png,E:\Data\summer\s2_160\summer_img_temperate_p2396.png,False,low_texture,11.322449,7.266141,0.0,12.239319,9.236495,E:\Data\summer\s1_160\summer_img_temperate_p2396.png,E:\Data\summer\s2_160\summer_img_temperate_p2396.png
spring,ROIs1158_spring_86_p85,E:\Data\spring\s1_86\ROIs1158_spring_s1_86_p85.png,E:\Data\spring\s2_86\ROIs1158_spring_s2_86_p85.png,False,low_texture;water_like,14.171249,17.486381,1.0,46.021713,45.801355,E:\Data\spring\s1_86\ROIs1158_spring_s1_86_p85.png,E:\Data\spring\s2_86\ROIs1158_spring_s2_86_p85.png
summer,summer_img_temperate_p5136,E:\Data\summer\s1_160\summer_img_temperate_p5136.png,E:\Data\summer\s2_160\summer_img_temperate_p5136.png,False,low_texture,16.630585,13.416302,0.0,11.524399,9.286355,E:\Data\summer\s1_160\summer_img_temperate_p5136.png,E:\Data\summer\s2_160\summer_img_temperate_p5136.png
fall,ROIs1970_fall_10_p312,E:\Data\fall\s1_10\ROIs1970_fall_s1_10_p312.png,E:\Data\fall\s2_10\ROIs1970_fall_s2_10_p312.png,False,water_like,35.574677,26.655249,0.990885,51.940216,48.548069,E:\Data\fall\s1_10\ROIs1970_fall_s1_10_p312.png,E:\Data\fall\s2_10\ROIs1970_fall_s2_10_p312.png
fall,ROIs1970_fall_139_p1511,E:\Data\fall\s1_139\ROIs1970_fall_s1_139_p1511.png,E:\Data\fall\s2_139\ROIs1970_fall_s2_139_p1511.png,False,water_like,20.058762,32.438085,0.761719,34.805588,57.799156,E:\Data\fall\s1_139\ROIs1970_fall_s1_139_p1511.png,E:\Data\fall\s2_139\ROIs1970_fall_s2_139_p1511.png
fall,fall_img_tropical_p12261,E:\Data\fall\s1_150\fall_img_tropical_p12261.png,E:\Data\fall\s2_150\fall_img_tropical_p12261.png,False,low_texture,5.267487,5.75757,0.0,14.63089,13.423329,E:\Data\fall\s1_150\fall_img_tropical_p12261.png,E:\Data\fall\s2_150\fall_img_tropical_p12261.png
spring,ROIs1158_spring_83_p393,E:\Data\spring\s1_83\ROIs1158_spring_s1_83_p393.png,E:\Data\spring\s2_83\ROIs1158_spring_s2_83_p393.png,False,water_like,22.900131,51.629202,0.488281,65.872787,47.659895,E:\Data\spring\s1_83\ROIs1158_spring_s1_83_p393.png,E:\Data\spring\s2_83\ROIs1158_spring_s2_83_p393.png
fall,fall_img_temperate_p3682,E:\Data\fall\s1_150\fall_img_temperate_p3682.png,E:\Data\fall\s2_150\fall_img_temperate_p3682.png,False,low_texture,12.422394,12.594809,0.0,6.957947,7.33025,E:\Data\fall\s1_150\fall_img_temperate_p3682.png,E:\Data\fall\s2_150\fall_img_temperate_p3682.png
fall,ROIs1970_fall_109_p1554,E:\Data\fall\s1_109\ROIs1970_fall_s1_109_p1554.png,E:\Data\fall\s2_109\ROIs1970_fall_s2_109_p1554.png,False,water_like,14.583878,41.502532,0.723958,53.912903,50.508678,E:\Data\fall\s1_109\ROIs1970_fall_s1_109_p1554.png,E:\Data\fall\s2_109\ROIs1970_fall_s2_109_p1554.png
spring,ROIs1158_spring_64_p346,E:\Data\spring\s1_64\ROIs1158_spring_s1_64_p346.png,E:\Data\spring\s2_64\ROIs1158_spring_s2_64_p346.png,False,low_texture,10.86058,14.508148,0.0,35.309555,21.690916,E:\Data\spring\s1_64\ROIs1158_spring_s1_64_p346.png,E:\Data\spring\s2_64\ROIs1158_spring_s2_64_p346.png
fall,fall_img_temperate_p1756,E:\Data\fall\s1_150\fall_img_temperate_p1756.png,E:\Data\fall\s2_150\fall_img_temperate_p1756.png,False,low_texture,11.28241,24.450219,0.0,16.157394,12.240871,E:\Data\fall\s1_150\fall_img_temperate_p1756.png,E:\Data\fall\s2_150\fall_img_temperate_p1756.png
fall,ROIs1970_fall_79_p72,E:\Data\fall\s1_79\ROIs1970_fall_s1_79_p72.png,E:\Data\fall\s2_79\ROIs1970_fall_s2_79_p72.png,False,low_texture;water_like,17.181259,16.224714,0.609375,49.326782,50.410478,E:\Data\fall\s1_79\ROIs1970_fall_s1_79_p72.png,E:\Data\fall\s2_79\ROIs1970_fall_s2_79_p72.png
winter,ROIs2017_winter_10_p381,E:\Data\winter\s1_10\ROIs2017_winter_s1_10_p381.png,E:\Data\winter\s2_10\ROIs2017_winter_s2_10_p381.png,False,water_like,33.715195,37.751314,0.52691,47.266357,54.149866,E:\Data\winter\s1_10\ROIs2017_winter_s1_10_p381.png,E:\Data\winter\s2_10\ROIs2017_winter_s2_10_p381.png
fall,ROIs1970_fall_47_p355,E:\Data\fall\s1_47\ROIs1970_fall_s1_47_p355.png,E:\Data\fall\s2_47\ROIs1970_fall_s2_47_p355.png,False,low_texture,3.077042,3.26029,0.000434,31.90509,24.377958,E:\Data\fall\s1_47\ROIs1970_fall_s1_47_p355.png,E:\Data\fall\s2_47\ROIs1970_fall_s2_47_p355.png
fall,ROIs1970_fall_42_p311,E:\Data\fall\s1_42\ROIs1970_fall_s1_42_p311.png,E:\Data\fall\s2_42\ROIs1970_fall_s2_42_p311.png,False,water_like,15.196182,25.791642,0.997396,26.182663,19.562004,E:\Data\fall\s1_42\ROIs1970_fall_s1_42_p311.png,E:\Data\fall\s2_42\ROIs1970_fall_s2_42_p311.png
fall,ROIs1970_fall_109_p1604,E:\Data\fall\s1_109\ROIs1970_fall_s1_109_p1604.png,E:\Data\fall\s2_109\ROIs1970_fall_s2_109_p1604.png,False,low_texture;water_like,9.456131,40.023309,0.694878,53.524551,42.558728,E:\Data\fall\s1_109\ROIs1970_fall_s1_109_p1604.png,E:\Data\fall\s2_109\ROIs1970_fall_s2_109_p1604.png
fall,ROIs1970_fall_141_p837,E:\Data\fall\s1_141\ROIs1970_fall_s1_141_p837.png,E:\Data\fall\s2_141\ROIs1970_fall_s2_141_p837.png,False,low_texture,13.765564,22.170812,0.241753,77.468109,50.211184,E:\Data\fall\s1_141\ROIs1970_fall_s1_141_p837.png,E:\Data\fall\s2_141\ROIs1970_fall_s2_141_p837.png
summer,ROIs1868_summer_132_p285,E:\Data\summer\s1_132\ROIs1868_summer_s1_132_p285.png,E:\Data\summer\s2_132\ROIs1868_summer_s2_132_p285.png,False,low_texture,9.395111,19.406335,0.0,62.398331,44.53471,E:\Data\summer\s1_132\ROIs1868_summer_s1_132_p285.png,E:\Data\summer\s2_132\ROIs1868_summer_s2_132_p285.png
spring,ROIs1158_spring_64_p398,E:\Data\spring\s1_64\ROIs1158_spring_s1_64_p398.png,E:\Data\spring\s2_64\ROIs1158_spring_s2_64_p398.png,False,low_texture,12.866959,15.36138,0.0,34.990265,21.981096,E:\Data\spring\s1_64\ROIs1158_spring_s1_64_p398.png,E:\Data\spring\s2_64\ROIs1158_spring_s2_64_p398.png
spring,ROIs1158_spring_87_p814,E:\Data\spring\s1_87\ROIs1158_spring_s1_87_p814.png,E:\Data\spring\s2_87\ROIs1158_spring_s2_87_p814.png,False,water_like,61.258331,37.388191,0.733507,66.670013,47.202689,E:\Data\spring\s1_87\ROIs1158_spring_s1_87_p814.png,E:\Data\spring\s2_87\ROIs1158_spring_s2_87_p814.png
winter,ROIs2017_winter_56_p1085,E:\Data\winter\s1_56\ROIs2017_winter_s1_56_p1085.png,E:\Data\winter\s2_56\ROIs2017_winter_s2_56_p1085.png,False,water_like,25.609482,27.771815,0.905816,35.36171,29.123918,E:\Data\winter\s1_56\ROIs2017_winter_s1_56_p1085.png,E:\Data\winter\s2_56\ROIs2017_winter_s2_56_p1085.png
winter,ROIs2017_winter_13_p421,E:\Data\winter\s1_13\ROIs2017_winter_s1_13_p421.png,E:\Data\winter\s2_13\ROIs2017_winter_s2_13_p421.png,False,water_like,33.302094,35.48835,0.940104,49.794006,44.275434,E:\Data\winter\s1_13\ROIs2017_winter_s1_13_p421.png,E:\Data\winter\s2_13\ROIs2017_winter_s2_13_p421.png
spring,ROIs1158_spring_49_p1058,E:\Data\spring\s1_49\ROIs1158_spring_s1_49_p1058.png,E:\Data\spring\s2_49\ROIs1158_spring_s2_49_p1058.png,False,low_texture;water_like,3.444305,2.961997,1.0,42.928482,27.082761,E:\Data\spring\s1_49\ROIs1158_spring_s1_49_p1058.png,E:\Data\spring\s2_49\ROIs1158_spring_s2_49_p1058.png
summer,ROIs1868_summer_56_p477,E:\Data\summer\s1_56\ROIs1868_summer_s1_56_p477.png,E:\Data\summer\s2_56\ROIs1868_summer_s2_56_p477.png,False,water_like,31.018127,50.547747,0.719618,53.095169,59.266746,E:\Data\summer\s1_56\ROIs1868_summer_s1_56_p477.png,E:\Data\summer\s2_56\ROIs1868_summer_s2_56_p477.png
winter,ROIs2017_winter_101_p937,E:\Data\winter\s1_101\ROIs2017_winter_s1_101_p937.png,E:\Data\winter\s2_101\ROIs2017_winter_s2_101_p937.png,False,low_texture;water_like,11.746414,41.656758,0.924913,55.25827,38.007678,E:\Data\winter\s1_101\ROIs2017_winter_s1_101_p937.png,E:\Data\winter\s2_101\ROIs2017_winter_s2_101_p937.png
spring,ROIs1158_spring_87_p366,E:\Data\spring\s1_87\ROIs1158_spring_s1_87_p366.png,E:\Data\spring\s2_87\ROIs1158_spring_s2_87_p366.png,False,water_like,56.166733,33.153769,0.917101,66.604706,42.315342,E:\Data\spring\s1_87\ROIs1158_spring_s1_87_p366.png,E:\Data\spring\s2_87\ROIs1158_spring_s2_87_p366.png
summer,ROIs1868_summer_25_p895,E:\Data\summer\s1_25\ROIs1868_summer_s1_25_p895.png,E:\Data\summer\s2_25\ROIs1868_summer_s2_25_p895.png,False,low_texture,10.554581,34.261872,0.0,38.486588,55.532913,E:\Data\summer\s1_25\ROIs1868_summer_s1_25_p895.png,E:\Data\summer\s2_25\ROIs1868_summer_s2_25_p895.png
spring,ROIs1158_spring_25_p878,E:\Data\spring\s1_25\ROIs1158_spring_s1_25_p878.png,E:\Data\spring\s2_25\ROIs1158_spring_s2_25_p878.png,False,water_like,33.479797,53.103358,0.414497,41.662262,44.326449,E:\Data\spring\s1_25\ROIs1158_spring_s1_25_p878.png,E:\Data\spring\s2_25\ROIs1158_spring_s2_25_p878.png
summer,ROIs1868_summer_47_p194,E:\Data\summer\s1_47\ROIs1868_summer_s1_47_p194.png,E:\Data\summer\s2_47\ROIs1868_summer_s2_47_p194.png,False,water_like,14.213394,19.978759,1.0,45.479156,37.879521,E:\Data\summer\s1_47\ROIs1868_summer_s1_47_p194.png,E:\Data\summer\s2_47\ROIs1868_summer_s2_47_p194.png
winter,ROIs2017_winter_140_p1173,E:\Data\winter\s1_140\ROIs2017_winter_s1_140_p1173.png,E:\Data\winter\s2_140\ROIs2017_winter_s2_140_p1173.png,False,water_like,47.79599,61.247588,0.735677,21.127716,18.631904,E:\Data\winter\s1_140\ROIs2017_winter_s1_140_p1173.png,E:\Data\winter\s2_140\ROIs2017_winter_s2_140_p1173.png
winter,ROIs2017_winter_58_p142,E:\Data\winter\s1_58\ROIs2017_winter_s1_58_p142.png,E:\Data\winter\s2_58\ROIs2017_winter_s2_58_p142.png,False,water_like,43.206238,30.04928,0.622396,73.279861,49.68504,E:\Data\winter\s1_58\ROIs2017_winter_s1_58_p142.png,E:\Data\winter\s2_58\ROIs2017_winter_s2_58_p142.png
winter,ROIs2017_winter_66_p110,E:\Data\winter\s1_66\ROIs2017_winter_s1_66_p110.png,E:\Data\winter\s2_66\ROIs2017_winter_s2_66_p110.png,False,low_texture,20.741196,17.009427,0.0,61.18161,40.238547,E:\Data\winter\s1_66\ROIs2017_winter_s1_66_p110.png,E:\Data\winter\s2_66\ROIs2017_winter_s2_66_p110.png
winter,ROIs2017_winter_8_p668,E:\Data\winter\s1_8\ROIs2017_winter_s1_8_p668.png,E:\Data\winter\s2_8\ROIs2017_winter_s2_8_p668.png,False,low_texture;water_like,12.164764,42.028903,0.89974,44.634995,37.868757,E:\Data\winter\s1_8\ROIs2017_winter_s1_8_p668.png,E:\Data\winter\s2_8\ROIs2017_winter_s2_8_p668.png
fall,fall_img_tropical_p7221,E:\Data\fall\s1_150\fall_img_tropical_p7221.png,E:\Data\fall\s2_150\fall_img_tropical_p7221.png,False,low_texture,4.651016,2.199869,0.0,29.223175,12.459925,E:\Data\fall\s1_150\fall_img_tropical_p7221.png,E:\Data\fall\s2_150\fall_img_tropical_p7221.png
spring,ROIs1158_spring_14_p346,E:\Data\spring\s1_14\ROIs1158_spring_s1_14_p346.png,E:\Data\spring\s2_14\ROIs1158_spring_s2_14_p346.png,False,low_texture,4.680954,8.059479,0.0,53.217773,42.7079,E:\Data\spring\s1_14\ROIs1158_spring_s1_14_p346.png,E:\Data\spring\s2_14\ROIs1158_spring_s2_14_p346.png
winter,ROIs2017_winter_93_p861,E:\Data\winter\s1_93\ROIs2017_winter_s1_93_p861.png,E:\Data\winter\s2_93\ROIs2017_winter_s2_93_p861.png,False,water_like,18.701233,73.196625,0.612413,54.304245,56.727613,E:\Data\winter\s1_93\ROIs2017_winter_s1_93_p861.png,E:\Data\winter\s2_93\ROIs2017_winter_s2_93_p861.png
winter,winter_img_tropical_p245,E:\Data\winter\s1_172\winter_img_tropical_p245.png,E:\Data\winter\s2_172\winter_img_tropical_p245.png,False,low_texture,9.343811,17.492071,0.0,23.585526,18.644531,E:\Data\winter\s1_172\winter_img_tropical_p245.png,E:\Data\winter\s2_172\winter_img_tropical_p245.png
winter,winter_img_temperate_p1723,E:\Data\winter\s1_170\winter_img_temperate_p1723.png,E:\Data\winter\s2_170\winter_img_temperate_p1723.png,False,low_texture;sar_low_texture,10.928116,10.061633,0.0,3.13353,2.12974,E:\Data\winter\s1_170\winter_img_temperate_p1723.png,E:\Data\winter\s2_170\winter_img_temperate_p1723.png
fall,fall_img_tropical_p12138,E:\Data\fall\s1_150\fall_img_tropical_p12138.png,E:\Data\fall\s2_150\fall_img_tropical_p12138.png,False,low_texture,8.186523,6.619172,0.0,31.681992,21.508277,E:\Data\fall\s1_150\fall_img_tropical_p12138.png,E:\Data\fall\s2_150\fall_img_tropical_p12138.png
winter,winter_img_temperate_p1117,E:\Data\winter\s1_170\winter_img_temperate_p1117.png,E:\Data\winter\s2_170\winter_img_temperate_p1117.png,False,low_texture,11.97406,11.909794,0.0,14.755585,15.009646,E:\Data\winter\s1_170\winter_img_temperate_p1117.png,E:\Data\winter\s2_170\winter_img_temperate_p1117.png
winter,ROIs2017_winter_69_p301,E:\Data\winter\s1_69\ROIs2017_winter_s1_69_p301.png,E:\Data\winter\s2_69\ROIs2017_winter_s2_69_p301.png,False,low_texture,10.258774,14.972554,0.001302,62.102829,47.267539,E:\Data\winter\s1_69\ROIs2017_winter_s1_69_p301.png,E:\Data\winter\s2_69\ROIs2017_winter_s2_69_p301.png
winter,ROIs2017_winter_37_p507,E:\Data\winter\s1_37\ROIs2017_winter_s1_37_p507.png,E:\Data\winter\s2_37\ROIs2017_winter_s2_37_p507.png,False,low_texture,9.978409,22.237414,0.007812,48.008438,34.238243,E:\Data\winter\s1_37\ROIs2017_winter_s1_37_p507.png,E:\Data\winter\s2_37\ROIs2017_winter_s2_37_p507.png
spring,ROIs1158_spring_14_p390,E:\Data\spring\s1_14\ROIs1158_spring_s1_14_p390.png,E:\Data\spring\s2_14\ROIs1158_spring_s2_14_p390.png,False,low_texture,2.565186,3.329443,0.0,52.730667,32.976114,E:\Data\spring\s1_14\ROIs1158_spring_s1_14_p390.png,E:\Data\spring\s2_14\ROIs1158_spring_s2_14_p390.png
fall,ROIs1970_fall_35_p959,E:\Data\fall\s1_35\ROIs1970_fall_s1_35_p959.png,E:\Data\fall\s2_35\ROIs1970_fall_s2_35_p959.png,False,low_texture;water_like,4.720276,4.798458,0.994358,38.443054,23.627073,E:\Data\fall\s1_35\ROIs1970_fall_s1_35_p959.png,E:\Data\fall\s2_35\ROIs1970_fall_s2_35_p959.png
fall,fall_img_tropical_p9037,E:\Data\fall\s1_150\fall_img_tropical_p9037.png,E:\Data\fall\s2_150\fall_img_tropical_p9037.png,False,low_texture,11.991119,9.070095,0.0,35.463409,15.803138,E:\Data\fall\s1_150\fall_img_tropical_p9037.png,E:\Data\fall\s2_150\fall_img_tropical_p9037.png
summer,summer_img_temperate_p6579,E:\Data\summer\s1_160\summer_img_temperate_p6579.png,E:\Data\summer\s2_160\summer_img_temperate_p6579.png,False,low_texture,19.201035,17.66327,0.0,8.074677,8.155867,E:\Data\summer\s1_160\summer_img_temperate_p6579.png,E:\Data\summer\s2_160\summer_img_temperate_p6579.png
winter,ROIs2017_winter_6_p687,E:\Data\winter\s1_6\ROIs2017_winter_s1_6_p687.png,E:\Data\winter\s2_6\ROIs2017_winter_s2_6_p687.png,False,low_texture,10.94986,29.011789,0.006944,44.76709,32.117656,E:\Data\winter\s1_6\ROIs2017_winter_s1_6_p687.png,E:\Data\winter\s2_6\ROIs2017_winter_s2_6_p687.png
spring,ROIs1158_spring_23_p611,E:\Data\spring\s1_23\ROIs1158_spring_s1_23_p611.png,E:\Data\spring\s2_23\ROIs1158_spring_s2_23_p611.png,False,water_like,24.438644,38.120621,0.890625,40.331238,41.50781,E:\Data\spring\s1_23\ROIs1158_spring_s1_23_p611.png,E:\Data\spring\s2_23\ROIs1158_spring_s2_23_p611.png
winter,winter_img_temperate_p10135,E:\Data\winter\s1_170\winter_img_temperate_p10135.png,E:\Data\winter\s2_170\winter_img_temperate_p10135.png,False,low_texture,18.605316,14.969877,0.0,6.827927,10.402148,E:\Data\winter\s1_170\winter_img_temperate_p10135.png,E:\Data\winter\s2_170\winter_img_temperate_p10135.png
winter,winter_img_temperate_p190,E:\Data\winter\s1_171\winter_img_temperate_p190.png,E:\Data\winter\s2_171\winter_img_temperate_p190.png,False,low_texture,19.652557,10.067266,0.0,12.634323,8.263307,E:\Data\winter\s1_171\winter_img_temperate_p190.png,E:\Data\winter\s2_171\winter_img_temperate_p190.png
winter,ROIs2017_winter_97_p345,E:\Data\winter\s1_97\ROIs2017_winter_s1_97_p345.png,E:\Data\winter\s2_97\ROIs2017_winter_s2_97_p345.png,False,low_texture,13.246262,25.333522,0.0,64.312454,48.882339,E:\Data\winter\s1_97\ROIs2017_winter_s1_97_p345.png,E:\Data\winter\s2_97\ROIs2017_winter_s2_97_p345.png
fall,ROIs1970_fall_129_p1132,E:\Data\fall\s1_129\ROIs1970_fall_s1_129_p1132.png,E:\Data\fall\s2_129\ROIs1970_fall_s2_129_p1132.png,False,water_like,15.851105,28.782469,0.351562,52.519577,45.374607,E:\Data\fall\s1_129\ROIs1970_fall_s1_129_p1132.png,E:\Data\fall\s2_129\ROIs1970_fall_s2_129_p1132.png
spring,ROIs1158_spring_65_p967,E:\Data\spring\s1_65\ROIs1158_spring_s1_65_p967.png,E:\Data\spring\s2_65\ROIs1158_spring_s2_65_p967.png,False,low_texture,5.725815,0.831694,0.0,62.75885,61.1604,E:\Data\spring\s1_65\ROIs1158_spring_s1_65_p967.png,E:\Data\spring\s2_65\ROIs1158_spring_s2_65_p967.png
winter,winter_img_temperate_p4297,E:\Data\winter\s1_170\winter_img_temperate_p4297.png,E:\Data\winter\s2_170\winter_img_temperate_p4297.png,False,low_texture;sar_low_texture,16.956619,8.813071,0.0,3.481659,1.917882,E:\Data\winter\s1_170\winter_img_temperate_p4297.png,E:\Data\winter\s2_170\winter_img_temperate_p4297.png
winter,ROIs2017_winter_67_p97,E:\Data\winter\s1_67\ROIs2017_winter_s1_67_p97.png,E:\Data\winter\s2_67\ROIs2017_winter_s2_67_p97.png,False,low_texture,11.122208,16.331795,0.0,58.080261,51.118906,E:\Data\winter\s1_67\ROIs2017_winter_s1_67_p97.png,E:\Data\winter\s2_67\ROIs2017_winter_s2_67_p97.png
fall,ROIs1970_fall_42_p1155,E:\Data\fall\s1_42\ROIs1970_fall_s1_42_p1155.png,E:\Data\fall\s2_42\ROIs1970_fall_s2_42_p1155.png,False,low_texture;water_like,12.981277,12.654012,1.0,25.582306,20.15131,E:\Data\fall\s1_42\ROIs1970_fall_s1_42_p1155.png,E:\Data\fall\s2_42\ROIs1970_fall_s2_42_p1155.png
fall,ROIs1970_fall_65_p790,E:\Data\fall\s1_65\ROIs1970_fall_s1_65_p790.png,E:\Data\fall\s2_65\ROIs1970_fall_s2_65_p790.png,False,water_like,39.558182,49.376102,0.437066,47.975037,48.538701,E:\Data\fall\s1_65\ROIs1970_fall_s1_65_p790.png,E:\Data\fall\s2_65\ROIs1970_fall_s2_65_p790.png
summer,ROIs1868_summer_45_p37,E:\Data\summer\s1_45\ROIs1868_summer_s1_45_p37.png,E:\Data\summer\s2_45\ROIs1868_summer_s2_45_p37.png,False,water_like,26.978867,35.241701,0.946615,54.420456,40.847574,E:\Data\summer\s1_45\ROIs1868_summer_s1_45_p37.png,E:\Data\summer\s2_45\ROIs1868_summer_s2_45_p37.png
winter,ROIs2017_winter_93_p769,E:\Data\winter\s1_93\ROIs2017_winter_s1_93_p769.png,E:\Data\winter\s2_93\ROIs2017_winter_s2_93_p769.png,False,water_like,19.7341,36.529385,0.688802,59.417023,53.6838,E:\Data\winter\s1_93\ROIs2017_winter_s1_93_p769.png,E:\Data\winter\s2_93\ROIs2017_winter_s2_93_p769.png
fall,ROIs1970_fall_52_p213,E:\Data\fall\s1_52\ROIs1970_fall_s1_52_p213.png,E:\Data\fall\s2_52\ROIs1970_fall_s2_52_p213.png,False,low_texture,10.502258,18.114736,0.0,38.967026,28.287594,E:\Data\fall\s1_52\ROIs1970_fall_s1_52_p213.png,E:\Data\fall\s2_52\ROIs1970_fall_s2_52_p213.png
winter,ROIs2017_winter_34_p877,E:\Data\winter\s1_34\ROIs2017_winter_s1_34_p877.png,E:\Data\winter\s2_34\ROIs2017_winter_s2_34_p877.png,False,low_texture,13.259186,18.853638,0.0,36.608109,26.99473,E:\Data\winter\s1_34\ROIs2017_winter_s1_34_p877.png,E:\Data\winter\s2_34\ROIs2017_winter_s2_34_p877.png
fall,ROIs1970_fall_114_p965,E:\Data\fall\s1_114\ROIs1970_fall_s1_114_p965.png,E:\Data\fall\s2_114\ROIs1970_fall_s2_114_p965.png,False,low_texture,15.404282,17.541312,0.0,44.616257,35.215554,E:\Data\fall\s1_114\ROIs1970_fall_s1_114_p965.png,E:\Data\fall\s2_114\ROIs1970_fall_s2_114_p965.png
fall,ROIs1970_fall_78_p215,E:\Data\fall\s1_78\ROIs1970_fall_s1_78_p215.png,E:\Data\fall\s2_78\ROIs1970_fall_s2_78_p215.png,False,low_texture,13.892334,17.138843,0.0,47.28653,36.778716,E:\Data\fall\s1_78\ROIs1970_fall_s1_78_p215.png,E:\Data\fall\s2_78\ROIs1970_fall_s2_78_p215.png
winter,ROIs2017_winter_102_p191,E:\Data\winter\s1_102\ROIs2017_winter_s1_102_p191.png,E:\Data\winter\s2_102\ROIs2017_winter_s2_102_p191.png,False,low_texture,12.924973,27.649094,0.0,43.172058,30.809288,E:\Data\winter\s1_102\ROIs2017_winter_s1_102_p191.png,E:\Data\winter\s2_102\ROIs2017_winter_s2_102_p191.png
summer,summer_img_temperate_p6728,E:\Data\summer\s1_160\summer_img_temperate_p6728.png,E:\Data\summer\s2_160\summer_img_temperate_p6728.png,False,low_texture,15.745651,16.792107,0.0,7.398529,5.945091,E:\Data\summer\s1_160\summer_img_temperate_p6728.png,E:\Data\summer\s2_160\summer_img_temperate_p6728.png
fall,fall_img_tropical_p8581,E:\Data\fall\s1_150\fall_img_tropical_p8581.png,E:\Data\fall\s2_150\fall_img_tropical_p8581.png,False,low_texture,6.312378,6.725094,0.0,27.135208,15.737288,E:\Data\fall\s1_150\fall_img_tropical_p8581.png,E:\Data\fall\s2_150\fall_img_tropical_p8581.png
summer,summer_img_temperate_p1149,E:\Data\summer\s1_160\summer_img_temperate_p1149.png,E:\Data\summer\s2_160\summer_img_temperate_p1149.png,False,low_texture,14.877121,13.976908,0.0,13.64711,10.167769,E:\Data\summer\s1_160\summer_img_temperate_p1149.png,E:\Data\summer\s2_160\summer_img_temperate_p1149.png
summer,summer_img_temperate_p5436,E:\Data\summer\s1_160\summer_img_temperate_p5436.png,E:\Data\summer\s2_160\summer_img_temperate_p5436.png,False,low_texture,20.678574,15.907955,0.0,9.040298,7.503099,E:\Data\summer\s1_160\summer_img_temperate_p5436.png,E:\Data\summer\s2_160\summer_img_temperate_p5436.png
fall,ROIs1970_fall_83_p714,E:\Data\fall\s1_83\ROIs1970_fall_s1_83_p714.png,E:\Data\fall\s2_83\ROIs1970_fall_s2_83_p714.png,False,water_like,43.266068,41.895849,0.428385,57.364883,40.788901,E:\Data\fall\s1_83\ROIs1970_fall_s1_83_p714.png,E:\Data\fall\s2_83\ROIs1970_fall_s2_83_p714.png
fall,ROIs1970_fall_47_p499,E:\Data\fall\s1_47\ROIs1970_fall_s1_47_p499.png,E:\Data\fall\s2_47\ROIs1970_fall_s2_47_p499.png,False,water_like,50.436584,68.327083,0.427517,38.447372,61.120214,E:\Data\fall\s1_47\ROIs1970_fall_s1_47_p499.png,E:\Data\fall\s2_47\ROIs1970_fall_s2_47_p499.png
summer,ROIs1868_summer_47_p815,E:\Data\summer\s1_47\ROIs1868_summer_s1_47_p815.png,E:\Data\summer\s2_47\ROIs1868_summer_s2_47_p815.png,False,low_texture;water_like,10.619263,6.884502,0.994358,44.4673,30.500702,E:\Data\summer\s1_47\ROIs1868_summer_s1_47_p815.png,E:\Data\summer\s2_47\ROIs1868_summer_s2_47_p815.png
summer,ROIs1868_summer_132_p100,E:\Data\summer\s1_132\ROIs1868_summer_s1_132_p100.png,E:\Data\summer\s2_132\ROIs1868_summer_s2_132_p100.png,False,low_texture,9.380676,11.977136,0.0,62.041397,44.092622,E:\Data\summer\s1_132\ROIs1868_summer_s1_132_p100.png,E:\Data\summer\s2_132\ROIs1868_summer_s2_132_p100.png
fall,ROIs1970_fall_120_p1830,E:\Data\fall\s1_120\ROIs1970_fall_s1_120_p1830.png,E:\Data\fall\s2_120\ROIs1970_fall_s2_120_p1830.png,False,water_like,37.838501,53.035162,0.621094,49.729202,33.430804,E:\Data\fall\s1_120\ROIs1970_fall_s1_120_p1830.png,E:\Data\fall\s2_120\ROIs1970_fall_s2_120_p1830.png
winter,ROIs2017_winter_33_p1303,E:\Data\winter\s1_33\ROIs2017_winter_s1_33_p1303.png,E:\Data\winter\s2_33\ROIs2017_winter_s2_33_p1303.png,False,low_texture,10.03125,92.318136,0.019965,54.425995,60.984834,E:\Data\winter\s1_33\ROIs2017_winter_s1_33_p1303.png,E:\Data\winter\s2_33\ROIs2017_winter_s2_33_p1303.png
